solid OpenSCAD_Model
  facet normal -1 0 0
    outer loop
      vertex 0 5 -6.1
      vertex 0 5 0
      vertex 0 165 0
    endloop
  endfacet
  facet normal 0 0 -1
    outer loop
      vertex 0 5 -6.1
      vertex 0 165 -6.1
      vertex 0.0030458649045215225 4.825502516487495 -6.1
    endloop
  endfacet
  facet normal -1 0 0
    outer loop
      vertex 0 5 -6.1
      vertex 0 165 0
      vertex 0 165 -6.1
    endloop
  endfacet
  facet normal -0.9998476951563912 -0.017452406437284455 0
    outer loop
      vertex 0 5 -6.1
      vertex 0.0030458649045215225 4.825502516487495 -6.1
      vertex 0 5 0
    endloop
  endfacet
  facet normal -0.9998476951563912 -0.017452406437284455 0
    outer loop
      vertex 0 5 0
      vertex 0.0030458649045215225 4.825502516487495 -6.1
      vertex 0.0030458649045215225 4.825502516487495 0
    endloop
  endfacet
  facet normal 0 0 1
    outer loop
      vertex 0 5 0
      vertex 0.0030458649045215225 4.825502516487495 0
      vertex 0 165 0
    endloop
  endfacet
  facet normal -0.9998476951563912 0.017452406437283925 0
    outer loop
      vertex 0 165 -6.1
      vertex 0 165 0
      vertex 0.0030458649045215225 165.1744974835125 0
    endloop
  endfacet
  facet normal 0 0 -1
    outer loop
      vertex 0 165 -6.1
      vertex 0.0030458649045215225 165.1744974835125 -6.1
      vertex 0.0030458649045215225 4.825502516487495 -6.1
    endloop
  endfacet
  facet normal -0.9998476951563912 0.017452406437283925 0
    outer loop
      vertex 0 165 -6.1
      vertex 0.0030458649045215225 165.1744974835125 0
      vertex 0.0030458649045215225 165.1744974835125 -6.1
    endloop
  endfacet
  facet normal 0 0 1
    outer loop
      vertex 0 165 0
      vertex 0.0030458649045215225 4.825502516487495 0
      vertex 0.0030458649045215225 165.1744974835125 0
    endloop
  endfacet
  facet normal 0 0 -1
    outer loop
      vertex 0.0030458649045215225 4.825502516487495 -6.1
      vertex 0.0030458649045215225 165.1744974835125 -6.1
      vertex 0.01217974870087879 4.651217631279374 -6.1
    endloop
  endfacet
  facet normal -0.9986295347545739 -0.05233595624294317 0
    outer loop
      vertex 0.0030458649045215225 4.825502516487495 -6.1
      vertex 0.01217974870087879 4.651217631279374 -6.1
      vertex 0.0030458649045215225 4.825502516487495 0
    endloop
  endfacet
  facet normal -0.9986295347545739 -0.05233595624294317 0
    outer loop
      vertex 0.0030458649045215225 4.825502516487495 0
      vertex 0.01217974870087879 4.651217631279374 -6.1
      vertex 0.01217974870087879 4.651217631279374 0
    endloop
  endfacet
  facet normal 0 0 1
    outer loop
      vertex 0.0030458649045215225 4.825502516487495 0
      vertex 0.01217974870087879 4.651217631279374 0
      vertex 0.0030458649045215225 165.1744974835125 0
    endloop
  endfacet
  facet normal -0.9986295347545739 0.05233595624294237 0
    outer loop
      vertex 0.0030458649045215225 165.1744974835125 -6.1
      vertex 0.0030458649045215225 165.1744974835125 0
      vertex 0.01217974870087879 165.34878236872063 0
    endloop
  endfacet
  facet normal 0 0 -1
    outer loop
      vertex 0.0030458649045215225 165.1744974835125 -6.1
      vertex 0.01217974870087879 165.34878236872063 -6.1
      vertex 0.01217974870087879 4.651217631279374 -6.1
    endloop
  endfacet
  facet normal -0.9986295347545739 0.05233595624294237 0
    outer loop
      vertex 0.0030458649045215225 165.1744974835125 -6.1
      vertex 0.01217974870087879 165.34878236872063 0
      vertex 0.01217974870087879 165.34878236872063 -6.1
    endloop
  endfacet
  facet normal 0 0 1
    outer loop
      vertex 0.0030458649045215225 165.1744974835125 0
      vertex 0.01217974870087879 4.651217631279374 0
      vertex 0.01217974870087879 165.34878236872063 0
    endloop
  endfacet
  facet normal 0 0 -1
    outer loop
      vertex 0.01217974870087879 4.651217631279374 -6.1
      vertex 0.01217974870087879 165.34878236872063 -6.1
      vertex 0.02739052315863333 4.477357683661733 -6.1
    endloop
  endfacet
  facet normal -0.9961946980917455 -0.08715574274765824 0
    outer loop
      vertex 0.01217974870087879 4.651217631279374 -6.1
      vertex 0.02739052315863333 4.477357683661733 -6.1
      vertex 0.01217974870087879 4.651217631279374 0
    endloop
  endfacet
  facet normal -0.9961946980917455 -0.08715574274765824 0
    outer loop
      vertex 0.01217974870087879 4.651217631279374 0
      vertex 0.02739052315863333 4.477357683661733 -6.1
      vertex 0.02739052315863333 4.477357683661733 0
    endloop
  endfacet
  facet normal 0 0 1
    outer loop
      vertex 0.01217974870087879 4.651217631279374 0
      vertex 0.02739052315863333 4.477357683661733 0
      vertex 0.01217974870087879 165.34878236872063 0
    endloop
  endfacet
  facet normal -0.9961946980917455 0.0871557427476569 0
    outer loop
      vertex 0.01217974870087879 165.34878236872063 -6.1
      vertex 0.01217974870087879 165.34878236872063 0
      vertex 0.02739052315863333 165.52264231633828 0
    endloop
  endfacet
  facet normal 0 0 -1
    outer loop
      vertex 0.01217974870087879 165.34878236872063 -6.1
      vertex 0.02739052315863333 165.52264231633828 -6.1
      vertex 0.02739052315863333 4.477357683661733 -6.1
    endloop
  endfacet
  facet normal -0.9961946980917455 0.0871557427476569 0
    outer loop
      vertex 0.01217974870087879 165.34878236872063 -6.1
      vertex 0.02739052315863333 165.52264231633828 0
      vertex 0.02739052315863333 165.52264231633828 -6.1
    endloop
  endfacet
  facet normal 0 0 1
    outer loop
      vertex 0.01217974870087879 165.34878236872063 0
      vertex 0.02739052315863333 4.477357683661733 0
      vertex 0.02739052315863333 165.52264231633828 0
    endloop
  endfacet
  facet normal 0 0 -1
    outer loop
      vertex 0.02739052315863333 4.477357683661733 -6.1
      vertex 0.02739052315863333 165.52264231633828 -6.1
      vertex 0.04865965629214841 4.304134495199673 -6.1
    endloop
  endfacet
  facet normal -0.992546151641322 -0.121869343405147 0
    outer loop
      vertex 0.02739052315863333 4.477357683661733 -6.1
      vertex 0.04865965629214841 4.304134495199673 -6.1
      vertex 0.02739052315863333 4.477357683661733 0
    endloop
  endfacet
  facet normal -0.992546151641322 -0.121869343405147 0
    outer loop
      vertex 0.02739052315863333 4.477357683661733 0
      vertex 0.04865965629214841 4.304134495199673 -6.1
      vertex 0.04865965629214841 4.304134495199673 0
    endloop
  endfacet
  facet normal 0 0 1
    outer loop
      vertex 0.02739052315863333 4.477357683661733 0
      vertex 0.04865965629214841 4.304134495199673 0
      vertex 0.02739052315863333 165.52264231633828 0
    endloop
  endfacet
  facet normal -0.992546151641322 0.121869343405147 0
    outer loop
      vertex 0.02739052315863333 165.52264231633828 -6.1
      vertex 0.02739052315863333 165.52264231633828 0
      vertex 0.04865965629214841 165.69586550480034 0
    endloop
  endfacet
  facet normal 0 0 -1
    outer loop
      vertex 0.02739052315863333 165.52264231633828 -6.1
      vertex 0.04865965629214841 165.69586550480034 -6.1
      vertex 0.04865965629214841 4.304134495199673 -6.1
    endloop
  endfacet
  facet normal -0.992546151641322 0.121869343405147 0
    outer loop
      vertex 0.02739052315863333 165.52264231633828 -6.1
      vertex 0.04865965629214841 165.69586550480034 0
      vertex 0.04865965629214841 165.69586550480034 -6.1
    endloop
  endfacet
  facet normal 0 0 1
    outer loop
      vertex 0.02739052315863333 165.52264231633828 0
      vertex 0.04865965629214841 4.304134495199673 0
      vertex 0.04865965629214841 165.69586550480034 0
    endloop
  endfacet
  facet normal 0 0 -1
    outer loop
      vertex 0.04865965629214841 4.304134495199673 -6.1
      vertex 0.04865965629214841 165.69586550480034 -6.1
      vertex 0.07596123493896023 4.131759111665349 -6.1
    endloop
  endfacet
  facet normal -0.9876883405951371 -0.1564344650402343 0
    outer loop
      vertex 0.04865965629214841 4.304134495199673 -6.1
      vertex 0.07596123493896023 4.131759111665349 -6.1
      vertex 0.04865965629214841 4.304134495199673 0
    endloop
  endfacet
  facet normal -0.9876883405951371 -0.1564344650402343 0
    outer loop
      vertex 0.04865965629214841 4.304134495199673 0
      vertex 0.07596123493896023 4.131759111665349 -6.1
      vertex 0.07596123493896023 4.131759111665349 0
    endloop
  endfacet
  facet normal 0 0 1
    outer loop
      vertex 0.04865965629214841 4.304134495199673 0
      vertex 0.07596123493896023 4.131759111665349 0
      vertex 0.04865965629214841 165.69586550480034 0
    endloop
  endfacet
  facet normal -0.9876883405951341 0.156434465040254 0
    outer loop
      vertex 0.04865965629214841 165.69586550480034 -6.1
      vertex 0.04865965629214841 165.69586550480034 0
      vertex 0.07596123493896023 165.86824088833464 0
    endloop
  endfacet
  facet normal 0 0 -1
    outer loop
      vertex 0.04865965629214841 165.69586550480034 -6.1
      vertex 0.07596123493896023 165.86824088833464 -6.1
      vertex 0.07596123493896023 4.131759111665349 -6.1
    endloop
  endfacet
  facet normal -0.9876883405951341 0.156434465040254 0
    outer loop
      vertex 0.04865965629214841 165.69586550480034 -6.1
      vertex 0.07596123493896023 165.86824088833464 0
      vertex 0.07596123493896023 165.86824088833464 -6.1
    endloop
  endfacet
  facet normal 0 0 1
    outer loop
      vertex 0.04865965629214841 165.69586550480034 0
      vertex 0.07596123493896023 4.131759111665349 0
      vertex 0.07596123493896023 165.86824088833464 0
    endloop
  endfacet
  facet normal 0 0 -1
    outer loop
      vertex 0.07596123493896023 4.131759111665349 -6.1
      vertex 0.07596123493896023 165.86824088833464 -6.1
      vertex 0.10926199633097156 3.9604415459112032 -6.1
    endloop
  endfacet
  facet normal -0.9816271834476648 -0.19080899537653986 0
    outer loop
      vertex 0.07596123493896023 4.131759111665349 -6.1
      vertex 0.10926199633097156 3.9604415459112032 -6.1
      vertex 0.07596123493896023 4.131759111665349 0
    endloop
  endfacet
  facet normal -0.9816271834476648 -0.19080899537653986 0
    outer loop
      vertex 0.07596123493896023 4.131759111665349 0
      vertex 0.10926199633097156 3.9604415459112032 -6.1
      vertex 0.10926199633097156 3.9604415459112032 0
    endloop
  endfacet
  facet normal 0 0 1
    outer loop
      vertex 0.07596123493896023 4.131759111665349 0
      vertex 0.10926199633097156 3.9604415459112032 0
      vertex 0.07596123493896023 165.86824088833464 0
    endloop
  endfacet
  facet normal -0.981627183447666 0.1908089953765337 0
    outer loop
      vertex 0.07596123493896023 165.86824088833464 -6.1
      vertex 0.07596123493896023 165.86824088833464 0
      vertex 0.10926199633097156 166.0395584540888 0
    endloop
  endfacet
  facet normal 0 0 -1
    outer loop
      vertex 0.07596123493896023 165.86824088833464 -6.1
      vertex 0.10926199633097156 166.0395584540888 -6.1
      vertex 0.10926199633097156 3.9604415459112032 -6.1
    endloop
  endfacet
  facet normal -0.981627183447666 0.1908089953765337 0
    outer loop
      vertex 0.07596123493896023 165.86824088833464 -6.1
      vertex 0.10926199633097156 166.0395584540888 0
      vertex 0.10926199633097156 166.0395584540888 -6.1
    endloop
  endfacet
  facet normal 0 0 1
    outer loop
      vertex 0.07596123493896023 165.86824088833464 0
      vertex 0.10926199633097156 3.9604415459112032 0
      vertex 0.10926199633097156 166.0395584540888 0
    endloop
  endfacet
  facet normal 0 0 -1
    outer loop
      vertex 0.10926199633097156 3.9604415459112032 -6.1
      vertex 0.10926199633097156 166.0395584540888 -6.1
      vertex 0.14852136862001775 3.7903905220016614 -6.1
    endloop
  endfacet
  facet normal -0.9743700647852347 -0.22495105434386706 0
    outer loop
      vertex 0.10926199633097156 3.9604415459112032 -6.1
      vertex 0.14852136862001775 3.7903905220016614 -6.1
      vertex 0.10926199633097156 3.9604415459112032 0
    endloop
  endfacet
  facet normal -0.9743700647852347 -0.22495105434386706 0
    outer loop
      vertex 0.10926199633097156 3.9604415459112032 0
      vertex 0.14852136862001775 3.7903905220016614 -6.1
      vertex 0.14852136862001775 3.7903905220016614 0
    endloop
  endfacet
  facet normal 0 0 1
    outer loop
      vertex 0.10926199633097156 3.9604415459112032 0
      vertex 0.14852136862001775 3.7903905220016614 0
      vertex 0.10926199633097156 166.0395584540888 0
    endloop
  endfacet
  facet normal -0.9743700647852334 0.22495105434387377 0
    outer loop
      vertex 0.10926199633097156 166.0395584540888 -6.1
      vertex 0.10926199633097156 166.0395584540888 0
      vertex 0.14852136862001775 166.20960947799833 0
    endloop
  endfacet
  facet normal 0 0 -1
    outer loop
      vertex 0.10926199633097156 166.0395584540888 -6.1
      vertex 0.14852136862001775 166.20960947799833 -6.1
      vertex 0.14852136862001775 3.7903905220016614 -6.1
    endloop
  endfacet
  facet normal -0.9743700647852334 0.22495105434387377 0
    outer loop
      vertex 0.10926199633097156 166.0395584540888 -6.1
      vertex 0.14852136862001775 166.20960947799833 0
      vertex 0.14852136862001775 166.20960947799833 -6.1
    endloop
  endfacet
  facet normal 0 0 1
    outer loop
      vertex 0.10926199633097156 166.0395584540888 0
      vertex 0.14852136862001775 3.7903905220016614 0
      vertex 0.14852136862001775 166.20960947799833 0
    endloop
  endfacet
  facet normal 0 0 -1
    outer loop
      vertex 0.14852136862001775 3.7903905220016614 -6.1
      vertex 0.14852136862001775 166.20960947799833 -6.1
      vertex 0.19369152030840553 3.621813220915004 -6.1
    endloop
  endfacet
  facet normal -0.9659258262890686 -0.2588190451025193 0
    outer loop
      vertex 0.14852136862001775 3.7903905220016614 -6.1
      vertex 0.19369152030840553 3.621813220915004 -6.1
      vertex 0.14852136862001775 3.7903905220016614 0
    endloop
  endfacet
  facet normal -0.9659258262890686 -0.2588190451025193 0
    outer loop
      vertex 0.14852136862001775 3.7903905220016614 0
      vertex 0.19369152030840553 3.621813220915004 -6.1
      vertex 0.19369152030840553 3.621813220915004 0
    endloop
  endfacet
  facet normal 0 0 1
    outer loop
      vertex 0.14852136862001775 3.7903905220016614 0
      vertex 0.19369152030840553 3.621813220915004 0
      vertex 0.14852136862001775 166.20960947799833 0
    endloop
  endfacet
  facet normal -0.9659258262890685 0.2588190451025199 0
    outer loop
      vertex 0.14852136862001775 166.20960947799833 -6.1
      vertex 0.14852136862001775 166.20960947799833 0
      vertex 0.19369152030840553 166.37818677908498 0
    endloop
  endfacet
  facet normal 0 0 -1
    outer loop
      vertex 0.14852136862001775 166.20960947799833 -6.1
      vertex 0.19369152030840553 166.37818677908498 -6.1
      vertex 0.19369152030840553 3.621813220915004 -6.1
    endloop
  endfacet
  facet normal -0.9659258262890685 0.2588190451025199 0
    outer loop
      vertex 0.14852136862001775 166.20960947799833 -6.1
      vertex 0.19369152030840553 166.37818677908498 0
      vertex 0.19369152030840553 166.37818677908498 -6.1
    endloop
  endfacet
  facet normal 0 0 1
    outer loop
      vertex 0.14852136862001775 166.20960947799833 0
      vertex 0.19369152030840553 3.621813220915004 0
      vertex 0.19369152030840553 166.37818677908498 0
    endloop
  endfacet
  facet normal 0 0 -1
    outer loop
      vertex 0.19369152030840553 3.621813220915004 -6.1
      vertex 0.19369152030840553 166.37818677908498 -6.1
      vertex 0.24471741852423268 3.4549150281252627 -6.1
    endloop
  endfacet
  facet normal -0.9563047559630343 -0.2923717047227402 0
    outer loop
      vertex 0.19369152030840553 3.621813220915004 -6.1
      vertex 0.24471741852423268 3.4549150281252627 -6.1
      vertex 0.19369152030840553 3.621813220915004 0
    endloop
  endfacet
  facet normal -0.9563047559630343 -0.2923717047227402 0
    outer loop
      vertex 0.19369152030840553 3.621813220915004 0
      vertex 0.24471741852423268 3.4549150281252627 -6.1
      vertex 0.24471741852423268 3.4549150281252627 0
    endloop
  endfacet
  facet normal 0 0 1
    outer loop
      vertex 0.19369152030840553 3.621813220915004 0
      vertex 0.24471741852423268 3.4549150281252627 0
      vertex 0.19369152030840553 166.37818677908498 0
    endloop
  endfacet
  facet normal -0.9563047559630361 0.29237170472273455 0
    outer loop
      vertex 0.19369152030840553 166.37818677908498 -6.1
      vertex 0.19369152030840553 166.37818677908498 0
      vertex 0.24471741852423268 166.54508497187473 0
    endloop
  endfacet
  facet normal 0 0 -1
    outer loop
      vertex 0.19369152030840553 166.37818677908498 -6.1
      vertex 0.24471741852423268 166.54508497187473 -6.1
      vertex 0.24471741852423268 3.4549150281252627 -6.1
    endloop
  endfacet
  facet normal -0.9563047559630361 0.29237170472273455 0
    outer loop
      vertex 0.19369152030840553 166.37818677908498 -6.1
      vertex 0.24471741852423268 166.54508497187473 0
      vertex 0.24471741852423268 166.54508497187473 -6.1
    endloop
  endfacet
  facet normal 0 0 1
    outer loop
      vertex 0.19369152030840553 166.37818677908498 0
      vertex 0.24471741852423268 3.4549150281252627 0
      vertex 0.24471741852423268 166.54508497187473 0
    endloop
  endfacet
  facet normal 0 0 -1
    outer loop
      vertex 0.24471741852423268 3.4549150281252627 -6.1
      vertex 0.24471741852423268 166.54508497187473 -6.1
      vertex 0.3015368960704574 3.2898992833716565 -6.1
    endloop
  endfacet
  facet normal -0.9455185755993187 -0.32556815445715104 0
    outer loop
      vertex 0.24471741852423268 3.4549150281252627 -6.1
      vertex 0.3015368960704574 3.2898992833716565 -6.1
      vertex 0.24471741852423268 3.4549150281252627 0
    endloop
  endfacet
  facet normal -0.9455185755993187 -0.32556815445715104 0
    outer loop
      vertex 0.24471741852423268 3.4549150281252627 0
      vertex 0.3015368960704574 3.2898992833716565 -6.1
      vertex 0.3015368960704574 3.2898992833716565 0
    endloop
  endfacet
  facet normal 0 0 1
    outer loop
      vertex 0.24471741852423268 3.4549150281252627 0
      vertex 0.3015368960704574 3.2898992833716565 0
      vertex 0.24471741852423268 166.54508497187473 0
    endloop
  endfacet
  facet normal -0.9455185755993255 0.3255681544571315 0
    outer loop
      vertex 0.24471741852423268 166.54508497187473 -6.1
      vertex 0.24471741852423268 166.54508497187473 0
      vertex 0.3015368960704574 166.71010071662835 0
    endloop
  endfacet
  facet normal 0 0 -1
    outer loop
      vertex 0.24471741852423268 166.54508497187473 -6.1
      vertex 0.3015368960704574 166.71010071662835 -6.1
      vertex 0.3015368960704574 3.2898992833716565 -6.1
    endloop
  endfacet
  facet normal -0.9455185755993255 0.3255681544571315 0
    outer loop
      vertex 0.24471741852423268 166.54508497187473 -6.1
      vertex 0.3015368960704574 166.71010071662835 0
      vertex 0.3015368960704574 166.71010071662835 -6.1
    endloop
  endfacet
  facet normal 0 0 1
    outer loop
      vertex 0.24471741852423268 166.54508497187473 0
      vertex 0.3015368960704574 3.2898992833716565 0
      vertex 0.3015368960704574 166.71010071662835 0
    endloop
  endfacet
  facet normal 0 0 -1
    outer loop
      vertex 0.3015368960704574 3.2898992833716565 -6.1
      vertex 0.3015368960704574 166.71010071662835 -6.1
      vertex 0.3640807271660629 3.12696703292044 -6.1
    endloop
  endfacet
  facet normal -0.9335804264972005 -0.35836794954530343 0
    outer loop
      vertex 0.3015368960704574 3.2898992833716565 -6.1
      vertex 0.3640807271660629 3.12696703292044 -6.1
      vertex 0.3015368960704574 3.2898992833716565 0
    endloop
  endfacet
  facet normal -0.9335804264972005 -0.35836794954530343 0
    outer loop
      vertex 0.3015368960704574 3.2898992833716565 0
      vertex 0.3640807271660629 3.12696703292044 -6.1
      vertex 0.3640807271660629 3.12696703292044 0
    endloop
  endfacet
  facet normal 0 0 1
    outer loop
      vertex 0.3015368960704574 3.2898992833716565 0
      vertex 0.3640807271660629 3.12696703292044 0
      vertex 0.3015368960704574 166.71010071662835 0
    endloop
  endfacet
  facet normal -0.9335804264971931 0.35836794954532303 0
    outer loop
      vertex 0.3015368960704574 166.71010071662835 -6.1
      vertex 0.3015368960704574 166.71010071662835 0
      vertex 0.3640807271660629 166.87303296707955 0
    endloop
  endfacet
  facet normal 0 0 -1
    outer loop
      vertex 0.3015368960704574 166.71010071662835 -6.1
      vertex 0.3640807271660629 166.87303296707955 -6.1
      vertex 0.3640807271660629 3.12696703292044 -6.1
    endloop
  endfacet
  facet normal -0.9335804264971931 0.35836794954532303 0
    outer loop
      vertex 0.3015368960704574 166.71010071662835 -6.1
      vertex 0.3640807271660629 166.87303296707955 0
      vertex 0.3640807271660629 166.87303296707955 -6.1
    endloop
  endfacet
  facet normal 0 0 1
    outer loop
      vertex 0.3015368960704574 166.71010071662835 0
      vertex 0.3640807271660629 3.12696703292044 0
      vertex 0.3640807271660629 166.87303296707955 0
    endloop
  endfacet
  facet normal 0 0 -1
    outer loop
      vertex 0.3640807271660629 3.12696703292044 -6.1
      vertex 0.3640807271660629 166.87303296707955 -6.1
      vertex 0.4322727117869958 2.966316784620999 -6.1
    endloop
  endfacet
  facet normal -0.9205048534524399 -0.3907311284892744 0
    outer loop
      vertex 0.3640807271660629 3.12696703292044 -6.1
      vertex 0.4322727117869958 2.966316784620999 -6.1
      vertex 0.3640807271660629 3.12696703292044 0
    endloop
  endfacet
  facet normal -0.9205048534524399 -0.3907311284892744 0
    outer loop
      vertex 0.3640807271660629 3.12696703292044 0
      vertex 0.4322727117869958 2.966316784620999 -6.1
      vertex 0.4322727117869958 2.966316784620999 0
    endloop
  endfacet
  facet normal 0 0 1
    outer loop
      vertex 0.3640807271660629 3.12696703292044 0
      vertex 0.4322727117869958 2.966316784620999 0
      vertex 0.3640807271660629 166.87303296707955 0
    endloop
  endfacet
  facet normal -0.920504853452445 0.3907311284892625 0
    outer loop
      vertex 0.3640807271660629 166.87303296707955 -6.1
      vertex 0.3640807271660629 166.87303296707955 0
      vertex 0.4322727117869958 167.033683215379 0
    endloop
  endfacet
  facet normal 0 0 -1
    outer loop
      vertex 0.3640807271660629 166.87303296707955 -6.1
      vertex 0.4322727117869958 167.033683215379 -6.1
      vertex 0.4322727117869958 2.966316784620999 -6.1
    endloop
  endfacet
  facet normal -0.920504853452445 0.3907311284892625 0
    outer loop
      vertex 0.3640807271660629 166.87303296707955 -6.1
      vertex 0.4322727117869958 167.033683215379 0
      vertex 0.4322727117869958 167.033683215379 -6.1
    endloop
  endfacet
  facet normal 0 0 1
    outer loop
      vertex 0.3640807271660629 166.87303296707955 0
      vertex 0.4322727117869958 2.966316784620999 0
      vertex 0.4322727117869958 167.033683215379 0
    endloop
  endfacet
  facet normal 0 0 -1
    outer loop
      vertex 0.4322727117869958 2.966316784620999 -6.1
      vertex 0.4322727117869958 167.033683215379 -6.1
      vertex 0.506029768504165 2.808144266054613 -6.1
    endloop
  endfacet
  facet normal -0.9063077870366503 -0.4226182617406987 0
    outer loop
      vertex 0.4322727117869958 2.966316784620999 -6.1
      vertex 0.506029768504165 2.808144266054613 -6.1
      vertex 0.4322727117869958 2.966316784620999 0
    endloop
  endfacet
  facet normal -0.9063077870366503 -0.4226182617406987 0
    outer loop
      vertex 0.4322727117869958 2.966316784620999 0
      vertex 0.506029768504165 2.808144266054613 -6.1
      vertex 0.506029768504165 2.808144266054613 0
    endloop
  endfacet
  facet normal 0 0 1
    outer loop
      vertex 0.4322727117869958 2.966316784620999 0
      vertex 0.506029768504165 2.808144266054613 0
      vertex 0.4322727117869958 167.033683215379 0
    endloop
  endfacet
  facet normal -0.9063077870366385 0.42261826174072414 0
    outer loop
      vertex 0.4322727117869958 167.033683215379 -6.1
      vertex 0.4322727117869958 167.033683215379 0
      vertex 0.506029768504165 167.19185573394537 0
    endloop
  endfacet
  facet normal 0 0 -1
    outer loop
      vertex 0.4322727117869958 167.033683215379 -6.1
      vertex 0.506029768504165 167.19185573394537 -6.1
      vertex 0.506029768504165 2.808144266054613 -6.1
    endloop
  endfacet
  facet normal -0.9063077870366385 0.42261826174072414 0
    outer loop
      vertex 0.4322727117869958 167.033683215379 -6.1
      vertex 0.506029768504165 167.19185573394537 0
      vertex 0.506029768504165 167.19185573394537 -6.1
    endloop
  endfacet
  facet normal 0 0 1
    outer loop
      vertex 0.4322727117869958 167.033683215379 0
      vertex 0.506029768504165 2.808144266054613 0
      vertex 0.506029768504165 167.19185573394537 0
    endloop
  endfacet
  facet normal 0 0 -1
    outer loop
      vertex 0.506029768504165 2.808144266054613 -6.1
      vertex 0.506029768504165 167.19185573394537 -6.1
      vertex 0.5852620357053651 2.652642186070546 -6.1
    endloop
  endfacet
  facet normal -0.8910065241883689 -0.45399049973954486 0
    outer loop
      vertex 0.506029768504165 2.808144266054613 -6.1
      vertex 0.5852620357053651 2.652642186070546 -6.1
      vertex 0.506029768504165 2.808144266054613 0
    endloop
  endfacet
  facet normal -0.8910065241883689 -0.45399049973954486 0
    outer loop
      vertex 0.506029768504165 2.808144266054613 0
      vertex 0.5852620357053651 2.652642186070546 -6.1
      vertex 0.5852620357053651 2.652642186070546 0
    endloop
  endfacet
  facet normal 0 0 1
    outer loop
      vertex 0.506029768504165 2.808144266054613 0
      vertex 0.5852620357053651 2.652642186070546 0
      vertex 0.506029768504165 167.19185573394537 0
    endloop
  endfacet
  facet normal -0.8910065241883778 0.4539904997395274 0
    outer loop
      vertex 0.506029768504165 167.19185573394537 -6.1
      vertex 0.506029768504165 167.19185573394537 0
      vertex 0.5852620357053651 167.34735781392945 0
    endloop
  endfacet
  facet normal 0 0 -1
    outer loop
      vertex 0.506029768504165 167.19185573394537 -6.1
      vertex 0.5852620357053651 167.34735781392945 -6.1
      vertex 0.5852620357053651 2.652642186070546 -6.1
    endloop
  endfacet
  facet normal -0.8910065241883778 0.4539904997395274 0
    outer loop
      vertex 0.506029768504165 167.19185573394537 -6.1
      vertex 0.5852620357053651 167.34735781392945 0
      vertex 0.5852620357053651 167.34735781392945 -6.1
    endloop
  endfacet
  facet normal 0 0 1
    outer loop
      vertex 0.506029768504165 167.19185573394537 0
      vertex 0.5852620357053651 2.652642186070546 0
      vertex 0.5852620357053651 167.34735781392945 0
    endloop
  endfacet
  facet normal 0 0 -1
    outer loop
      vertex 0.5852620357053651 2.652642186070546 -6.1
      vertex 0.5852620357053651 167.34735781392945 -6.1
      vertex 0.6698729810778072 2.5 -6.1
    endloop
  endfacet
  facet normal -0.8746197071393937 -0.48480962024634094 0
    outer loop
      vertex 0.5852620357053651 2.652642186070546 -6.1
      vertex 0.6698729810778072 2.5 -6.1
      vertex 0.5852620357053651 2.652642186070546 0
    endloop
  endfacet
  facet normal -0.8746197071393937 -0.48480962024634094 0
    outer loop
      vertex 0.5852620357053651 2.652642186070546 0
      vertex 0.6698729810778072 2.5 -6.1
      vertex 0.6698729810778072 2.5 0
    endloop
  endfacet
  facet normal 0 0 1
    outer loop
      vertex 0.5852620357053651 2.652642186070546 0
      vertex 0.6698729810778072 2.5 0
      vertex 0.5852620357053651 167.34735781392945 0
    endloop
  endfacet
  facet normal -0.8746197071394007 0.4848096202463279 0
    outer loop
      vertex 0.5852620357053651 167.34735781392945 -6.1
      vertex 0.5852620357053651 167.34735781392945 0
      vertex 0.6698729810778072 167.5 0
    endloop
  endfacet
  facet normal 0 0 -1
    outer loop
      vertex 0.5852620357053651 167.34735781392945 -6.1
      vertex 0.6698729810778072 167.5 -6.1
      vertex 0.6698729810778072 2.5 -6.1
    endloop
  endfacet
  facet normal -0.8746197071394007 0.4848096202463279 0
    outer loop
      vertex 0.5852620357053651 167.34735781392945 -6.1
      vertex 0.6698729810778072 167.5 0
      vertex 0.6698729810778072 167.5 -6.1
    endloop
  endfacet
  facet normal 0 0 1
    outer loop
      vertex 0.5852620357053651 167.34735781392945 0
      vertex 0.6698729810778072 2.5 0
      vertex 0.6698729810778072 167.5 0
    endloop
  endfacet
  facet normal 0 0 -1
    outer loop
      vertex 0.6698729810778072 2.5 -6.1
      vertex 0.6698729810778072 167.5 -6.1
      vertex 0.7597595192178703 2.3504036788339757 -6.1
    endloop
  endfacet
  facet normal -0.8571673007021122 -0.5150380749100542 0
    outer loop
      vertex 0.6698729810778072 2.5 -6.1
      vertex 0.7597595192178703 2.3504036788339757 -6.1
      vertex 0.6698729810778072 2.5 0
    endloop
  endfacet
  facet normal -0.8571673007021122 -0.5150380749100542 0
    outer loop
      vertex 0.6698729810778072 2.5 0
      vertex 0.7597595192178703 2.3504036788339757 -6.1
      vertex 0.7597595192178703 2.3504036788339757 0
    endloop
  endfacet
  facet normal 0 0 1
    outer loop
      vertex 0.6698729810778072 2.5 0
      vertex 0.7597595192178703 2.3504036788339757 0
      vertex 0.6698729810778072 167.5 0
    endloop
  endfacet
  facet normal -0.8571673007021204 0.5150380749100407 0
    outer loop
      vertex 0.6698729810778072 167.5 -6.1
      vertex 0.6698729810778072 167.5 0
      vertex 0.7597595192178703 167.64959632116603 0
    endloop
  endfacet
  facet normal 0 0 -1
    outer loop
      vertex 0.6698729810778072 167.5 -6.1
      vertex 0.7597595192178703 167.64959632116603 -6.1
      vertex 0.7597595192178703 2.3504036788339757 -6.1
    endloop
  endfacet
  facet normal -0.8571673007021204 0.5150380749100407 0
    outer loop
      vertex 0.6698729810778072 167.5 -6.1
      vertex 0.7597595192178703 167.64959632116603 0
      vertex 0.7597595192178703 167.64959632116603 -6.1
    endloop
  endfacet
  facet normal 0 0 1
    outer loop
      vertex 0.6698729810778072 167.5 0
      vertex 0.7597595192178703 2.3504036788339757 0
      vertex 0.7597595192178703 167.64959632116603 0
    endloop
  endfacet
  facet normal 0 0 -1
    outer loop
      vertex 0.7597595192178703 2.3504036788339757 -6.1
      vertex 0.7597595192178703 167.64959632116603 -6.1
      vertex 0.8548121372247923 2.2040354826462654 -6.1
    endloop
  endfacet
  facet normal -0.838670567945424 -0.544639035015027 0
    outer loop
      vertex 0.7597595192178703 2.3504036788339757 -6.1
      vertex 0.8548121372247923 2.2040354826462654 -6.1
      vertex 0.7597595192178703 2.3504036788339757 0
    endloop
  endfacet
  facet normal -0.838670567945424 -0.544639035015027 0
    outer loop
      vertex 0.7597595192178703 2.3504036788339757 0
      vertex 0.8548121372247923 2.2040354826462654 -6.1
      vertex 0.8548121372247923 2.2040354826462654 0
    endloop
  endfacet
  facet normal 0 0 1
    outer loop
      vertex 0.7597595192178703 2.3504036788339757 0
      vertex 0.8548121372247923 2.2040354826462654 0
      vertex 0.7597595192178703 167.64959632116603 0
    endloop
  endfacet
  facet normal -0.8386705679453968 0.5446390350150687 0
    outer loop
      vertex 0.7597595192178703 167.64959632116603 -6.1
      vertex 0.7597595192178703 167.64959632116603 0
      vertex 0.8548121372247923 167.79596451735372 0
    endloop
  endfacet
  facet normal 0 0 -1
    outer loop
      vertex 0.7597595192178703 167.64959632116603 -6.1
      vertex 0.8548121372247923 167.79596451735372 -6.1
      vertex 0.8548121372247923 2.2040354826462654 -6.1
    endloop
  endfacet
  facet normal -0.8386705679453968 0.5446390350150687 0
    outer loop
      vertex 0.7597595192178703 167.64959632116603 -6.1
      vertex 0.8548121372247923 167.79596451735372 0
      vertex 0.8548121372247923 167.79596451735372 -6.1
    endloop
  endfacet
  facet normal 0 0 1
    outer loop
      vertex 0.7597595192178703 167.64959632116603 0
      vertex 0.8548121372247923 2.2040354826462654 0
      vertex 0.8548121372247923 167.79596451735372 0
    endloop
  endfacet
  facet normal 0 0 -1
    outer loop
      vertex 0.8548121372247923 2.2040354826462654 -6.1
      vertex 0.8548121372247923 167.79596451735372 -6.1
      vertex 0.9549150281252627 2.061073738537634 -6.1
    endloop
  endfacet
  facet normal -0.8191520442889939 -0.5735764363510432 0
    outer loop
      vertex 0.8548121372247923 2.2040354826462654 -6.1
      vertex 0.9549150281252627 2.061073738537634 -6.1
      vertex 0.8548121372247923 2.2040354826462654 0
    endloop
  endfacet
  facet normal -0.8191520442889939 -0.5735764363510432 0
    outer loop
      vertex 0.8548121372247923 2.2040354826462654 0
      vertex 0.9549150281252627 2.061073738537634 -6.1
      vertex 0.9549150281252627 2.061073738537634 0
    endloop
  endfacet
  facet normal 0 0 1
    outer loop
      vertex 0.8548121372247923 2.2040354826462654 0
      vertex 0.9549150281252627 2.061073738537634 0
      vertex 0.8548121372247923 167.79596451735372 0
    endloop
  endfacet
  facet normal -0.8191520442890223 0.5735764363510025 0
    outer loop
      vertex 0.8548121372247923 167.79596451735372 -6.1
      vertex 0.8548121372247923 167.79596451735372 0
      vertex 0.9549150281252627 167.93892626146237 0
    endloop
  endfacet
  facet normal 0 0 -1
    outer loop
      vertex 0.8548121372247923 167.79596451735372 -6.1
      vertex 0.9549150281252627 167.93892626146237 -6.1
      vertex 0.9549150281252627 2.061073738537634 -6.1
    endloop
  endfacet
  facet normal -0.8191520442890223 0.5735764363510025 0
    outer loop
      vertex 0.8548121372247923 167.79596451735372 -6.1
      vertex 0.9549150281252627 167.93892626146237 0
      vertex 0.9549150281252627 167.93892626146237 -6.1
    endloop
  endfacet
  facet normal 0 0 1
    outer loop
      vertex 0.8548121372247923 167.79596451735372 0
      vertex 0.9549150281252627 2.061073738537634 0
      vertex 0.9549150281252627 167.93892626146237 0
    endloop
  endfacet
  facet normal 0 0 -1
    outer loop
      vertex 0.9549150281252627 2.061073738537634 -6.1
      vertex 0.9549150281252627 167.93892626146237 -6.1
      vertex 1.0599462319663906 1.9216926233717087 -6.1
    endloop
  endfacet
  facet normal -0.7986355100472908 -0.601815023152051 0
    outer loop
      vertex 0.9549150281252627 2.061073738537634 -6.1
      vertex 1.0599462319663906 1.9216926233717087 -6.1
      vertex 0.9549150281252627 2.061073738537634 0
    endloop
  endfacet
  facet normal -0.7986355100472908 -0.601815023152051 0
    outer loop
      vertex 0.9549150281252627 2.061073738537634 0
      vertex 1.0599462319663906 1.9216926233717087 -6.1
      vertex 1.0599462319663906 1.9216926233717087 0
    endloop
  endfacet
  facet normal 0 0 1
    outer loop
      vertex 0.9549150281252627 2.061073738537634 0
      vertex 1.0599462319663906 1.9216926233717087 0
      vertex 0.9549150281252627 167.93892626146237 0
    endloop
  endfacet
  facet normal -0.7986355100472752 0.6018150231520719 0
    outer loop
      vertex 0.9549150281252627 167.93892626146237 -6.1
      vertex 0.9549150281252627 167.93892626146237 0
      vertex 1.0599462319663906 168.0783073766283 0
    endloop
  endfacet
  facet normal 0 0 -1
    outer loop
      vertex 0.9549150281252627 167.93892626146237 -6.1
      vertex 1.0599462319663906 168.0783073766283 -6.1
      vertex 1.0599462319663906 1.9216926233717087 -6.1
    endloop
  endfacet
  facet normal -0.7986355100472752 0.6018150231520719 0
    outer loop
      vertex 0.9549150281252627 167.93892626146237 -6.1
      vertex 1.0599462319663906 168.0783073766283 0
      vertex 1.0599462319663906 168.0783073766283 -6.1
    endloop
  endfacet
  facet normal 0 0 1
    outer loop
      vertex 0.9549150281252627 167.93892626146237 0
      vertex 1.0599462319663906 1.9216926233717087 0
      vertex 1.0599462319663906 168.0783073766283 0
    endloop
  endfacet
  facet normal 0 0 -1
    outer loop
      vertex 1.0599462319663906 1.9216926233717087 -6.1
      vertex 1.0599462319663906 168.0783073766283 -6.1
      vertex 1.16977778440511 1.7860619515673037 -6.1
    endloop
  endfacet
  facet normal -0.7771459614569706 -0.6293203910498378 0
    outer loop
      vertex 1.0599462319663906 1.9216926233717087 -6.1
      vertex 1.16977778440511 1.7860619515673037 -6.1
      vertex 1.0599462319663906 1.9216926233717087 0
    endloop
  endfacet
  facet normal -0.7771459614569706 -0.6293203910498378 0
    outer loop
      vertex 1.0599462319663906 1.9216926233717087 0
      vertex 1.16977778440511 1.7860619515673037 -6.1
      vertex 1.16977778440511 1.7860619515673037 0
    endloop
  endfacet
  facet normal 0 0 1
    outer loop
      vertex 1.0599462319663906 1.9216926233717087 0
      vertex 1.16977778440511 1.7860619515673037 0
      vertex 1.0599462319663906 168.0783073766283 0
    endloop
  endfacet
  facet normal -0.7771459614570068 0.629320391049793 0
    outer loop
      vertex 1.0599462319663906 168.0783073766283 -6.1
      vertex 1.0599462319663906 168.0783073766283 0
      vertex 1.16977778440511 168.2139380484327 0
    endloop
  endfacet
  facet normal 0 0 -1
    outer loop
      vertex 1.0599462319663906 168.0783073766283 -6.1
      vertex 1.16977778440511 168.2139380484327 -6.1
      vertex 1.16977778440511 1.7860619515673037 -6.1
    endloop
  endfacet
  facet normal -0.7771459614570068 0.629320391049793 0
    outer loop
      vertex 1.0599462319663906 168.0783073766283 -6.1
      vertex 1.16977778440511 168.2139380484327 0
      vertex 1.16977778440511 168.2139380484327 -6.1
    endloop
  endfacet
  facet normal 0 0 1
    outer loop
      vertex 1.0599462319663906 168.0783073766283 0
      vertex 1.16977778440511 1.7860619515673037 0
      vertex 1.16977778440511 168.2139380484327 0
    endloop
  endfacet
  facet normal 0 0 -1
    outer loop
      vertex 1.16977778440511 1.7860619515673037 -6.1
      vertex 1.16977778440511 168.2139380484327 -6.1
      vertex 1.284275872613029 1.6543469682057088 -6.1
    endloop
  endfacet
  facet normal -0.7547095802227733 -0.6560590289905057 0
    outer loop
      vertex 1.16977778440511 1.7860619515673037 -6.1
      vertex 1.284275872613029 1.6543469682057088 -6.1
      vertex 1.16977778440511 1.7860619515673037 0
    endloop
  endfacet
  facet normal -0.7547095802227733 -0.6560590289905057 0
    outer loop
      vertex 1.16977778440511 1.7860619515673037 0
      vertex 1.284275872613029 1.6543469682057088 -6.1
      vertex 1.284275872613029 1.6543469682057088 0
    endloop
  endfacet
  facet normal 0 0 1
    outer loop
      vertex 1.16977778440511 1.7860619515673037 0
      vertex 1.284275872613029 1.6543469682057088 0
      vertex 1.16977778440511 168.2139380484327 0
    endloop
  endfacet
  facet normal -0.7547095802227262 0.6560590289905599 0
    outer loop
      vertex 1.16977778440511 168.2139380484327 -6.1
      vertex 1.16977778440511 168.2139380484327 0
      vertex 1.284275872613029 168.34565303179428 0
    endloop
  endfacet
  facet normal 0 0 -1
    outer loop
      vertex 1.16977778440511 168.2139380484327 -6.1
      vertex 1.284275872613029 168.34565303179428 -6.1
      vertex 1.284275872613029 1.6543469682057088 -6.1
    endloop
  endfacet
  facet normal -0.7547095802227262 0.6560590289905599 0
    outer loop
      vertex 1.16977778440511 168.2139380484327 -6.1
      vertex 1.284275872613029 168.34565303179428 0
      vertex 1.284275872613029 168.34565303179428 -6.1
    endloop
  endfacet
  facet normal 0 0 1
    outer loop
      vertex 1.16977778440511 168.2139380484327 0
      vertex 1.284275872613029 1.6543469682057088 0
      vertex 1.284275872613029 168.34565303179428 0
    endloop
  endfacet
  facet normal 0 0 -1
    outer loop
      vertex 1.284275872613029 1.6543469682057088 -6.1
      vertex 1.284275872613029 168.34565303179428 -6.1
      vertex 1.4033009983067442 1.5267081477050137 -6.1
    endloop
  endfacet
  facet normal -0.7313537016191707 -0.6819983600624983 0
    outer loop
      vertex 1.284275872613029 1.6543469682057088 -6.1
      vertex 1.4033009983067442 1.5267081477050137 -6.1
      vertex 1.284275872613029 1.6543469682057088 0
    endloop
  endfacet
  facet normal -0.7313537016191707 -0.6819983600624983 0
    outer loop
      vertex 1.284275872613029 1.6543469682057088 0
      vertex 1.4033009983067442 1.5267081477050137 -6.1
      vertex 1.4033009983067442 1.5267081477050137 0
    endloop
  endfacet
  facet normal 0 0 1
    outer loop
      vertex 1.284275872613029 1.6543469682057088 0
      vertex 1.4033009983067442 1.5267081477050137 0
      vertex 1.284275872613029 168.34565303179428 0
    endloop
  endfacet
  facet normal -0.7313537016191636 0.6819983600625059 0
    outer loop
      vertex 1.284275872613029 168.34565303179428 -6.1
      vertex 1.284275872613029 168.34565303179428 0
      vertex 1.4033009983067442 168.47329185229498 0
    endloop
  endfacet
  facet normal 0 0 -1
    outer loop
      vertex 1.284275872613029 168.34565303179428 -6.1
      vertex 1.4033009983067442 168.47329185229498 -6.1
      vertex 1.4033009983067442 1.5267081477050137 -6.1
    endloop
  endfacet
  facet normal -0.7313537016191636 0.6819983600625059 0
    outer loop
      vertex 1.284275872613029 168.34565303179428 -6.1
      vertex 1.4033009983067442 168.47329185229498 0
      vertex 1.4033009983067442 168.47329185229498 -6.1
    endloop
  endfacet
  facet normal 0 0 1
    outer loop
      vertex 1.284275872613029 168.34565303179428 0
      vertex 1.4033009983067442 1.5267081477050137 0
      vertex 1.4033009983067442 168.47329185229498 0
    endloop
  endfacet
  facet normal 0 0 -1
    outer loop
      vertex 1.4033009983067442 1.5267081477050137 -6.1
      vertex 1.4033009983067442 168.47329185229498 -6.1
      vertex 1.5267081477050137 1.4033009983067442 -6.1
    endloop
  endfacet
  facet normal -0.7071067811865475 -0.7071067811865475 0
    outer loop
      vertex 1.4033009983067442 1.5267081477050137 -6.1
      vertex 1.5267081477050137 1.4033009983067442 -6.1
      vertex 1.4033009983067442 1.5267081477050137 0
    endloop
  endfacet
  facet normal -0.7071067811865475 -0.7071067811865475 0
    outer loop
      vertex 1.4033009983067442 1.5267081477050137 0
      vertex 1.5267081477050137 1.4033009983067442 -6.1
      vertex 1.5267081477050137 1.4033009983067442 0
    endloop
  endfacet
  facet normal 0 0 1
    outer loop
      vertex 1.4033009983067442 1.5267081477050137 0
      vertex 1.5267081477050137 1.4033009983067442 0
      vertex 1.4033009983067442 168.47329185229498 0
    endloop
  endfacet
  facet normal -0.707106781186564 0.707106781186531 0
    outer loop
      vertex 1.4033009983067442 168.47329185229498 -6.1
      vertex 1.4033009983067442 168.47329185229498 0
      vertex 1.5267081477050137 168.59669900169325 0
    endloop
  endfacet
  facet normal 0 0 -1
    outer loop
      vertex 1.4033009983067442 168.47329185229498 -6.1
      vertex 1.5267081477050137 168.59669900169325 -6.1
      vertex 1.5267081477050137 1.4033009983067442 -6.1
    endloop
  endfacet
  facet normal -0.707106781186564 0.707106781186531 0
    outer loop
      vertex 1.4033009983067442 168.47329185229498 -6.1
      vertex 1.5267081477050137 168.59669900169325 0
      vertex 1.5267081477050137 168.59669900169325 -6.1
    endloop
  endfacet
  facet normal 0 0 1
    outer loop
      vertex 1.4033009983067442 168.47329185229498 0
      vertex 1.5267081477050137 1.4033009983067442 0
      vertex 1.5267081477050137 168.59669900169325 0
    endloop
  endfacet
  facet normal 0 0 -1
    outer loop
      vertex 1.5267081477050137 1.4033009983067442 -6.1
      vertex 1.5267081477050137 168.59669900169325 -6.1
      vertex 1.6543469682057088 1.284275872613029 -6.1
    endloop
  endfacet
  facet normal -0.6819983600624983 -0.7313537016191707 0
    outer loop
      vertex 1.5267081477050137 1.4033009983067442 -6.1
      vertex 1.6543469682057088 1.284275872613029 -6.1
      vertex 1.5267081477050137 1.4033009983067442 0
    endloop
  endfacet
  facet normal -0.6819983600624983 -0.7313537016191707 0
    outer loop
      vertex 1.5267081477050137 1.4033009983067442 0
      vertex 1.6543469682057088 1.284275872613029 -6.1
      vertex 1.6543469682057088 1.284275872613029 0
    endloop
  endfacet
  facet normal 0 0 1
    outer loop
      vertex 1.5267081477050137 1.4033009983067442 0
      vertex 1.6543469682057088 1.284275872613029 0
      vertex 1.5267081477050137 168.59669900169325 0
    endloop
  endfacet
  facet normal -0.6819983600625268 0.731353701619144 0
    outer loop
      vertex 1.5267081477050137 168.59669900169325 -6.1
      vertex 1.5267081477050137 168.59669900169325 0
      vertex 1.6543469682057088 168.71572412738698 0
    endloop
  endfacet
  facet normal 0 0 -1
    outer loop
      vertex 1.5267081477050137 168.59669900169325 -6.1
      vertex 1.6543469682057088 168.71572412738698 -6.1
      vertex 1.6543469682057088 1.284275872613029 -6.1
    endloop
  endfacet
  facet normal -0.6819983600625268 0.731353701619144 0
    outer loop
      vertex 1.5267081477050137 168.59669900169325 -6.1
      vertex 1.6543469682057088 168.71572412738698 0
      vertex 1.6543469682057088 168.71572412738698 -6.1
    endloop
  endfacet
  facet normal 0 0 1
    outer loop
      vertex 1.5267081477050137 168.59669900169325 0
      vertex 1.6543469682057088 1.284275872613029 0
      vertex 1.6543469682057088 168.71572412738698 0
    endloop
  endfacet
  facet normal 0 0 -1
    outer loop
      vertex 1.6543469682057088 1.284275872613029 -6.1
      vertex 1.6543469682057088 168.71572412738698 -6.1
      vertex 1.7860619515673037 1.16977778440511 -6.1
    endloop
  endfacet
  facet normal -0.6560590289905057 -0.7547095802227733 0
    outer loop
      vertex 1.6543469682057088 1.284275872613029 -6.1
      vertex 1.7860619515673037 1.16977778440511 -6.1
      vertex 1.6543469682057088 1.284275872613029 0
    endloop
  endfacet
  facet normal -0.6560590289905057 -0.7547095802227733 0
    outer loop
      vertex 1.6543469682057088 1.284275872613029 0
      vertex 1.7860619515673037 1.16977778440511 -6.1
      vertex 1.7860619515673037 1.16977778440511 0
    endloop
  endfacet
  facet normal 0 0 1
    outer loop
      vertex 1.6543469682057088 1.284275872613029 0
      vertex 1.7860619515673037 1.16977778440511 0
      vertex 1.6543469682057088 168.71572412738698 0
    endloop
  endfacet
  facet normal -0.6560590289904753 0.7547095802227999 0
    outer loop
      vertex 1.6543469682057088 168.71572412738698 -6.1
      vertex 1.6543469682057088 168.71572412738698 0
      vertex 1.7860619515673037 168.8302222155949 0
    endloop
  endfacet
  facet normal 0 0 -1
    outer loop
      vertex 1.6543469682057088 168.71572412738698 -6.1
      vertex 1.7860619515673037 168.8302222155949 -6.1
      vertex 1.7860619515673037 1.16977778440511 -6.1
    endloop
  endfacet
  facet normal -0.6560590289904753 0.7547095802227999 0
    outer loop
      vertex 1.6543469682057088 168.71572412738698 -6.1
      vertex 1.7860619515673037 168.8302222155949 0
      vertex 1.7860619515673037 168.8302222155949 -6.1
    endloop
  endfacet
  facet normal 0 0 1
    outer loop
      vertex 1.6543469682057088 168.71572412738698 0
      vertex 1.7860619515673037 1.16977778440511 0
      vertex 1.7860619515673037 168.8302222155949 0
    endloop
  endfacet
  facet normal 0 0 -1
    outer loop
      vertex 1.7860619515673037 1.16977778440511 -6.1
      vertex 1.7860619515673037 168.8302222155949 -6.1
      vertex 1.9216926233717087 1.0599462319663906 -6.1
    endloop
  endfacet
  facet normal -0.6293203910498378 -0.7771459614569706 0
    outer loop
      vertex 1.7860619515673037 1.16977778440511 -6.1
      vertex 1.9216926233717087 1.0599462319663906 -6.1
      vertex 1.7860619515673037 1.16977778440511 0
    endloop
  endfacet
  facet normal -0.6293203910498378 -0.7771459614569706 0
    outer loop
      vertex 1.7860619515673037 1.16977778440511 0
      vertex 1.9216926233717087 1.0599462319663906 -6.1
      vertex 1.9216926233717087 1.0599462319663906 0
    endloop
  endfacet
  facet normal 0 0 1
    outer loop
      vertex 1.7860619515673037 1.16977778440511 0
      vertex 1.9216926233717087 1.0599462319663906 0
      vertex 1.7860619515673037 168.8302222155949 0
    endloop
  endfacet
  facet normal -0.6293203910498408 0.7771459614569681 0
    outer loop
      vertex 1.7860619515673037 168.8302222155949 -6.1
      vertex 1.7860619515673037 168.8302222155949 0
      vertex 1.9216926233717087 168.9400537680336 0
    endloop
  endfacet
  facet normal 0 0 -1
    outer loop
      vertex 1.7860619515673037 168.8302222155949 -6.1
      vertex 1.9216926233717087 168.9400537680336 -6.1
      vertex 1.9216926233717087 1.0599462319663906 -6.1
    endloop
  endfacet
  facet normal -0.6293203910498408 0.7771459614569681 0
    outer loop
      vertex 1.7860619515673037 168.8302222155949 -6.1
      vertex 1.9216926233717087 168.9400537680336 0
      vertex 1.9216926233717087 168.9400537680336 -6.1
    endloop
  endfacet
  facet normal 0 0 1
    outer loop
      vertex 1.7860619515673037 168.8302222155949 0
      vertex 1.9216926233717087 1.0599462319663906 0
      vertex 1.9216926233717087 168.9400537680336 0
    endloop
  endfacet
  facet normal 0 0 -1
    outer loop
      vertex 1.9216926233717087 1.0599462319663906 -6.1
      vertex 1.9216926233717087 168.9400537680336 -6.1
      vertex 2.061073738537634 0.9549150281252627 -6.1
    endloop
  endfacet
  facet normal -0.601815023152051 -0.7986355100472908 0
    outer loop
      vertex 1.9216926233717087 1.0599462319663906 -6.1
      vertex 2.061073738537634 0.9549150281252627 -6.1
      vertex 1.9216926233717087 1.0599462319663906 0
    endloop
  endfacet
  facet normal -0.601815023152051 -0.7986355100472908 0
    outer loop
      vertex 1.9216926233717087 1.0599462319663906 0
      vertex 2.061073738537634 0.9549150281252627 -6.1
      vertex 2.061073738537634 0.9549150281252627 0
    endloop
  endfacet
  facet normal 0 0 1
    outer loop
      vertex 1.9216926233717087 1.0599462319663906 0
      vertex 2.061073738537634 0.9549150281252627 0
      vertex 1.9216926233717087 168.9400537680336 0
    endloop
  endfacet
  facet normal -0.60181502315203 0.7986355100473067 0
    outer loop
      vertex 1.9216926233717087 168.9400537680336 -6.1
      vertex 1.9216926233717087 168.9400537680336 0
      vertex 2.061073738537634 169.04508497187473 0
    endloop
  endfacet
  facet normal 0 0 -1
    outer loop
      vertex 1.9216926233717087 168.9400537680336 -6.1
      vertex 2.061073738537634 169.04508497187473 -6.1
      vertex 2.061073738537634 0.9549150281252627 -6.1
    endloop
  endfacet
  facet normal -0.60181502315203 0.7986355100473067 0
    outer loop
      vertex 1.9216926233717087 168.9400537680336 -6.1
      vertex 2.061073738537634 169.04508497187473 0
      vertex 2.061073738537634 169.04508497187473 -6.1
    endloop
  endfacet
  facet normal 0 0 1
    outer loop
      vertex 1.9216926233717087 168.9400537680336 0
      vertex 2.061073738537634 0.9549150281252627 0
      vertex 2.061073738537634 169.04508497187473 0
    endloop
  endfacet
  facet normal 0 0 -1
    outer loop
      vertex 2.061073738537634 0.9549150281252627 -6.1
      vertex 2.061073738537634 169.04508497187473 -6.1
      vertex 2.2040354826462654 0.8548121372247923 -6.1
    endloop
  endfacet
  facet normal -0.5735764363510432 -0.8191520442889939 0
    outer loop
      vertex 2.061073738537634 0.9549150281252627 -6.1
      vertex 2.2040354826462654 0.8548121372247923 -6.1
      vertex 2.061073738537634 0.9549150281252627 0
    endloop
  endfacet
  facet normal -0.5735764363510432 -0.8191520442889939 0
    outer loop
      vertex 2.061073738537634 0.9549150281252627 0
      vertex 2.2040354826462654 0.8548121372247923 -6.1
      vertex 2.2040354826462654 0.8548121372247923 0
    endloop
  endfacet
  facet normal 0 0 1
    outer loop
      vertex 2.061073738537634 0.9549150281252627 0
      vertex 2.2040354826462654 0.8548121372247923 0
      vertex 2.061073738537634 169.04508497187473 0
    endloop
  endfacet
  facet normal -0.5735764363510535 0.8191520442889867 0
    outer loop
      vertex 2.061073738537634 169.04508497187473 -6.1
      vertex 2.061073738537634 169.04508497187473 0
      vertex 2.2040354826462654 169.1451878627752 0
    endloop
  endfacet
  facet normal 0 0 -1
    outer loop
      vertex 2.061073738537634 169.04508497187473 -6.1
      vertex 2.2040354826462654 169.1451878627752 -6.1
      vertex 2.2040354826462654 0.8548121372247923 -6.1
    endloop
  endfacet
  facet normal -0.5735764363510535 0.8191520442889867 0
    outer loop
      vertex 2.061073738537634 169.04508497187473 -6.1
      vertex 2.2040354826462654 169.1451878627752 0
      vertex 2.2040354826462654 169.1451878627752 -6.1
    endloop
  endfacet
  facet normal 0 0 1
    outer loop
      vertex 2.061073738537634 169.04508497187473 0
      vertex 2.2040354826462654 0.8548121372247923 0
      vertex 2.2040354826462654 169.1451878627752 0
    endloop
  endfacet
  facet normal 0 0 -1
    outer loop
      vertex 2.2040354826462654 0.8548121372247923 -6.1
      vertex 2.2040354826462654 169.1451878627752 -6.1
      vertex 2.3504036788339757 0.7597595192178703 -6.1
    endloop
  endfacet
  facet normal -0.544639035015027 -0.838670567945424 0
    outer loop
      vertex 2.2040354826462654 0.8548121372247923 -6.1
      vertex 2.3504036788339757 0.7597595192178703 -6.1
      vertex 2.2040354826462654 0.8548121372247923 0
    endloop
  endfacet
  facet normal -0.544639035015027 -0.838670567945424 0
    outer loop
      vertex 2.2040354826462654 0.8548121372247923 0
      vertex 2.3504036788339757 0.7597595192178703 -6.1
      vertex 2.3504036788339757 0.7597595192178703 0
    endloop
  endfacet
  facet normal 0 0 1
    outer loop
      vertex 2.2040354826462654 0.8548121372247923 0
      vertex 2.3504036788339757 0.7597595192178703 0
      vertex 2.2040354826462654 169.1451878627752 0
    endloop
  endfacet
  facet normal -0.544639035015009 0.8386705679454356 0
    outer loop
      vertex 2.2040354826462654 169.1451878627752 -6.1
      vertex 2.2040354826462654 169.1451878627752 0
      vertex 2.3504036788339757 169.24024048078212 0
    endloop
  endfacet
  facet normal 0 0 -1
    outer loop
      vertex 2.2040354826462654 169.1451878627752 -6.1
      vertex 2.3504036788339757 169.24024048078212 -6.1
      vertex 2.3504036788339757 0.7597595192178703 -6.1
    endloop
  endfacet
  facet normal -0.544639035015009 0.8386705679454356 0
    outer loop
      vertex 2.2040354826462654 169.1451878627752 -6.1
      vertex 2.3504036788339757 169.24024048078212 0
      vertex 2.3504036788339757 169.24024048078212 -6.1
    endloop
  endfacet
  facet normal 0 0 1
    outer loop
      vertex 2.2040354826462654 169.1451878627752 0
      vertex 2.3504036788339757 0.7597595192178703 0
      vertex 2.3504036788339757 169.24024048078212 0
    endloop
  endfacet
  facet normal 0 0 -1
    outer loop
      vertex 2.3504036788339757 0.7597595192178703 -6.1
      vertex 2.3504036788339757 169.24024048078212 -6.1
      vertex 2.5 0.6698729810778072 -6.1
    endloop
  endfacet
  facet normal -0.5150380749100542 -0.8571673007021122 0
    outer loop
      vertex 2.3504036788339757 0.7597595192178703 -6.1
      vertex 2.5 0.6698729810778072 -6.1
      vertex 2.3504036788339757 0.7597595192178703 0
    endloop
  endfacet
  facet normal -0.5150380749100542 -0.8571673007021122 0
    outer loop
      vertex 2.3504036788339757 0.7597595192178703 0
      vertex 2.5 0.6698729810778072 -6.1
      vertex 2.5 0.6698729810778072 0
    endloop
  endfacet
  facet normal 0 0 1
    outer loop
      vertex 2.3504036788339757 0.7597595192178703 0
      vertex 2.5 0.6698729810778072 0
      vertex 2.3504036788339757 169.24024048078212 0
    endloop
  endfacet
  facet normal -0.515038074910058 0.8571673007021101 0
    outer loop
      vertex 2.3504036788339757 169.24024048078212 -6.1
      vertex 2.3504036788339757 169.24024048078212 0
      vertex 2.5 169.33012701892218 0
    endloop
  endfacet
  facet normal 0 0 -1
    outer loop
      vertex 2.3504036788339757 169.24024048078212 -6.1
      vertex 2.5 169.33012701892218 -6.1
      vertex 2.5 0.6698729810778072 -6.1
    endloop
  endfacet
  facet normal -0.515038074910058 0.8571673007021101 0
    outer loop
      vertex 2.3504036788339757 169.24024048078212 -6.1
      vertex 2.5 169.33012701892218 0
      vertex 2.5 169.33012701892218 -6.1
    endloop
  endfacet
  facet normal 0 0 1
    outer loop
      vertex 2.3504036788339757 169.24024048078212 0
      vertex 2.5 0.6698729810778072 0
      vertex 2.5 169.33012701892218 0
    endloop
  endfacet
  facet normal 0 0 -1
    outer loop
      vertex 2.5 0.6698729810778072 -6.1
      vertex 2.5 169.33012701892218 -6.1
      vertex 2.652642186070546 0.5852620357053651 -6.1
    endloop
  endfacet
  facet normal -0.48480962024634094 -0.8746197071393937 0
    outer loop
      vertex 2.5 0.6698729810778072 -6.1
      vertex 2.652642186070546 0.5852620357053651 -6.1
      vertex 2.5 0.6698729810778072 0
    endloop
  endfacet
  facet normal -0.48480962024634094 -0.8746197071393937 0
    outer loop
      vertex 2.5 0.6698729810778072 0
      vertex 2.652642186070546 0.5852620357053651 -6.1
      vertex 2.652642186070546 0.5852620357053651 0
    endloop
  endfacet
  facet normal 0 0 1
    outer loop
      vertex 2.5 0.6698729810778072 0
      vertex 2.652642186070546 0.5852620357053651 0
      vertex 2.5 169.33012701892218 0
    endloop
  endfacet
  facet normal -0.48480962024636043 0.874619707139383 0
    outer loop
      vertex 2.5 169.33012701892218 -6.1
      vertex 2.5 169.33012701892218 0
      vertex 2.652642186070546 169.41473796429463 0
    endloop
  endfacet
  facet normal 0 0 -1
    outer loop
      vertex 2.5 169.33012701892218 -6.1
      vertex 2.652642186070546 169.41473796429463 -6.1
      vertex 2.652642186070546 0.5852620357053651 -6.1
    endloop
  endfacet
  facet normal -0.48480962024636043 0.874619707139383 0
    outer loop
      vertex 2.5 169.33012701892218 -6.1
      vertex 2.652642186070546 169.41473796429463 0
      vertex 2.652642186070546 169.41473796429463 -6.1
    endloop
  endfacet
  facet normal 0 0 1
    outer loop
      vertex 2.5 169.33012701892218 0
      vertex 2.652642186070546 0.5852620357053651 0
      vertex 2.652642186070546 169.41473796429463 0
    endloop
  endfacet
  facet normal 0 0 -1
    outer loop
      vertex 2.652642186070546 0.5852620357053651 -6.1
      vertex 2.652642186070546 169.41473796429463 -6.1
      vertex 2.808144266054613 0.506029768504165 -6.1
    endloop
  endfacet
  facet normal -0.45399049973954486 -0.8910065241883689 0
    outer loop
      vertex 2.652642186070546 0.5852620357053651 -6.1
      vertex 2.808144266054613 0.506029768504165 -6.1
      vertex 2.652642186070546 0.5852620357053651 0
    endloop
  endfacet
  facet normal -0.45399049973954486 -0.8910065241883689 0
    outer loop
      vertex 2.652642186070546 0.5852620357053651 0
      vertex 2.808144266054613 0.506029768504165 -6.1
      vertex 2.808144266054613 0.506029768504165 0
    endloop
  endfacet
  facet normal 0 0 1
    outer loop
      vertex 2.652642186070546 0.5852620357053651 0
      vertex 2.808144266054613 0.506029768504165 0
      vertex 2.652642186070546 169.41473796429463 0
    endloop
  endfacet
  facet normal -0.4539904997395731 0.8910065241883544 0
    outer loop
      vertex 2.652642186070546 169.41473796429463 -6.1
      vertex 2.652642186070546 169.41473796429463 0
      vertex 2.808144266054613 169.49397023149584 0
    endloop
  endfacet
  facet normal 0 0 -1
    outer loop
      vertex 2.652642186070546 169.41473796429463 -6.1
      vertex 2.808144266054613 169.49397023149584 -6.1
      vertex 2.808144266054613 0.506029768504165 -6.1
    endloop
  endfacet
  facet normal -0.4539904997395731 0.8910065241883544 0
    outer loop
      vertex 2.652642186070546 169.41473796429463 -6.1
      vertex 2.808144266054613 169.49397023149584 0
      vertex 2.808144266054613 169.49397023149584 -6.1
    endloop
  endfacet
  facet normal 0 0 1
    outer loop
      vertex 2.652642186070546 169.41473796429463 0
      vertex 2.808144266054613 0.506029768504165 0
      vertex 2.808144266054613 169.49397023149584 0
    endloop
  endfacet
  facet normal 0 0 -1
    outer loop
      vertex 2.808144266054613 0.506029768504165 -6.1
      vertex 2.808144266054613 169.49397023149584 -6.1
      vertex 2.966316784620999 0.4322727117869958 -6.1
    endloop
  endfacet
  facet normal -0.4226182617406987 -0.9063077870366503 0
    outer loop
      vertex 2.808144266054613 0.506029768504165 -6.1
      vertex 2.966316784620999 0.4322727117869958 -6.1
      vertex 2.808144266054613 0.506029768504165 0
    endloop
  endfacet
  facet normal -0.4226182617406987 -0.9063077870366503 0
    outer loop
      vertex 2.808144266054613 0.506029768504165 0
      vertex 2.966316784620999 0.4322727117869958 -6.1
      vertex 2.966316784620999 0.4322727117869958 0
    endloop
  endfacet
  facet normal 0 0 1
    outer loop
      vertex 2.808144266054613 0.506029768504165 0
      vertex 2.966316784620999 0.4322727117869958 0
      vertex 2.808144266054613 169.49397023149584 0
    endloop
  endfacet
  facet normal -0.42261826174070294 0.9063077870366484 0
    outer loop
      vertex 2.808144266054613 169.49397023149584 -6.1
      vertex 2.808144266054613 169.49397023149584 0
      vertex 2.966316784620999 169.567727288213 0
    endloop
  endfacet
  facet normal 0 0 -1
    outer loop
      vertex 2.808144266054613 169.49397023149584 -6.1
      vertex 2.966316784620999 169.567727288213 -6.1
      vertex 2.966316784620999 0.4322727117869958 -6.1
    endloop
  endfacet
  facet normal -0.42261826174070294 0.9063077870366484 0
    outer loop
      vertex 2.808144266054613 169.49397023149584 -6.1
      vertex 2.966316784620999 169.567727288213 0
      vertex 2.966316784620999 169.567727288213 -6.1
    endloop
  endfacet
  facet normal 0 0 1
    outer loop
      vertex 2.808144266054613 169.49397023149584 0
      vertex 2.966316784620999 0.4322727117869958 0
      vertex 2.966316784620999 169.567727288213 0
    endloop
  endfacet
  facet normal 0 0 -1
    outer loop
      vertex 2.966316784620999 0.4322727117869958 -6.1
      vertex 2.966316784620999 169.567727288213 -6.1
      vertex 2.995 6 -6.1
    endloop
  endfacet
  facet normal 0 0 -1
    outer loop
      vertex 2.966316784620999 0.4322727117869958 -6.1
      vertex 2.995 6 -6.1
      vertex 4.4975000000000005 3.397593661627762 -6.1
    endloop
  endfacet
  facet normal -0.3907311284892744 -0.9205048534524399 0
    outer loop
      vertex 2.966316784620999 0.4322727117869958 -6.1
      vertex 3.12696703292044 0.3640807271660629 -6.1
      vertex 2.966316784620999 0.4322727117869958 0
    endloop
  endfacet
  facet normal 0 0 -1
    outer loop
      vertex 2.966316784620999 0.4322727117869958 -6.1
      vertex 4.4975000000000005 3.397593661627762 -6.1
      vertex 3.12696703292044 0.3640807271660629 -6.1
    endloop
  endfacet
  facet normal -0.3907311284892744 -0.9205048534524399 0
    outer loop
      vertex 2.966316784620999 0.4322727117869958 0
      vertex 3.12696703292044 0.3640807271660629 -6.1
      vertex 3.12696703292044 0.3640807271660629 0
    endloop
  endfacet
  facet normal 0 0 1
    outer loop
      vertex 2.966316784620999 0.4322727117869958 0
      vertex 3.12696703292044 0.3640807271660629 0
      vertex 2.966316784620999 169.567727288213 0
    endloop
  endfacet
  facet normal -0.39073112848930025 0.920504853452429 0
    outer loop
      vertex 2.966316784620999 169.567727288213 -6.1
      vertex 2.966316784620999 169.567727288213 0
      vertex 3.12696703292044 169.63591927283395 0
    endloop
  endfacet
  facet normal 0 0 -1
    outer loop
      vertex 2.966316784620999 169.567727288213 -6.1
      vertex 2.995 164 -6.1
      vertex 2.995 6 -6.1
    endloop
  endfacet
  facet normal 0 0 -1
    outer loop
      vertex 2.966316784620999 169.567727288213 -6.1
      vertex 3.12696703292044 169.63591927283395 -6.1
      vertex 2.995 164 -6.1
    endloop
  endfacet
  facet normal -0.39073112848930025 0.920504853452429 0
    outer loop
      vertex 2.966316784620999 169.567727288213 -6.1
      vertex 3.12696703292044 169.63591927283395 0
      vertex 3.12696703292044 169.63591927283395 -6.1
    endloop
  endfacet
  facet normal 0 0 1
    outer loop
      vertex 2.966316784620999 169.567727288213 0
      vertex 3.12696703292044 0.3640807271660629 0
      vertex 3.12696703292044 169.63591927283395 0
    endloop
  endfacet
  facet normal 0.8660254037844386 0.5000000000000001 0
    outer loop
      vertex 2.995 6 -6.1
      vertex 2.995 6 -3.6000000000000014
      vertex 4.4975000000000005 3.397593661627762 -6.1
    endloop
  endfacet
  facet normal 0 0 -1
    outer loop
      vertex 2.995 6 -6.1
      vertex 2.995 164 -6.1
      vertex 4.4975000000000005 161.39759366162775 -6.1
    endloop
  endfacet
  facet normal 0.8660254037844385 -0.5000000000000002 0
    outer loop
      vertex 2.995 6 -6.1
      vertex 4.4975000000000005 8.602406338372237 -6.1
      vertex 4.4975000000000005 8.602406338372237 -3.6000000000000014
    endloop
  endfacet
  facet normal 0.8660254037844385 -0.5000000000000002 0
    outer loop
      vertex 2.995 6 -6.1
      vertex 4.4975000000000005 8.602406338372237 -3.6000000000000014
      vertex 2.995 6 -3.6000000000000014
    endloop
  endfacet
  facet normal 0 0 -1
    outer loop
      vertex 2.995 6 -6.1
      vertex 4.4975000000000005 161.39759366162775 -6.1
      vertex 4.4975000000000005 8.602406338372237 -6.1
    endloop
  endfacet
  facet normal 0 0 -1
    outer loop
      vertex 2.995 6 -3.6000000000000014
      vertex 4.4 6 -3.6000000000000014
      vertex 4.424307595180467 5.722162915732912 -3.6000000000000014
    endloop
  endfacet
  facet normal 0 0 -1
    outer loop
      vertex 2.995 6 -3.6000000000000014
      vertex 4.424307595180467 5.722162915732912 -3.6000000000000014
      vertex 4.496491806742546 5.45276777067893 -3.6000000000000014
    endloop
  endfacet
  facet normal 0 0 -1
    outer loop
      vertex 2.995 6 -3.6000000000000014
      vertex 4.424307595180467 6.277837084267088 -3.6000000000000014
      vertex 4.4 6 -3.6000000000000014
    endloop
  endfacet
  facet normal 0 0 -1
    outer loop
      vertex 2.995 6 -3.6000000000000014
      vertex 4.496491806742546 5.45276777067893 -3.6000000000000014
      vertex 4.4975000000000005 3.397593661627762 -3.6000000000000014
    endloop
  endfacet
  facet normal 0 0 -1
    outer loop
      vertex 2.995 6 -3.6000000000000014
      vertex 4.496491806742546 6.54723222932107 -3.6000000000000014
      vertex 4.424307595180467 6.277837084267088 -3.6000000000000014
    endloop
  endfacet
  facet normal 0.8660254037844386 0.5000000000000001 0
    outer loop
      vertex 2.995 6 -3.6000000000000014
      vertex 4.4975000000000005 3.397593661627762 -3.6000000000000014
      vertex 4.4975000000000005 3.397593661627762 -6.1
    endloop
  endfacet
  facet normal 0 0 -1
    outer loop
      vertex 2.995 6 -3.6000000000000014
      vertex 4.4975000000000005 8.602406338372237 -3.6000000000000014
      vertex 4.614359353944899 6.8 -3.6000000000000014
    endloop
  endfacet
  facet normal 0 0 -1
    outer loop
      vertex 2.995 6 -3.6000000000000014
      vertex 4.614359353944899 6.8 -3.6000000000000014
      vertex 4.496491806742546 6.54723222932107 -3.6000000000000014
    endloop
  endfacet
  facet normal 0.8660254037844394 0.4999999999999987 0
    outer loop
      vertex 2.995 164 -6.1
      vertex 2.995 164 -3.6000000000000014
      vertex 4.4975000000000005 161.39759366162775 -6.1
    endloop
  endfacet
  facet normal 0 0 -1
    outer loop
      vertex 2.995 164 -6.1
      vertex 3.12696703292044 169.63591927283395 -6.1
      vertex 3.2898992833716565 169.69846310392956 -6.1
    endloop
  endfacet
  facet normal 0 0 -1
    outer loop
      vertex 2.995 164 -6.1
      vertex 3.2898992833716565 169.69846310392956 -6.1
      vertex 3.4549150281252627 169.75528258147577 -6.1
    endloop
  endfacet
  facet normal 0 0 -1
    outer loop
      vertex 2.995 164 -6.1
      vertex 3.4549150281252627 169.75528258147577 -6.1
      vertex 3.621813220915004 169.8063084796916 -6.1
    endloop
  endfacet
  facet normal 0 0 -1
    outer loop
      vertex 2.995 164 -6.1
      vertex 3.621813220915004 169.8063084796916 -6.1
      vertex 3.7903905220016614 169.85147863138 -6.1
    endloop
  endfacet
  facet normal 0 0 -1
    outer loop
      vertex 2.995 164 -6.1
      vertex 3.7903905220016614 169.85147863138 -6.1
      vertex 3.9604415459112032 169.89073800366901 -6.1
    endloop
  endfacet
  facet normal 0 0 -1
    outer loop
      vertex 2.995 164 -6.1
      vertex 3.9604415459112032 169.89073800366901 -6.1
      vertex 4.131759111665349 169.92403876506103 -6.1
    endloop
  endfacet
  facet normal 0 0 -1
    outer loop
      vertex 2.995 164 -6.1
      vertex 4.131759111665349 169.92403876506103 -6.1
      vertex 4.304134495199673 169.95134034370784 -6.1
    endloop
  endfacet
  facet normal 0 0 -1
    outer loop
      vertex 2.995 164 -6.1
      vertex 4.304134495199673 169.95134034370784 -6.1
      vertex 4.477357683661733 169.97260947684137 -6.1
    endloop
  endfacet
  facet normal 0 0 -1
    outer loop
      vertex 2.995 164 -6.1
      vertex 4.477357683661733 169.97260947684137 -6.1
      vertex 4.4975000000000005 166.60240633837225 -6.1
    endloop
  endfacet
  facet normal 0.8660254037844394 -0.4999999999999987 0
    outer loop
      vertex 2.995 164 -6.1
      vertex 4.4975000000000005 166.60240633837225 -6.1
      vertex 4.4975000000000005 166.60240633837225 -3.6000000000000014
    endloop
  endfacet
  facet normal 0.8660254037844394 -0.4999999999999987 0
    outer loop
      vertex 2.995 164 -6.1
      vertex 4.4975000000000005 166.60240633837225 -3.6000000000000014
      vertex 2.995 164 -3.6000000000000014
    endloop
  endfacet
  facet normal 0 0 -1
    outer loop
      vertex 2.995 164 -3.6000000000000014
      vertex 4.4 164 -3.6000000000000014
      vertex 4.424307595180467 163.72216291573292 -3.6000000000000014
    endloop
  endfacet
  facet normal 0 0 -1
    outer loop
      vertex 2.995 164 -3.6000000000000014
      vertex 4.424307595180467 163.72216291573292 -3.6000000000000014
      vertex 4.496491806742546 163.45276777067892 -3.6000000000000014
    endloop
  endfacet
  facet normal 0 0 -1
    outer loop
      vertex 2.995 164 -3.6000000000000014
      vertex 4.424307595180467 164.27783708426708 -3.6000000000000014
      vertex 4.4 164 -3.6000000000000014
    endloop
  endfacet
  facet normal 0 0 -1
    outer loop
      vertex 2.995 164 -3.6000000000000014
      vertex 4.496491806742546 163.45276777067892 -3.6000000000000014
      vertex 4.4975000000000005 161.39759366162775 -3.6000000000000014
    endloop
  endfacet
  facet normal 0 0 -1
    outer loop
      vertex 2.995 164 -3.6000000000000014
      vertex 4.496491806742546 164.54723222932108 -3.6000000000000014
      vertex 4.424307595180467 164.27783708426708 -3.6000000000000014
    endloop
  endfacet
  facet normal 0.8660254037844394 0.4999999999999987 0
    outer loop
      vertex 2.995 164 -3.6000000000000014
      vertex 4.4975000000000005 161.39759366162775 -3.6000000000000014
      vertex 4.4975000000000005 161.39759366162775 -6.1
    endloop
  endfacet
  facet normal 0 0 -1
    outer loop
      vertex 2.995 164 -3.6000000000000014
      vertex 4.4975000000000005 166.60240633837225 -3.6000000000000014
      vertex 4.614359353944899 164.8 -3.6000000000000014
    endloop
  endfacet
  facet normal 0 0 -1
    outer loop
      vertex 2.995 164 -3.6000000000000014
      vertex 4.614359353944899 164.8 -3.6000000000000014
      vertex 4.496491806742546 164.54723222932108 -3.6000000000000014
    endloop
  endfacet
  facet normal -0.35836794954530343 -0.9335804264972005 0
    outer loop
      vertex 3.12696703292044 0.3640807271660629 -6.1
      vertex 3.2898992833716565 0.3015368960704574 -6.1
      vertex 3.12696703292044 0.3640807271660629 0
    endloop
  endfacet
  facet normal 0 0 -1
    outer loop
      vertex 3.12696703292044 0.3640807271660629 -6.1
      vertex 4.4975000000000005 3.397593661627762 -6.1
      vertex 3.2898992833716565 0.3015368960704574 -6.1
    endloop
  endfacet
  facet normal -0.35836794954530343 -0.9335804264972005 0
    outer loop
      vertex 3.12696703292044 0.3640807271660629 0
      vertex 3.2898992833716565 0.3015368960704574 -6.1
      vertex 3.2898992833716565 0.3015368960704574 0
    endloop
  endfacet
  facet normal 0 0 1
    outer loop
      vertex 3.12696703292044 0.3640807271660629 0
      vertex 3.2898992833716565 0.3015368960704574 0
      vertex 3.12696703292044 169.63591927283395 0
    endloop
  endfacet
  facet normal -0.3583679495453256 0.933580426497192 0
    outer loop
      vertex 3.12696703292044 169.63591927283395 -6.1
      vertex 3.12696703292044 169.63591927283395 0
      vertex 3.2898992833716565 169.69846310392956 0
    endloop
  endfacet
  facet normal -0.3583679495453256 0.933580426497192 0
    outer loop
      vertex 3.12696703292044 169.63591927283395 -6.1
      vertex 3.2898992833716565 169.69846310392956 0
      vertex 3.2898992833716565 169.69846310392956 -6.1
    endloop
  endfacet
  facet normal 0 0 1
    outer loop
      vertex 3.12696703292044 169.63591927283395 0
      vertex 3.2898992833716565 0.3015368960704574 0
      vertex 3.2898992833716565 169.69846310392956 0
    endloop
  endfacet
  facet normal -0.32556815445715104 -0.9455185755993187 0
    outer loop
      vertex 3.2898992833716565 0.3015368960704574 -6.1
      vertex 3.4549150281252627 0.24471741852423268 -6.1
      vertex 3.2898992833716565 0.3015368960704574 0
    endloop
  endfacet
  facet normal 0 0 -1
    outer loop
      vertex 3.2898992833716565 0.3015368960704574 -6.1
      vertex 4.4975000000000005 3.397593661627762 -6.1
      vertex 3.4549150281252627 0.24471741852423268 -6.1
    endloop
  endfacet
  facet normal -0.32556815445715104 -0.9455185755993187 0
    outer loop
      vertex 3.2898992833716565 0.3015368960704574 0
      vertex 3.4549150281252627 0.24471741852423268 -6.1
      vertex 3.4549150281252627 0.24471741852423268 0
    endloop
  endfacet
  facet normal 0 0 1
    outer loop
      vertex 3.2898992833716565 0.3015368960704574 0
      vertex 3.4549150281252627 0.24471741852423268 0
      vertex 3.2898992833716565 169.69846310392956 0
    endloop
  endfacet
  facet normal -0.32556815445709186 0.945518575599339 0
    outer loop
      vertex 3.2898992833716565 169.69846310392956 -6.1
      vertex 3.2898992833716565 169.69846310392956 0
      vertex 3.4549150281252627 169.75528258147577 0
    endloop
  endfacet
  facet normal -0.32556815445709186 0.945518575599339 0
    outer loop
      vertex 3.2898992833716565 169.69846310392956 -6.1
      vertex 3.4549150281252627 169.75528258147577 0
      vertex 3.4549150281252627 169.75528258147577 -6.1
    endloop
  endfacet
  facet normal 0 0 1
    outer loop
      vertex 3.2898992833716565 169.69846310392956 0
      vertex 3.4549150281252627 0.24471741852423268 0
      vertex 3.4549150281252627 169.75528258147577 0
    endloop
  endfacet
  facet normal -0.2923717047227402 -0.9563047559630343 0
    outer loop
      vertex 3.4549150281252627 0.24471741852423268 -6.1
      vertex 3.621813220915004 0.19369152030840553 -6.1
      vertex 3.4549150281252627 0.24471741852423268 0
    endloop
  endfacet
  facet normal 0 0 -1
    outer loop
      vertex 3.4549150281252627 0.24471741852423268 -6.1
      vertex 4.4975000000000005 3.397593661627762 -6.1
      vertex 3.621813220915004 0.19369152030840553 -6.1
    endloop
  endfacet
  facet normal -0.2923717047227402 -0.9563047559630343 0
    outer loop
      vertex 3.4549150281252627 0.24471741852423268 0
      vertex 3.621813220915004 0.19369152030840553 -6.1
      vertex 3.621813220915004 0.19369152030840553 0
    endloop
  endfacet
  facet normal 0 0 1
    outer loop
      vertex 3.4549150281252627 0.24471741852423268 0
      vertex 3.621813220915004 0.19369152030840553 0
      vertex 3.4549150281252627 169.75528258147577 0
    endloop
  endfacet
  facet normal -0.29237170472281004 0.956304755963013 0
    outer loop
      vertex 3.4549150281252627 169.75528258147577 -6.1
      vertex 3.4549150281252627 169.75528258147577 0
      vertex 3.621813220915004 169.8063084796916 0
    endloop
  endfacet
  facet normal -0.29237170472281004 0.956304755963013 0
    outer loop
      vertex 3.4549150281252627 169.75528258147577 -6.1
      vertex 3.621813220915004 169.8063084796916 0
      vertex 3.621813220915004 169.8063084796916 -6.1
    endloop
  endfacet
  facet normal 0 0 1
    outer loop
      vertex 3.4549150281252627 169.75528258147577 0
      vertex 3.621813220915004 0.19369152030840553 0
      vertex 3.621813220915004 169.8063084796916 0
    endloop
  endfacet
  facet normal -0.2588190451025193 -0.9659258262890686 0
    outer loop
      vertex 3.621813220915004 0.19369152030840553 -6.1
      vertex 3.7903905220016614 0.14852136862001775 -6.1
      vertex 3.621813220915004 0.19369152030840553 0
    endloop
  endfacet
  facet normal 0 0 -1
    outer loop
      vertex 3.621813220915004 0.19369152030840553 -6.1
      vertex 4.4975000000000005 3.397593661627762 -6.1
      vertex 3.7903905220016614 0.14852136862001775 -6.1
    endloop
  endfacet
  facet normal -0.2588190451025193 -0.9659258262890686 0
    outer loop
      vertex 3.621813220915004 0.19369152030840553 0
      vertex 3.7903905220016614 0.14852136862001775 -6.1
      vertex 3.7903905220016614 0.14852136862001775 0
    endloop
  endfacet
  facet normal 0 0 1
    outer loop
      vertex 3.621813220915004 0.19369152030840553 0
      vertex 3.7903905220016614 0.14852136862001775 0
      vertex 3.621813220915004 169.8063084796916 0
    endloop
  endfacet
  facet normal -0.258819045102486 0.9659258262890775 0
    outer loop
      vertex 3.621813220915004 169.8063084796916 -6.1
      vertex 3.621813220915004 169.8063084796916 0
      vertex 3.7903905220016614 169.85147863138 0
    endloop
  endfacet
  facet normal -0.258819045102486 0.9659258262890775 0
    outer loop
      vertex 3.621813220915004 169.8063084796916 -6.1
      vertex 3.7903905220016614 169.85147863138 0
      vertex 3.7903905220016614 169.85147863138 -6.1
    endloop
  endfacet
  facet normal 0 0 1
    outer loop
      vertex 3.621813220915004 169.8063084796916 0
      vertex 3.7903905220016614 0.14852136862001775 0
      vertex 3.7903905220016614 169.85147863138 0
    endloop
  endfacet
  facet normal -0.22495105434386706 -0.9743700647852347 0
    outer loop
      vertex 3.7903905220016614 0.14852136862001775 -6.1
      vertex 3.9604415459112032 0.10926199633097156 -6.1
      vertex 3.7903905220016614 0.14852136862001775 0
    endloop
  endfacet
  facet normal 0 0 -1
    outer loop
      vertex 3.7903905220016614 0.14852136862001775 -6.1
      vertex 4.4975000000000005 3.397593661627762 -6.1
      vertex 3.9604415459112032 0.10926199633097156 -6.1
    endloop
  endfacet
  facet normal -0.22495105434386706 -0.9743700647852347 0
    outer loop
      vertex 3.7903905220016614 0.14852136862001775 0
      vertex 3.9604415459112032 0.10926199633097156 -6.1
      vertex 3.9604415459112032 0.10926199633097156 0
    endloop
  endfacet
  facet normal 0 0 1
    outer loop
      vertex 3.7903905220016614 0.14852136862001775 0
      vertex 3.9604415459112032 0.10926199633097156 0
      vertex 3.7903905220016614 169.85147863138 0
    endloop
  endfacet
  facet normal -0.22495105434374627 0.9743700647852626 0
    outer loop
      vertex 3.7903905220016614 169.85147863138 -6.1
      vertex 3.7903905220016614 169.85147863138 0
      vertex 3.9604415459112032 169.89073800366901 0
    endloop
  endfacet
  facet normal -0.22495105434374627 0.9743700647852626 0
    outer loop
      vertex 3.7903905220016614 169.85147863138 -6.1
      vertex 3.9604415459112032 169.89073800366901 0
      vertex 3.9604415459112032 169.89073800366901 -6.1
    endloop
  endfacet
  facet normal 0 0 1
    outer loop
      vertex 3.7903905220016614 169.85147863138 0
      vertex 3.9604415459112032 0.10926199633097156 0
      vertex 3.9604415459112032 169.89073800366901 0
    endloop
  endfacet
  facet normal -0.19080899537653986 -0.9816271834476648 0
    outer loop
      vertex 3.9604415459112032 0.10926199633097156 -6.1
      vertex 4.131759111665349 0.07596123493896023 -6.1
      vertex 3.9604415459112032 0.10926199633097156 0
    endloop
  endfacet
  facet normal 0 0 -1
    outer loop
      vertex 3.9604415459112032 0.10926199633097156 -6.1
      vertex 4.4975000000000005 3.397593661627762 -6.1
      vertex 4.131759111665349 0.07596123493896023 -6.1
    endloop
  endfacet
  facet normal -0.19080899537653986 -0.9816271834476648 0
    outer loop
      vertex 3.9604415459112032 0.10926199633097156 0
      vertex 4.131759111665349 0.07596123493896023 -6.1
      vertex 4.131759111665349 0.07596123493896023 0
    endloop
  endfacet
  facet normal 0 0 1
    outer loop
      vertex 3.9604415459112032 0.10926199633097156 0
      vertex 4.131759111665349 0.07596123493896023 0
      vertex 3.9604415459112032 169.89073800366901 0
    endloop
  endfacet
  facet normal -0.19080899537654974 0.9816271834476631 0
    outer loop
      vertex 3.9604415459112032 169.89073800366901 -6.1
      vertex 3.9604415459112032 169.89073800366901 0
      vertex 4.131759111665349 169.92403876506103 0
    endloop
  endfacet
  facet normal -0.19080899537654974 0.9816271834476631 0
    outer loop
      vertex 3.9604415459112032 169.89073800366901 -6.1
      vertex 4.131759111665349 169.92403876506103 0
      vertex 4.131759111665349 169.92403876506103 -6.1
    endloop
  endfacet
  facet normal 0 0 1
    outer loop
      vertex 3.9604415459112032 169.89073800366901 0
      vertex 4.131759111665349 0.07596123493896023 0
      vertex 4.131759111665349 169.92403876506103 0
    endloop
  endfacet
  facet normal -0.1564344650402343 -0.9876883405951371 0
    outer loop
      vertex 4.131759111665349 0.07596123493896023 -6.1
      vertex 4.304134495199673 0.04865965629214841 -6.1
      vertex 4.131759111665349 0.07596123493896023 0
    endloop
  endfacet
  facet normal 0 0 -1
    outer loop
      vertex 4.131759111665349 0.07596123493896023 -6.1
      vertex 4.4975000000000005 3.397593661627762 -6.1
      vertex 4.304134495199673 0.04865965629214841 -6.1
    endloop
  endfacet
  facet normal -0.1564344650402343 -0.9876883405951371 0
    outer loop
      vertex 4.131759111665349 0.07596123493896023 0
      vertex 4.304134495199673 0.04865965629214841 -6.1
      vertex 4.304134495199673 0.04865965629214841 0
    endloop
  endfacet
  facet normal 0 0 1
    outer loop
      vertex 4.131759111665349 0.07596123493896023 0
      vertex 4.304134495199673 0.04865965629214841 0
      vertex 4.131759111665349 169.92403876506103 0
    endloop
  endfacet
  facet normal -0.15643446504024425 0.9876883405951357 0
    outer loop
      vertex 4.131759111665349 169.92403876506103 -6.1
      vertex 4.131759111665349 169.92403876506103 0
      vertex 4.304134495199673 169.95134034370784 0
    endloop
  endfacet
  facet normal -0.15643446504024425 0.9876883405951357 0
    outer loop
      vertex 4.131759111665349 169.92403876506103 -6.1
      vertex 4.304134495199673 169.95134034370784 0
      vertex 4.304134495199673 169.95134034370784 -6.1
    endloop
  endfacet
  facet normal 0 0 1
    outer loop
      vertex 4.131759111665349 169.92403876506103 0
      vertex 4.304134495199673 0.04865965629214841 0
      vertex 4.304134495199673 169.95134034370784 0
    endloop
  endfacet
  facet normal -0.121869343405147 -0.992546151641322 0
    outer loop
      vertex 4.304134495199673 0.04865965629214841 -6.1
      vertex 4.477357683661733 0.02739052315863333 -6.1
      vertex 4.304134495199673 0.04865965629214841 0
    endloop
  endfacet
  facet normal 0 0 -1
    outer loop
      vertex 4.304134495199673 0.04865965629214841 -6.1
      vertex 4.4975000000000005 3.397593661627762 -6.1
      vertex 4.477357683661733 0.02739052315863333 -6.1
    endloop
  endfacet
  facet normal 0 0 1
    outer loop
      vertex 4.304134495199673 0.04865965629214841 0
      vertex 4.4 6 0
      vertex 4.304134495199673 169.95134034370784 0
    endloop
  endfacet
  facet normal 0 0 1
    outer loop
      vertex 4.304134495199673 0.04865965629214841 0
      vertex 4.424307595180467 5.722162915732912 0
      vertex 4.4 6 0
    endloop
  endfacet
  facet normal -0.121869343405147 -0.992546151641322 0
    outer loop
      vertex 4.304134495199673 0.04865965629214841 0
      vertex 4.477357683661733 0.02739052315863333 -6.1
      vertex 4.477357683661733 0.02739052315863333 0
    endloop
  endfacet
  facet normal 0 0 1
    outer loop
      vertex 4.304134495199673 0.04865965629214841 0
      vertex 4.477357683661733 0.02739052315863333 0
      vertex 4.424307595180467 5.722162915732912 0
    endloop
  endfacet
  facet normal -0.12186934340522726 0.9925461516413122 0
    outer loop
      vertex 4.304134495199673 169.95134034370784 -6.1
      vertex 4.304134495199673 169.95134034370784 0
      vertex 4.477357683661733 169.97260947684137 0
    endloop
  endfacet
  facet normal -0.12186934340522726 0.9925461516413122 0
    outer loop
      vertex 4.304134495199673 169.95134034370784 -6.1
      vertex 4.477357683661733 169.97260947684137 0
      vertex 4.477357683661733 169.97260947684137 -6.1
    endloop
  endfacet
  facet normal 0 0 1
    outer loop
      vertex 4.304134495199673 169.95134034370784 0
      vertex 4.4 6 0
      vertex 4.424307595180467 6.277837084267088 0
    endloop
  endfacet
  facet normal 0 0 1
    outer loop
      vertex 4.304134495199673 169.95134034370784 0
      vertex 4.4 164 0
      vertex 4.424307595180467 164.27783708426708 0
    endloop
  endfacet
  facet normal 0 0 1
    outer loop
      vertex 4.304134495199673 169.95134034370784 0
      vertex 4.424307595180467 6.277837084267088 0
      vertex 4.496491806742546 6.54723222932107 0
    endloop
  endfacet
  facet normal 0 0 1
    outer loop
      vertex 4.304134495199673 169.95134034370784 0
      vertex 4.424307595180467 164.27783708426708 0
      vertex 4.496491806742546 164.54723222932108 0
    endloop
  endfacet
  facet normal 0 0 1
    outer loop
      vertex 4.304134495199673 169.95134034370784 0
      vertex 4.496491806742546 6.54723222932107 0
      vertex 4.4 164 0
    endloop
  endfacet
  facet normal 0 0 1
    outer loop
      vertex 4.304134495199673 169.95134034370784 0
      vertex 4.496491806742546 164.54723222932108 0
      vertex 4.477357683661733 169.97260947684137 0
    endloop
  endfacet
  facet normal 0.9961946980917457 0.08715574274765785 0
    outer loop
      vertex 4.4 6 -3.6000000000000014
      vertex 4.4 6 0
      vertex 4.424307595180467 5.722162915732912 -3.6000000000000014
    endloop
  endfacet
  facet normal 0.9961946980917457 -0.08715574274765785 0
    outer loop
      vertex 4.4 6 -3.6000000000000014
      vertex 4.424307595180467 6.277837084267088 -3.6000000000000014
      vertex 4.424307595180467 6.277837084267088 0
    endloop
  endfacet
  facet normal 0.9961946980917457 -0.08715574274765785 0
    outer loop
      vertex 4.4 6 -3.6000000000000014
      vertex 4.424307595180467 6.277837084267088 0
      vertex 4.4 6 0
    endloop
  endfacet
  facet normal 0.9961946980917457 0.08715574274765785 0
    outer loop
      vertex 4.4 6 0
      vertex 4.424307595180467 5.722162915732912 0
      vertex 4.424307595180467 5.722162915732912 -3.6000000000000014
    endloop
  endfacet
  facet normal 0.9961946980917452 0.08715574274766144 0
    outer loop
      vertex 4.4 164 -3.6000000000000014
      vertex 4.4 164 0
      vertex 4.424307595180467 163.72216291573292 -3.6000000000000014
    endloop
  endfacet
  facet normal 0.9961946980917452 -0.08715574274766144 0
    outer loop
      vertex 4.4 164 -3.6000000000000014
      vertex 4.424307595180467 164.27783708426708 -3.6000000000000014
      vertex 4.424307595180467 164.27783708426708 0
    endloop
  endfacet
  facet normal 0.9961946980917452 -0.08715574274766144 0
    outer loop
      vertex 4.4 164 -3.6000000000000014
      vertex 4.424307595180467 164.27783708426708 0
      vertex 4.4 164 0
    endloop
  endfacet
  facet normal 0.9961946980917452 0.08715574274766144 0
    outer loop
      vertex 4.4 164 0
      vertex 4.424307595180467 163.72216291573292 0
      vertex 4.424307595180467 163.72216291573292 -3.6000000000000014
    endloop
  endfacet
  facet normal 0 0 1
    outer loop
      vertex 4.4 164 0
      vertex 4.496491806742546 6.54723222932107 0
      vertex 4.424307595180467 163.72216291573292 0
    endloop
  endfacet
  facet normal 0.9659258262890686 0.258819045102519 0
    outer loop
      vertex 4.424307595180467 5.722162915732912 -3.6000000000000014
      vertex 4.424307595180467 5.722162915732912 0
      vertex 4.496491806742546 5.45276777067893 -3.6000000000000014
    endloop
  endfacet
  facet normal 0 0 1
    outer loop
      vertex 4.424307595180467 5.722162915732912 0
      vertex 4.477357683661733 0.02739052315863333 0
      vertex 4.496491806742546 5.45276777067893 0
    endloop
  endfacet
  facet normal 0.9659258262890686 0.258819045102519 0
    outer loop
      vertex 4.424307595180467 5.722162915732912 0
      vertex 4.496491806742546 5.45276777067893 0
      vertex 4.496491806742546 5.45276777067893 -3.6000000000000014
    endloop
  endfacet
  facet normal 0.9659258262890686 -0.258819045102519 0
    outer loop
      vertex 4.424307595180467 6.277837084267088 -3.6000000000000014
      vertex 4.496491806742546 6.54723222932107 -3.6000000000000014
      vertex 4.496491806742546 6.54723222932107 0
    endloop
  endfacet
  facet normal 0.9659258262890686 -0.258819045102519 0
    outer loop
      vertex 4.424307595180467 6.277837084267088 -3.6000000000000014
      vertex 4.496491806742546 6.54723222932107 0
      vertex 4.424307595180467 6.277837084267088 0
    endloop
  endfacet
  facet normal 0.9659258262890745 0.25881904510249754 0
    outer loop
      vertex 4.424307595180467 163.72216291573292 -3.6000000000000014
      vertex 4.424307595180467 163.72216291573292 0
      vertex 4.496491806742546 163.45276777067892 -3.6000000000000014
    endloop
  endfacet
  facet normal 0 0 1
    outer loop
      vertex 4.424307595180467 163.72216291573292 0
      vertex 4.496491806742546 6.54723222932107 0
      vertex 4.614359353944899 6.8 0
    endloop
  endfacet
  facet normal 0.9659258262890745 0.25881904510249754 0
    outer loop
      vertex 4.424307595180467 163.72216291573292 0
      vertex 4.496491806742546 163.45276777067892 0
      vertex 4.496491806742546 163.45276777067892 -3.6000000000000014
    endloop
  endfacet
  facet normal 0 0 1
    outer loop
      vertex 4.424307595180467 163.72216291573292 0
      vertex 4.614359353944899 6.8 0
      vertex 4.774328891009635 7.028460175498463 0
    endloop
  endfacet
  facet normal 0 0 1
    outer loop
      vertex 4.424307595180467 163.72216291573292 0
      vertex 4.774328891009635 7.028460175498463 0
      vertex 4.496491806742546 163.45276777067892 0
    endloop
  endfacet
  facet normal 0.9659258262890745 -0.25881904510249754 0
    outer loop
      vertex 4.424307595180467 164.27783708426708 -3.6000000000000014
      vertex 4.496491806742546 164.54723222932108 -3.6000000000000014
      vertex 4.496491806742546 164.54723222932108 0
    endloop
  endfacet
  facet normal 0.9659258262890745 -0.25881904510249754 0
    outer loop
      vertex 4.424307595180467 164.27783708426708 -3.6000000000000014
      vertex 4.496491806742546 164.54723222932108 0
      vertex 4.424307595180467 164.27783708426708 0
    endloop
  endfacet
  facet normal 0 0 -1
    outer loop
      vertex 4.477357683661733 0.02739052315863333 -6.1
      vertex 4.4975000000000005 3.397593661627762 -6.1
      vertex 7.5024999999999995 3.397593661627762 -6.1
    endloop
  endfacet
  facet normal -0.08715574274765824 -0.9961946980917455 0
    outer loop
      vertex 4.477357683661733 0.02739052315863333 -6.1
      vertex 4.651217631279374 0.01217974870087879 -6.1
      vertex 4.477357683661733 0.02739052315863333 0
    endloop
  endfacet
  facet normal 0 0 -1
    outer loop
      vertex 4.477357683661733 0.02739052315863333 -6.1
      vertex 7.5024999999999995 3.397593661627762 -6.1
      vertex 4.651217631279374 0.01217974870087879 -6.1
    endloop
  endfacet
  facet normal 0 0 1
    outer loop
      vertex 4.477357683661733 0.02739052315863333 0
      vertex 4.614359353944899 5.2 0
      vertex 4.496491806742546 5.45276777067893 0
    endloop
  endfacet
  facet normal -0.08715574274765824 -0.9961946980917455 0
    outer loop
      vertex 4.477357683661733 0.02739052315863333 0
      vertex 4.651217631279374 0.01217974870087879 -6.1
      vertex 4.651217631279374 0.01217974870087879 0
    endloop
  endfacet
  facet normal 0 0 1
    outer loop
      vertex 4.477357683661733 0.02739052315863333 0
      vertex 4.651217631279374 0.01217974870087879 0
      vertex 4.614359353944899 5.2 0
    endloop
  endfacet
  facet normal -0.08715574274766832 0.9961946980917447 0
    outer loop
      vertex 4.477357683661733 169.97260947684137 -6.1
      vertex 4.477357683661733 169.97260947684137 0
      vertex 4.651217631279374 169.98782025129913 0
    endloop
  endfacet
  facet normal 0 0 -1
    outer loop
      vertex 4.477357683661733 169.97260947684137 -6.1
      vertex 4.651217631279374 169.98782025129913 -6.1
      vertex 4.4975000000000005 166.60240633837225 -6.1
    endloop
  endfacet
  facet normal -0.08715574274766832 0.9961946980917447 0
    outer loop
      vertex 4.477357683661733 169.97260947684137 -6.1
      vertex 4.651217631279374 169.98782025129913 0
      vertex 4.651217631279374 169.98782025129913 -6.1
    endloop
  endfacet
  facet normal 0 0 1
    outer loop
      vertex 4.477357683661733 169.97260947684137 0
      vertex 4.496491806742546 164.54723222932108 0
      vertex 4.614359353944899 164.8 0
    endloop
  endfacet
  facet normal 0 0 1
    outer loop
      vertex 4.477357683661733 169.97260947684137 0
      vertex 4.614359353944899 164.8 0
      vertex 4.774328891009635 165.02846017549845 0
    endloop
  endfacet
  facet normal 0 0 1
    outer loop
      vertex 4.477357683661733 169.97260947684137 0
      vertex 4.774328891009635 165.02846017549845 0
      vertex 4.651217631279374 169.98782025129913 0
    endloop
  endfacet
  facet normal 0.906307787036649 0.42261826174070155 0
    outer loop
      vertex 4.496491806742546 5.45276777067893 -3.6000000000000014
      vertex 4.496491806742546 5.45276777067893 0
      vertex 4.614359353944899 5.2 -3.6000000000000014
    endloop
  endfacet
  facet normal 0 0 -1
    outer loop
      vertex 4.496491806742546 5.45276777067893 -3.6000000000000014
      vertex 4.614359353944899 5.2 -3.6000000000000014
      vertex 4.4975000000000005 3.397593661627762 -3.6000000000000014
    endloop
  endfacet
  facet normal 0.906307787036649 0.42261826174070155 0
    outer loop
      vertex 4.496491806742546 5.45276777067893 0
      vertex 4.614359353944899 5.2 0
      vertex 4.614359353944899 5.2 -3.6000000000000014
    endloop
  endfacet
  facet normal 0.906307787036649 -0.42261826174070155 0
    outer loop
      vertex 4.496491806742546 6.54723222932107 -3.6000000000000014
      vertex 4.614359353944899 6.8 -3.6000000000000014
      vertex 4.614359353944899 6.8 0
    endloop
  endfacet
  facet normal 0.906307787036649 -0.42261826174070155 0
    outer loop
      vertex 4.496491806742546 6.54723222932107 -3.6000000000000014
      vertex 4.614359353944899 6.8 0
      vertex 4.496491806742546 6.54723222932107 0
    endloop
  endfacet
  facet normal 0.9063077870366485 0.42261826174070277 0
    outer loop
      vertex 4.496491806742546 163.45276777067892 -3.6000000000000014
      vertex 4.496491806742546 163.45276777067892 0
      vertex 4.614359353944899 163.2 -3.6000000000000014
    endloop
  endfacet
  facet normal 0 0 -1
    outer loop
      vertex 4.496491806742546 163.45276777067892 -3.6000000000000014
      vertex 4.614359353944899 163.2 -3.6000000000000014
      vertex 4.4975000000000005 161.39759366162775 -3.6000000000000014
    endloop
  endfacet
  facet normal 0.9063077870366485 0.42261826174070277 0
    outer loop
      vertex 4.496491806742546 163.45276777067892 0
      vertex 4.614359353944899 163.2 0
      vertex 4.614359353944899 163.2 -3.6000000000000014
    endloop
  endfacet
  facet normal 0 0 1
    outer loop
      vertex 4.496491806742546 163.45276777067892 0
      vertex 4.774328891009635 7.028460175498463 0
      vertex 4.614359353944899 163.2 0
    endloop
  endfacet
  facet normal 0.9063077870366485 -0.42261826174070277 0
    outer loop
      vertex 4.496491806742546 164.54723222932108 -3.6000000000000014
      vertex 4.614359353944899 164.8 -3.6000000000000014
      vertex 4.614359353944899 164.8 0
    endloop
  endfacet
  facet normal 0.9063077870366485 -0.42261826174070277 0
    outer loop
      vertex 4.496491806742546 164.54723222932108 -3.6000000000000014
      vertex 4.614359353944899 164.8 0
      vertex 4.496491806742546 164.54723222932108 0
    endloop
  endfacet
  facet normal 0 1 0
    outer loop
      vertex 4.4975000000000005 3.397593661627762 -6.1
      vertex 4.4975000000000005 3.397593661627762 -3.6000000000000014
      vertex 7.5024999999999995 3.397593661627762 -6.1
    endloop
  endfacet
  facet normal 0 0 -1
    outer loop
      vertex 4.4975000000000005 3.397593661627762 -3.6000000000000014
      vertex 4.614359353944899 5.2 -3.6000000000000014
      vertex 4.774328891009635 4.971539824501537 -3.6000000000000014
    endloop
  endfacet
  facet normal 0 0 -1
    outer loop
      vertex 4.4975000000000005 3.397593661627762 -3.6000000000000014
      vertex 4.774328891009635 4.971539824501537 -3.6000000000000014
      vertex 4.971539824501537 4.774328891009635 -3.6000000000000014
    endloop
  endfacet
  facet normal 0 0 -1
    outer loop
      vertex 4.4975000000000005 3.397593661627762 -3.6000000000000014
      vertex 4.971539824501537 4.774328891009635 -3.6000000000000014
      vertex 5.2 4.614359353944899 -3.6000000000000014
    endloop
  endfacet
  facet normal 0 0 -1
    outer loop
      vertex 4.4975000000000005 3.397593661627762 -3.6000000000000014
      vertex 5.2 4.614359353944899 -3.6000000000000014
      vertex 5.45276777067893 4.496491806742546 -3.6000000000000014
    endloop
  endfacet
  facet normal 0 0 -1
    outer loop
      vertex 4.4975000000000005 3.397593661627762 -3.6000000000000014
      vertex 5.45276777067893 4.496491806742546 -3.6000000000000014
      vertex 5.722162915732912 4.424307595180467 -3.6000000000000014
    endloop
  endfacet
  facet normal 0 0 -1
    outer loop
      vertex 4.4975000000000005 3.397593661627762 -3.6000000000000014
      vertex 5.722162915732912 4.424307595180467 -3.6000000000000014
      vertex 6 4.4 -3.6000000000000014
    endloop
  endfacet
  facet normal 0 0 -1
    outer loop
      vertex 4.4975000000000005 3.397593661627762 -3.6000000000000014
      vertex 6 4.4 -3.6000000000000014
      vertex 6.277837084267088 4.424307595180467 -3.6000000000000014
    endloop
  endfacet
  facet normal 0 0 -1
    outer loop
      vertex 4.4975000000000005 3.397593661627762 -3.6000000000000014
      vertex 6.277837084267088 4.424307595180467 -3.6000000000000014
      vertex 7.5024999999999995 3.397593661627762 -3.6000000000000014
    endloop
  endfacet
  facet normal 0 1 0
    outer loop
      vertex 4.4975000000000005 3.397593661627762 -3.6000000000000014
      vertex 7.5024999999999995 3.397593661627762 -3.6000000000000014
      vertex 7.5024999999999995 3.397593661627762 -6.1
    endloop
  endfacet
  facet normal 0 0 -1
    outer loop
      vertex 4.4975000000000005 8.602406338372237 -6.1
      vertex 4.4975000000000005 161.39759366162775 -6.1
      vertex 7.5024999999999995 161.39759366162775 -6.1
    endloop
  endfacet
  facet normal 0 -1 0
    outer loop
      vertex 4.4975000000000005 8.602406338372237 -6.1
      vertex 7.5024999999999995 8.602406338372237 -6.1
      vertex 7.5024999999999995 8.602406338372237 -3.6000000000000014
    endloop
  endfacet
  facet normal 0 -1 0
    outer loop
      vertex 4.4975000000000005 8.602406338372237 -6.1
      vertex 7.5024999999999995 8.602406338372237 -3.6000000000000014
      vertex 4.4975000000000005 8.602406338372237 -3.6000000000000014
    endloop
  endfacet
  facet normal 0 0 -1
    outer loop
      vertex 4.4975000000000005 8.602406338372237 -6.1
      vertex 7.5024999999999995 161.39759366162775 -6.1
      vertex 23 147 -6.1
    endloop
  endfacet
  facet normal 0 0 -1
    outer loop
      vertex 4.4975000000000005 8.602406338372237 -6.1
      vertex 23 23 -6.1
      vertex 7.5024999999999995 8.602406338372237 -6.1
    endloop
  endfacet
  facet normal 0 0 -1
    outer loop
      vertex 4.4975000000000005 8.602406338372237 -6.1
      vertex 23 147 -6.1
      vertex 23 23 -6.1
    endloop
  endfacet
  facet normal 0 0 -1
    outer loop
      vertex 4.4975000000000005 8.602406338372237 -3.6000000000000014
      vertex 4.774328891009635 7.028460175498463 -3.6000000000000014
      vertex 4.614359353944899 6.8 -3.6000000000000014
    endloop
  endfacet
  facet normal 0 0 -1
    outer loop
      vertex 4.4975000000000005 8.602406338372237 -3.6000000000000014
      vertex 4.971539824501537 7.225671108990365 -3.6000000000000014
      vertex 4.774328891009635 7.028460175498463 -3.6000000000000014
    endloop
  endfacet
  facet normal 0 0 -1
    outer loop
      vertex 4.4975000000000005 8.602406338372237 -3.6000000000000014
      vertex 5.2 7.385640646055101 -3.6000000000000014
      vertex 4.971539824501537 7.225671108990365 -3.6000000000000014
    endloop
  endfacet
  facet normal 0 0 -1
    outer loop
      vertex 4.4975000000000005 8.602406338372237 -3.6000000000000014
      vertex 5.45276777067893 7.503508193257454 -3.6000000000000014
      vertex 5.2 7.385640646055101 -3.6000000000000014
    endloop
  endfacet
  facet normal 0 0 -1
    outer loop
      vertex 4.4975000000000005 8.602406338372237 -3.6000000000000014
      vertex 5.722162915732912 7.575692404819533 -3.6000000000000014
      vertex 5.45276777067893 7.503508193257454 -3.6000000000000014
    endloop
  endfacet
  facet normal 0 0 -1
    outer loop
      vertex 4.4975000000000005 8.602406338372237 -3.6000000000000014
      vertex 7.5024999999999995 8.602406338372237 -3.6000000000000014
      vertex 5.722162915732912 7.575692404819533 -3.6000000000000014
    endloop
  endfacet
  facet normal 0 1 0
    outer loop
      vertex 4.4975000000000005 161.39759366162775 -6.1
      vertex 4.4975000000000005 161.39759366162775 -3.6000000000000014
      vertex 7.5024999999999995 161.39759366162775 -6.1
    endloop
  endfacet
  facet normal 0 0 -1
    outer loop
      vertex 4.4975000000000005 161.39759366162775 -3.6000000000000014
      vertex 4.614359353944899 163.2 -3.6000000000000014
      vertex 4.774328891009635 162.97153982450155 -3.6000000000000014
    endloop
  endfacet
  facet normal 0 0 -1
    outer loop
      vertex 4.4975000000000005 161.39759366162775 -3.6000000000000014
      vertex 4.774328891009635 162.97153982450155 -3.6000000000000014
      vertex 4.971539824501537 162.77432889100965 -3.6000000000000014
    endloop
  endfacet
  facet normal 0 0 -1
    outer loop
      vertex 4.4975000000000005 161.39759366162775 -3.6000000000000014
      vertex 4.971539824501537 162.77432889100965 -3.6000000000000014
      vertex 5.2 162.6143593539449 -3.6000000000000014
    endloop
  endfacet
  facet normal 0 0 -1
    outer loop
      vertex 4.4975000000000005 161.39759366162775 -3.6000000000000014
      vertex 5.2 162.6143593539449 -3.6000000000000014
      vertex 5.45276777067893 162.49649180674254 -3.6000000000000014
    endloop
  endfacet
  facet normal 0 0 -1
    outer loop
      vertex 4.4975000000000005 161.39759366162775 -3.6000000000000014
      vertex 5.45276777067893 162.49649180674254 -3.6000000000000014
      vertex 5.722162915732912 162.42430759518047 -3.6000000000000014
    endloop
  endfacet
  facet normal 0 0 -1
    outer loop
      vertex 4.4975000000000005 161.39759366162775 -3.6000000000000014
      vertex 5.722162915732912 162.42430759518047 -3.6000000000000014
      vertex 6 162.4 -3.6000000000000014
    endloop
  endfacet
  facet normal 0 0 -1
    outer loop
      vertex 4.4975000000000005 161.39759366162775 -3.6000000000000014
      vertex 6 162.4 -3.6000000000000014
      vertex 6.277837084267088 162.42430759518047 -3.6000000000000014
    endloop
  endfacet
  facet normal 0 0 -1
    outer loop
      vertex 4.4975000000000005 161.39759366162775 -3.6000000000000014
      vertex 6.277837084267088 162.42430759518047 -3.6000000000000014
      vertex 7.5024999999999995 161.39759366162775 -3.6000000000000014
    endloop
  endfacet
  facet normal 0 1 0
    outer loop
      vertex 4.4975000000000005 161.39759366162775 -3.6000000000000014
      vertex 7.5024999999999995 161.39759366162775 -3.6000000000000014
      vertex 7.5024999999999995 161.39759366162775 -6.1
    endloop
  endfacet
  facet normal 0 0 -1
    outer loop
      vertex 4.4975000000000005 166.60240633837225 -6.1
      vertex 4.651217631279374 169.98782025129913 -6.1
      vertex 4.825502516487495 169.99695413509548 -6.1
    endloop
  endfacet
  facet normal 0 0 -1
    outer loop
      vertex 4.4975000000000005 166.60240633837225 -6.1
      vertex 4.825502516487495 169.99695413509548 -6.1
      vertex 5 170 -6.1
    endloop
  endfacet
  facet normal 0 0 -1
    outer loop
      vertex 4.4975000000000005 166.60240633837225 -6.1
      vertex 5 170 -6.1
      vertex 7.5024999999999995 166.60240633837225 -6.1
    endloop
  endfacet
  facet normal 0 -1 0
    outer loop
      vertex 4.4975000000000005 166.60240633837225 -6.1
      vertex 7.5024999999999995 166.60240633837225 -6.1
      vertex 7.5024999999999995 166.60240633837225 -3.6000000000000014
    endloop
  endfacet
  facet normal 0 -1 0
    outer loop
      vertex 4.4975000000000005 166.60240633837225 -6.1
      vertex 7.5024999999999995 166.60240633837225 -3.6000000000000014
      vertex 4.4975000000000005 166.60240633837225 -3.6000000000000014
    endloop
  endfacet
  facet normal 0 0 -1
    outer loop
      vertex 4.4975000000000005 166.60240633837225 -3.6000000000000014
      vertex 4.774328891009635 165.02846017549845 -3.6000000000000014
      vertex 4.614359353944899 164.8 -3.6000000000000014
    endloop
  endfacet
  facet normal 0 0 -1
    outer loop
      vertex 4.4975000000000005 166.60240633837225 -3.6000000000000014
      vertex 4.971539824501537 165.22567110899035 -3.6000000000000014
      vertex 4.774328891009635 165.02846017549845 -3.6000000000000014
    endloop
  endfacet
  facet normal 0 0 -1
    outer loop
      vertex 4.4975000000000005 166.60240633837225 -3.6000000000000014
      vertex 5.2 165.3856406460551 -3.6000000000000014
      vertex 4.971539824501537 165.22567110899035 -3.6000000000000014
    endloop
  endfacet
  facet normal 0 0 -1
    outer loop
      vertex 4.4975000000000005 166.60240633837225 -3.6000000000000014
      vertex 5.45276777067893 165.50350819325746 -3.6000000000000014
      vertex 5.2 165.3856406460551 -3.6000000000000014
    endloop
  endfacet
  facet normal 0 0 -1
    outer loop
      vertex 4.4975000000000005 166.60240633837225 -3.6000000000000014
      vertex 5.722162915732912 165.57569240481953 -3.6000000000000014
      vertex 5.45276777067893 165.50350819325746 -3.6000000000000014
    endloop
  endfacet
  facet normal 0 0 -1
    outer loop
      vertex 4.4975000000000005 166.60240633837225 -3.6000000000000014
      vertex 7.5024999999999995 166.60240633837225 -3.6000000000000014
      vertex 5.722162915732912 165.57569240481953 -3.6000000000000014
    endloop
  endfacet
  facet normal 0.8191520442889936 0.5735764363510438 0
    outer loop
      vertex 4.614359353944899 5.2 -3.6000000000000014
      vertex 4.614359353944899 5.2 0
      vertex 4.774328891009635 4.971539824501537 -3.6000000000000014
    endloop
  endfacet
  facet normal 0 0 1
    outer loop
      vertex 4.614359353944899 5.2 0
      vertex 4.651217631279374 0.01217974870087879 0
      vertex 4.774328891009635 4.971539824501537 0
    endloop
  endfacet
  facet normal 0.8191520442889936 0.5735764363510438 0
    outer loop
      vertex 4.614359353944899 5.2 0
      vertex 4.774328891009635 4.971539824501537 0
      vertex 4.774328891009635 4.971539824501537 -3.6000000000000014
    endloop
  endfacet
  facet normal 0.8191520442889936 -0.5735764363510438 0
    outer loop
      vertex 4.614359353944899 6.8 -3.6000000000000014
      vertex 4.774328891009635 7.028460175498463 -3.6000000000000014
      vertex 4.774328891009635 7.028460175498463 0
    endloop
  endfacet
  facet normal 0.8191520442889936 -0.5735764363510438 0
    outer loop
      vertex 4.614359353944899 6.8 -3.6000000000000014
      vertex 4.774328891009635 7.028460175498463 0
      vertex 4.614359353944899 6.8 0
    endloop
  endfacet
  facet normal 0.8191520442889672 0.5735764363510811 0
    outer loop
      vertex 4.614359353944899 163.2 -3.6000000000000014
      vertex 4.614359353944899 163.2 0
      vertex 4.774328891009635 162.97153982450155 -3.6000000000000014
    endloop
  endfacet
  facet normal 0 0 1
    outer loop
      vertex 4.614359353944899 163.2 0
      vertex 4.774328891009635 7.028460175498463 0
      vertex 4.971539824501537 7.225671108990365 0
    endloop
  endfacet
  facet normal 0.8191520442889672 0.5735764363510811 0
    outer loop
      vertex 4.614359353944899 163.2 0
      vertex 4.774328891009635 162.97153982450155 0
      vertex 4.774328891009635 162.97153982450155 -3.6000000000000014
    endloop
  endfacet
  facet normal 0 0 1
    outer loop
      vertex 4.614359353944899 163.2 0
      vertex 4.971539824501537 7.225671108990365 0
      vertex 4.774328891009635 162.97153982450155 0
    endloop
  endfacet
  facet normal 0.8191520442889672 -0.5735764363510811 0
    outer loop
      vertex 4.614359353944899 164.8 -3.6000000000000014
      vertex 4.774328891009635 165.02846017549845 -3.6000000000000014
      vertex 4.774328891009635 165.02846017549845 0
    endloop
  endfacet
  facet normal 0.8191520442889672 -0.5735764363510811 0
    outer loop
      vertex 4.614359353944899 164.8 -3.6000000000000014
      vertex 4.774328891009635 165.02846017549845 0
      vertex 4.614359353944899 164.8 0
    endloop
  endfacet
  facet normal -0.05233595624294317 -0.9986295347545739 0
    outer loop
      vertex 4.651217631279374 0.01217974870087879 -6.1
      vertex 4.825502516487495 0.0030458649045215225 -6.1
      vertex 4.651217631279374 0.01217974870087879 0
    endloop
  endfacet
  facet normal 0 0 -1
    outer loop
      vertex 4.651217631279374 0.01217974870087879 -6.1
      vertex 7.5024999999999995 3.397593661627762 -6.1
      vertex 4.825502516487495 0.0030458649045215225 -6.1
    endloop
  endfacet
  facet normal -0.05233595624294317 -0.9986295347545739 0
    outer loop
      vertex 4.651217631279374 0.01217974870087879 0
      vertex 4.825502516487495 0.0030458649045215225 -6.1
      vertex 4.825502516487495 0.0030458649045215225 0
    endloop
  endfacet
  facet normal 0 0 1
    outer loop
      vertex 4.651217631279374 0.01217974870087879 0
      vertex 4.825502516487495 0.0030458649045215225 0
      vertex 4.774328891009635 4.971539824501537 0
    endloop
  endfacet
  facet normal -0.05233595624291272 0.9986295347545756 0
    outer loop
      vertex 4.651217631279374 169.98782025129913 -6.1
      vertex 4.651217631279374 169.98782025129913 0
      vertex 4.825502516487495 169.99695413509548 0
    endloop
  endfacet
  facet normal -0.05233595624291272 0.9986295347545756 0
    outer loop
      vertex 4.651217631279374 169.98782025129913 -6.1
      vertex 4.825502516487495 169.99695413509548 0
      vertex 4.825502516487495 169.99695413509548 -6.1
    endloop
  endfacet
  facet normal 0 0 1
    outer loop
      vertex 4.651217631279374 169.98782025129913 0
      vertex 4.774328891009635 165.02846017549845 0
      vertex 4.971539824501537 165.22567110899035 0
    endloop
  endfacet
  facet normal 0 0 1
    outer loop
      vertex 4.651217631279374 169.98782025129913 0
      vertex 4.971539824501537 165.22567110899035 0
      vertex 4.825502516487495 169.99695413509548 0
    endloop
  endfacet
  facet normal 0.7071067811865476 0.7071067811865476 0
    outer loop
      vertex 4.774328891009635 4.971539824501537 -3.6000000000000014
      vertex 4.774328891009635 4.971539824501537 0
      vertex 4.971539824501537 4.774328891009635 -3.6000000000000014
    endloop
  endfacet
  facet normal 0 0 1
    outer loop
      vertex 4.774328891009635 4.971539824501537 0
      vertex 4.825502516487495 0.0030458649045215225 0
      vertex 4.971539824501537 4.774328891009635 0
    endloop
  endfacet
  facet normal 0.7071067811865476 0.7071067811865476 0
    outer loop
      vertex 4.774328891009635 4.971539824501537 0
      vertex 4.971539824501537 4.774328891009635 0
      vertex 4.971539824501537 4.774328891009635 -3.6000000000000014
    endloop
  endfacet
  facet normal 0.7071067811865476 -0.7071067811865476 0
    outer loop
      vertex 4.774328891009635 7.028460175498463 -3.6000000000000014
      vertex 4.971539824501537 7.225671108990365 -3.6000000000000014
      vertex 4.971539824501537 7.225671108990365 0
    endloop
  endfacet
  facet normal 0.7071067811865476 -0.7071067811865476 0
    outer loop
      vertex 4.774328891009635 7.028460175498463 -3.6000000000000014
      vertex 4.971539824501537 7.225671108990365 0
      vertex 4.774328891009635 7.028460175498463 0
    endloop
  endfacet
  facet normal 0.7071067811865476 0.7071067811865476 0
    outer loop
      vertex 4.774328891009635 162.97153982450155 -3.6000000000000014
      vertex 4.774328891009635 162.97153982450155 0
      vertex 4.971539824501537 162.77432889100965 -3.6000000000000014
    endloop
  endfacet
  facet normal 0 0 1
    outer loop
      vertex 4.774328891009635 162.97153982450155 0
      vertex 4.971539824501537 7.225671108990365 0
      vertex 5.2 7.385640646055101 0
    endloop
  endfacet
  facet normal 0.7071067811865476 0.7071067811865476 0
    outer loop
      vertex 4.774328891009635 162.97153982450155 0
      vertex 4.971539824501537 162.77432889100965 0
      vertex 4.971539824501537 162.77432889100965 -3.6000000000000014
    endloop
  endfacet
  facet normal 0 0 1
    outer loop
      vertex 4.774328891009635 162.97153982450155 0
      vertex 5.2 7.385640646055101 0
      vertex 4.971539824501537 162.77432889100965 0
    endloop
  endfacet
  facet normal 0.7071067811865476 -0.7071067811865476 0
    outer loop
      vertex 4.774328891009635 165.02846017549845 -3.6000000000000014
      vertex 4.971539824501537 165.22567110899035 -3.6000000000000014
      vertex 4.971539824501537 165.22567110899035 0
    endloop
  endfacet
  facet normal 0.7071067811865476 -0.7071067811865476 0
    outer loop
      vertex 4.774328891009635 165.02846017549845 -3.6000000000000014
      vertex 4.971539824501537 165.22567110899035 0
      vertex 4.774328891009635 165.02846017549845 0
    endloop
  endfacet
  facet normal -0.017452406437284455 -0.9998476951563912 0
    outer loop
      vertex 4.825502516487495 0.0030458649045215225 -6.1
      vertex 5 0 -6.1
      vertex 4.825502516487495 0.0030458649045215225 0
    endloop
  endfacet
  facet normal 0 0 -1
    outer loop
      vertex 4.825502516487495 0.0030458649045215225 -6.1
      vertex 7.5024999999999995 3.397593661627762 -6.1
      vertex 5 0 -6.1
    endloop
  endfacet
  facet normal -0.017452406437284455 -0.9998476951563912 0
    outer loop
      vertex 4.825502516487495 0.0030458649045215225 0
      vertex 5 0 -6.1
      vertex 5 0 0
    endloop
  endfacet
  facet normal 0 0 1
    outer loop
      vertex 4.825502516487495 0.0030458649045215225 0
      vertex 5 0 0
      vertex 4.971539824501537 4.774328891009635 0
    endloop
  endfacet
  facet normal -0.017452406437284455 0.9998476951563912 0
    outer loop
      vertex 4.825502516487495 169.99695413509548 -6.1
      vertex 4.825502516487495 169.99695413509548 0
      vertex 5 170 0
    endloop
  endfacet
  facet normal -0.017452406437284455 0.9998476951563912 0
    outer loop
      vertex 4.825502516487495 169.99695413509548 -6.1
      vertex 5 170 0
      vertex 5 170 -6.1
    endloop
  endfacet
  facet normal 0 0 1
    outer loop
      vertex 4.825502516487495 169.99695413509548 0
      vertex 4.971539824501537 165.22567110899035 0
      vertex 5.2 165.3856406460551 0
    endloop
  endfacet
  facet normal 0 0 1
    outer loop
      vertex 4.825502516487495 169.99695413509548 0
      vertex 5.2 165.3856406460551 0
      vertex 5 170 0
    endloop
  endfacet
  facet normal 0.5735764363510438 0.8191520442889936 0
    outer loop
      vertex 4.971539824501537 4.774328891009635 -3.6000000000000014
      vertex 4.971539824501537 4.774328891009635 0
      vertex 5.2 4.614359353944899 -3.6000000000000014
    endloop
  endfacet
  facet normal 0 0 1
    outer loop
      vertex 4.971539824501537 4.774328891009635 0
      vertex 5 0 0
      vertex 5.2 4.614359353944899 0
    endloop
  endfacet
  facet normal 0.5735764363510438 0.8191520442889936 0
    outer loop
      vertex 4.971539824501537 4.774328891009635 0
      vertex 5.2 4.614359353944899 0
      vertex 5.2 4.614359353944899 -3.6000000000000014
    endloop
  endfacet
  facet normal 0.5735764363510438 -0.8191520442889936 0
    outer loop
      vertex 4.971539824501537 7.225671108990365 -3.6000000000000014
      vertex 5.2 7.385640646055101 -3.6000000000000014
      vertex 5.2 7.385640646055101 0
    endloop
  endfacet
  facet normal 0.5735764363510438 -0.8191520442889936 0
    outer loop
      vertex 4.971539824501537 7.225671108990365 -3.6000000000000014
      vertex 5.2 7.385640646055101 0
      vertex 4.971539824501537 7.225671108990365 0
    endloop
  endfacet
  facet normal 0.5735764363510524 0.8191520442889876 0
    outer loop
      vertex 4.971539824501537 162.77432889100965 -3.6000000000000014
      vertex 4.971539824501537 162.77432889100965 0
      vertex 5.2 162.6143593539449 -3.6000000000000014
    endloop
  endfacet
  facet normal 0 0 1
    outer loop
      vertex 4.971539824501537 162.77432889100965 0
      vertex 5.2 7.385640646055101 0
      vertex 5.2 162.6143593539449 0
    endloop
  endfacet
  facet normal 0.5735764363510524 0.8191520442889876 0
    outer loop
      vertex 4.971539824501537 162.77432889100965 0
      vertex 5.2 162.6143593539449 0
      vertex 5.2 162.6143593539449 -3.6000000000000014
    endloop
  endfacet
  facet normal 0.5735764363510524 -0.8191520442889876 0
    outer loop
      vertex 4.971539824501537 165.22567110899035 -3.6000000000000014
      vertex 5.2 165.3856406460551 -3.6000000000000014
      vertex 5.2 165.3856406460551 0
    endloop
  endfacet
  facet normal 0.5735764363510524 -0.8191520442889876 0
    outer loop
      vertex 4.971539824501537 165.22567110899035 -3.6000000000000014
      vertex 5.2 165.3856406460551 0
      vertex 4.971539824501537 165.22567110899035 0
    endloop
  endfacet
  facet normal 0 0 -1
    outer loop
      vertex 5 0 -6.1
      vertex 7.5024999999999995 3.397593661627762 -6.1
      vertex 23 23 -6.1
    endloop
  endfacet
  facet normal 0 0 -1
    outer loop
      vertex 5 0 -6.1
      vertex 23 23 -6.1
      vertex 202 23 -6.1
    endloop
  endfacet
  facet normal 0 0 -1
    outer loop
      vertex 5 0 -6.1
      vertex 109.495 6 -6.1
      vertex 110.9975 3.397593661627762 -6.1
    endloop
  endfacet
  facet normal 0 0 -1
    outer loop
      vertex 5 0 -6.1
      vertex 110.9975 3.397593661627762 -6.1
      vertex 220 0 -6.1
    endloop
  endfacet
  facet normal 0 0 -1
    outer loop
      vertex 5 0 -6.1
      vertex 110.9975 8.602406338372237 -6.1
      vertex 109.495 6 -6.1
    endloop
  endfacet
  facet normal 0 0 -1
    outer loop
      vertex 5 0 -6.1
      vertex 202 23 -6.1
      vertex 110.9975 8.602406338372237 -6.1
    endloop
  endfacet
  facet normal 0 -1 0
    outer loop
      vertex 5 0 -6.1
      vertex 220 0 -6.1
      vertex 5 0 0
    endloop
  endfacet
  facet normal 0 0 1
    outer loop
      vertex 5 0 0
      vertex 5.45276777067893 4.496491806742546 0
      vertex 5.2 4.614359353944899 0
    endloop
  endfacet
  facet normal 0 0 1
    outer loop
      vertex 5 0 0
      vertex 5.722162915732912 4.424307595180467 0
      vertex 5.45276777067893 4.496491806742546 0
    endloop
  endfacet
  facet normal 0 0 1
    outer loop
      vertex 5 0 0
      vertex 6 4.4 0
      vertex 5.722162915732912 4.424307595180467 0
    endloop
  endfacet
  facet normal 0 0 1
    outer loop
      vertex 5 0 0
      vertex 6.277837084267088 4.424307595180467 0
      vertex 6 4.4 0
    endloop
  endfacet
  facet normal 0 0 1
    outer loop
      vertex 5 0 0
      vertex 6.54723222932107 4.496491806742546 0
      vertex 6.277837084267088 4.424307595180467 0
    endloop
  endfacet
  facet normal 0 0 1
    outer loop
      vertex 5 0 0
      vertex 6.8 4.614359353944899 0
      vertex 6.54723222932107 4.496491806742546 0
    endloop
  endfacet
  facet normal 0 0 1
    outer loop
      vertex 5 0 0
      vertex 7.028460175498463 4.774328891009635 0
      vertex 6.8 4.614359353944899 0
    endloop
  endfacet
  facet normal 0 0 1
    outer loop
      vertex 5 0 0
      vertex 7.225671108990365 4.971539824501537 0
      vertex 7.028460175498463 4.774328891009635 0
    endloop
  endfacet
  facet normal 0 0 1
    outer loop
      vertex 5 0 0
      vertex 7.385640646055101 5.2 0
      vertex 7.225671108990365 4.971539824501537 0
    endloop
  endfacet
  facet normal 0 0 1
    outer loop
      vertex 5 0 0
      vertex 7.503508193257454 5.45276777067893 0
      vertex 7.385640646055101 5.2 0
    endloop
  endfacet
  facet normal 0 0 1
    outer loop
      vertex 5 0 0
      vertex 10 10 0
      vertex 7.503508193257454 5.45276777067893 0
    endloop
  endfacet
  facet normal 0 0 1
    outer loop
      vertex 5 0 0
      vertex 111.11435935394489 5.2 0
      vertex 10 10 0
    endloop
  endfacet
  facet normal 0 0 1
    outer loop
      vertex 5 0 0
      vertex 111.27432889100963 4.971539824501537 0
      vertex 111.11435935394489 5.2 0
    endloop
  endfacet
  facet normal 0 0 1
    outer loop
      vertex 5 0 0
      vertex 111.47153982450153 4.774328891009635 0
      vertex 111.27432889100963 4.971539824501537 0
    endloop
  endfacet
  facet normal 0 0 1
    outer loop
      vertex 5 0 0
      vertex 111.7 4.614359353944899 0
      vertex 111.47153982450153 4.774328891009635 0
    endloop
  endfacet
  facet normal 0 0 1
    outer loop
      vertex 5 0 0
      vertex 111.95276777067893 4.496491806742546 0
      vertex 111.7 4.614359353944899 0
    endloop
  endfacet
  facet normal 0 0 1
    outer loop
      vertex 5 0 0
      vertex 112.22216291573291 4.424307595180467 0
      vertex 111.95276777067893 4.496491806742546 0
    endloop
  endfacet
  facet normal 0 0 1
    outer loop
      vertex 5 0 0
      vertex 112.5 4.4 0
      vertex 112.22216291573291 4.424307595180467 0
    endloop
  endfacet
  facet normal 0 -1 0
    outer loop
      vertex 5 0 0
      vertex 220 0 -6.1
      vertex 220 0 0
    endloop
  endfacet
  facet normal 0 0 1
    outer loop
      vertex 5 0 0
      vertex 220 0 0
      vertex 112.5 4.4 0
    endloop
  endfacet
  facet normal 0 1 0
    outer loop
      vertex 5 170 -6.1
      vertex 5 170 0
      vertex 220 170 0
    endloop
  endfacet
  facet normal 0 0 -1
    outer loop
      vertex 5 170 -6.1
      vertex 23 147 -6.1
      vertex 7.5024999999999995 166.60240633837225 -6.1
    endloop
  endfacet
  facet normal 0 0 -1
    outer loop
      vertex 5 170 -6.1
      vertex 109.495 164 -6.1
      vertex 23 147 -6.1
    endloop
  endfacet
  facet normal 0 0 -1
    outer loop
      vertex 5 170 -6.1
      vertex 110.9975 166.60240633837225 -6.1
      vertex 109.495 164 -6.1
    endloop
  endfacet
  facet normal 0 0 -1
    outer loop
      vertex 5 170 -6.1
      vertex 220 170 -6.1
      vertex 110.9975 166.60240633837225 -6.1
    endloop
  endfacet
  facet normal 0 1 0
    outer loop
      vertex 5 170 -6.1
      vertex 220 170 0
      vertex 220 170 -6.1
    endloop
  endfacet
  facet normal 0 0 1
    outer loop
      vertex 5 170 0
      vertex 5.2 165.3856406460551 0
      vertex 5.45276777067893 165.50350819325746 0
    endloop
  endfacet
  facet normal 0 0 1
    outer loop
      vertex 5 170 0
      vertex 5.45276777067893 165.50350819325746 0
      vertex 5.722162915732912 165.57569240481953 0
    endloop
  endfacet
  facet normal 0 0 1
    outer loop
      vertex 5 170 0
      vertex 5.722162915732912 165.57569240481953 0
      vertex 6 165.6 0
    endloop
  endfacet
  facet normal 0 0 1
    outer loop
      vertex 5 170 0
      vertex 6 165.6 0
      vertex 6.277837084267088 165.57569240481953 0
    endloop
  endfacet
  facet normal 0 0 1
    outer loop
      vertex 5 170 0
      vertex 6.277837084267088 165.57569240481953 0
      vertex 6.54723222932107 165.50350819325746 0
    endloop
  endfacet
  facet normal 0 0 1
    outer loop
      vertex 5 170 0
      vertex 6.54723222932107 165.50350819325746 0
      vertex 6.8 165.3856406460551 0
    endloop
  endfacet
  facet normal 0 0 1
    outer loop
      vertex 5 170 0
      vertex 6.8 165.3856406460551 0
      vertex 7.028460175498463 165.22567110899035 0
    endloop
  endfacet
  facet normal 0 0 1
    outer loop
      vertex 5 170 0
      vertex 7.028460175498463 165.22567110899035 0
      vertex 7.225671108990365 165.02846017549845 0
    endloop
  endfacet
  facet normal 0 0 1
    outer loop
      vertex 5 170 0
      vertex 7.225671108990365 165.02846017549845 0
      vertex 7.385640646055101 164.8 0
    endloop
  endfacet
  facet normal 0 0 1
    outer loop
      vertex 5 170 0
      vertex 7.385640646055101 164.8 0
      vertex 7.503508193257454 164.54723222932108 0
    endloop
  endfacet
  facet normal 0 0 1
    outer loop
      vertex 5 170 0
      vertex 7.503508193257454 164.54723222932108 0
      vertex 10 160 0
    endloop
  endfacet
  facet normal 0 0 1
    outer loop
      vertex 5 170 0
      vertex 10 160 0
      vertex 111.47153982450153 165.22567110899035 0
    endloop
  endfacet
  facet normal 0 0 1
    outer loop
      vertex 5 170 0
      vertex 111.47153982450153 165.22567110899035 0
      vertex 111.7 165.3856406460551 0
    endloop
  endfacet
  facet normal 0 0 1
    outer loop
      vertex 5 170 0
      vertex 111.7 165.3856406460551 0
      vertex 111.95276777067893 165.50350819325746 0
    endloop
  endfacet
  facet normal 0 0 1
    outer loop
      vertex 5 170 0
      vertex 111.95276777067893 165.50350819325746 0
      vertex 112.22216291573291 165.57569240481953 0
    endloop
  endfacet
  facet normal 0 0 1
    outer loop
      vertex 5 170 0
      vertex 112.22216291573291 165.57569240481953 0
      vertex 112.5 165.6 0
    endloop
  endfacet
  facet normal 0 0 1
    outer loop
      vertex 5 170 0
      vertex 112.5 165.6 0
      vertex 220 170 0
    endloop
  endfacet
  facet normal 0.42261826174070155 0.906307787036649 0
    outer loop
      vertex 5.2 4.614359353944899 -3.6000000000000014
      vertex 5.2 4.614359353944899 0
      vertex 5.45276777067893 4.496491806742546 -3.6000000000000014
    endloop
  endfacet
  facet normal 0.42261826174070155 0.906307787036649 0
    outer loop
      vertex 5.2 4.614359353944899 0
      vertex 5.45276777067893 4.496491806742546 0
      vertex 5.45276777067893 4.496491806742546 -3.6000000000000014
    endloop
  endfacet
  facet normal 0.42261826174070155 -0.906307787036649 0
    outer loop
      vertex 5.2 7.385640646055101 -3.6000000000000014
      vertex 5.45276777067893 7.503508193257454 -3.6000000000000014
      vertex 5.45276777067893 7.503508193257454 0
    endloop
  endfacet
  facet normal 0.42261826174070155 -0.906307787036649 0
    outer loop
      vertex 5.2 7.385640646055101 -3.6000000000000014
      vertex 5.45276777067893 7.503508193257454 0
      vertex 5.2 7.385640646055101 0
    endloop
  endfacet
  facet normal 0 0 1
    outer loop
      vertex 5.2 7.385640646055101 0
      vertex 5.45276777067893 7.503508193257454 0
      vertex 6 162.4 0
    endloop
  endfacet
  facet normal 0 0 1
    outer loop
      vertex 5.2 7.385640646055101 0
      vertex 5.45276777067893 162.49649180674254 0
      vertex 5.2 162.6143593539449 0
    endloop
  endfacet
  facet normal 0 0 1
    outer loop
      vertex 5.2 7.385640646055101 0
      vertex 5.722162915732912 162.42430759518047 0
      vertex 5.45276777067893 162.49649180674254 0
    endloop
  endfacet
  facet normal 0 0 1
    outer loop
      vertex 5.2 7.385640646055101 0
      vertex 6 162.4 0
      vertex 5.722162915732912 162.42430759518047 0
    endloop
  endfacet
  facet normal 0.42261826174074074 0.9063077870366306 0
    outer loop
      vertex 5.2 162.6143593539449 -3.6000000000000014
      vertex 5.2 162.6143593539449 0
      vertex 5.45276777067893 162.49649180674254 -3.6000000000000014
    endloop
  endfacet
  facet normal 0.42261826174074074 0.9063077870366306 0
    outer loop
      vertex 5.2 162.6143593539449 0
      vertex 5.45276777067893 162.49649180674254 0
      vertex 5.45276777067893 162.49649180674254 -3.6000000000000014
    endloop
  endfacet
  facet normal 0.42261826174074074 -0.9063077870366306 0
    outer loop
      vertex 5.2 165.3856406460551 -3.6000000000000014
      vertex 5.45276777067893 165.50350819325746 -3.6000000000000014
      vertex 5.45276777067893 165.50350819325746 0
    endloop
  endfacet
  facet normal 0.42261826174074074 -0.9063077870366306 0
    outer loop
      vertex 5.2 165.3856406460551 -3.6000000000000014
      vertex 5.45276777067893 165.50350819325746 0
      vertex 5.2 165.3856406460551 0
    endloop
  endfacet
  facet normal 0.258819045102519 0.9659258262890686 0
    outer loop
      vertex 5.45276777067893 4.496491806742546 -3.6000000000000014
      vertex 5.45276777067893 4.496491806742546 0
      vertex 5.722162915732912 4.424307595180467 -3.6000000000000014
    endloop
  endfacet
  facet normal 0.258819045102519 0.9659258262890686 0
    outer loop
      vertex 5.45276777067893 4.496491806742546 0
      vertex 5.722162915732912 4.424307595180467 0
      vertex 5.722162915732912 4.424307595180467 -3.6000000000000014
    endloop
  endfacet
  facet normal 0.258819045102519 -0.9659258262890686 0
    outer loop
      vertex 5.45276777067893 7.503508193257454 -3.6000000000000014
      vertex 5.722162915732912 7.575692404819533 -3.6000000000000014
      vertex 5.722162915732912 7.575692404819533 0
    endloop
  endfacet
  facet normal 0.258819045102519 -0.9659258262890686 0
    outer loop
      vertex 5.45276777067893 7.503508193257454 -3.6000000000000014
      vertex 5.722162915732912 7.575692404819533 0
      vertex 5.45276777067893 7.503508193257454 0
    endloop
  endfacet
  facet normal 0 0 1
    outer loop
      vertex 5.45276777067893 7.503508193257454 0
      vertex 5.722162915732912 7.575692404819533 0
      vertex 10 160 0
    endloop
  endfacet
  facet normal 0 0 1
    outer loop
      vertex 5.45276777067893 7.503508193257454 0
      vertex 6.277837084267088 162.42430759518047 0
      vertex 6 162.4 0
    endloop
  endfacet
  facet normal 0 0 1
    outer loop
      vertex 5.45276777067893 7.503508193257454 0
      vertex 10 160 0
      vertex 6.277837084267088 162.42430759518047 0
    endloop
  endfacet
  facet normal 0.2588190451025042 0.9659258262890728 0
    outer loop
      vertex 5.45276777067893 162.49649180674254 -3.6000000000000014
      vertex 5.45276777067893 162.49649180674254 0
      vertex 5.722162915732912 162.42430759518047 -3.6000000000000014
    endloop
  endfacet
  facet normal 0.2588190451025042 0.9659258262890728 0
    outer loop
      vertex 5.45276777067893 162.49649180674254 0
      vertex 5.722162915732912 162.42430759518047 0
      vertex 5.722162915732912 162.42430759518047 -3.6000000000000014
    endloop
  endfacet
  facet normal 0.2588190451025042 -0.9659258262890728 0
    outer loop
      vertex 5.45276777067893 165.50350819325746 -3.6000000000000014
      vertex 5.722162915732912 165.57569240481953 -3.6000000000000014
      vertex 5.722162915732912 165.57569240481953 0
    endloop
  endfacet
  facet normal 0.2588190451025042 -0.9659258262890728 0
    outer loop
      vertex 5.45276777067893 165.50350819325746 -3.6000000000000014
      vertex 5.722162915732912 165.57569240481953 0
      vertex 5.45276777067893 165.50350819325746 0
    endloop
  endfacet
  facet normal 0.08715574274765785 0.9961946980917457 0
    outer loop
      vertex 5.722162915732912 4.424307595180467 -3.6000000000000014
      vertex 5.722162915732912 4.424307595180467 0
      vertex 6 4.4 -3.6000000000000014
    endloop
  endfacet
  facet normal 0.08715574274765785 0.9961946980917457 0
    outer loop
      vertex 5.722162915732912 4.424307595180467 0
      vertex 6 4.4 0
      vertex 6 4.4 -3.6000000000000014
    endloop
  endfacet
  facet normal 0.08715574274765785 -0.9961946980917457 0
    outer loop
      vertex 5.722162915732912 7.575692404819533 -3.6000000000000014
      vertex 6 7.6 -3.6000000000000014
      vertex 6 7.6 0
    endloop
  endfacet
  facet normal 0.08715574274765785 -0.9961946980917457 0
    outer loop
      vertex 5.722162915732912 7.575692404819533 -3.6000000000000014
      vertex 6 7.6 0
      vertex 5.722162915732912 7.575692404819533 0
    endloop
  endfacet
  facet normal 0 0 -1
    outer loop
      vertex 5.722162915732912 7.575692404819533 -3.6000000000000014
      vertex 7.5024999999999995 8.602406338372237 -3.6000000000000014
      vertex 6 7.6 -3.6000000000000014
    endloop
  endfacet
  facet normal 0 0 1
    outer loop
      vertex 5.722162915732912 7.575692404819533 0
      vertex 6 7.6 0
      vertex 10 160 0
    endloop
  endfacet
  facet normal 0.08715574274763258 0.9961946980917479 0
    outer loop
      vertex 5.722162915732912 162.42430759518047 -3.6000000000000014
      vertex 5.722162915732912 162.42430759518047 0
      vertex 6 162.4 -3.6000000000000014
    endloop
  endfacet
  facet normal 0.08715574274763258 0.9961946980917479 0
    outer loop
      vertex 5.722162915732912 162.42430759518047 0
      vertex 6 162.4 0
      vertex 6 162.4 -3.6000000000000014
    endloop
  endfacet
  facet normal 0.08715574274763258 -0.9961946980917479 0
    outer loop
      vertex 5.722162915732912 165.57569240481953 -3.6000000000000014
      vertex 6 165.6 -3.6000000000000014
      vertex 6 165.6 0
    endloop
  endfacet
  facet normal 0.08715574274763258 -0.9961946980917479 0
    outer loop
      vertex 5.722162915732912 165.57569240481953 -3.6000000000000014
      vertex 6 165.6 0
      vertex 5.722162915732912 165.57569240481953 0
    endloop
  endfacet
  facet normal 0 0 -1
    outer loop
      vertex 5.722162915732912 165.57569240481953 -3.6000000000000014
      vertex 7.5024999999999995 166.60240633837225 -3.6000000000000014
      vertex 6 165.6 -3.6000000000000014
    endloop
  endfacet
  facet normal -0.08715574274765785 0.9961946980917457 0
    outer loop
      vertex 6 4.4 -3.6000000000000014
      vertex 6 4.4 0
      vertex 6.277837084267088 4.424307595180467 -3.6000000000000014
    endloop
  endfacet
  facet normal -0.08715574274765785 0.9961946980917457 0
    outer loop
      vertex 6 4.4 0
      vertex 6.277837084267088 4.424307595180467 0
      vertex 6.277837084267088 4.424307595180467 -3.6000000000000014
    endloop
  endfacet
  facet normal -0.08715574274765785 -0.9961946980917457 0
    outer loop
      vertex 6 7.6 -3.6000000000000014
      vertex 6.277837084267088 7.575692404819533 -3.6000000000000014
      vertex 6.277837084267088 7.575692404819533 0
    endloop
  endfacet
  facet normal -0.08715574274765785 -0.9961946980917457 0
    outer loop
      vertex 6 7.6 -3.6000000000000014
      vertex 6.277837084267088 7.575692404819533 0
      vertex 6 7.6 0
    endloop
  endfacet
  facet normal 0 0 -1
    outer loop
      vertex 6 7.6 -3.6000000000000014
      vertex 7.5024999999999995 8.602406338372237 -3.6000000000000014
      vertex 6.277837084267088 7.575692404819533 -3.6000000000000014
    endloop
  endfacet
  facet normal 0 0 1
    outer loop
      vertex 6 7.6 0
      vertex 6.277837084267088 7.575692404819533 0
      vertex 10 160 0
    endloop
  endfacet
  facet normal -0.08715574274763258 0.9961946980917479 0
    outer loop
      vertex 6 162.4 -3.6000000000000014
      vertex 6 162.4 0
      vertex 6.277837084267088 162.42430759518047 -3.6000000000000014
    endloop
  endfacet
  facet normal -0.08715574274763258 0.9961946980917479 0
    outer loop
      vertex 6 162.4 0
      vertex 6.277837084267088 162.42430759518047 0
      vertex 6.277837084267088 162.42430759518047 -3.6000000000000014
    endloop
  endfacet
  facet normal -0.08715574274763258 -0.9961946980917479 0
    outer loop
      vertex 6 165.6 -3.6000000000000014
      vertex 6.277837084267088 165.57569240481953 -3.6000000000000014
      vertex 6.277837084267088 165.57569240481953 0
    endloop
  endfacet
  facet normal -0.08715574274763258 -0.9961946980917479 0
    outer loop
      vertex 6 165.6 -3.6000000000000014
      vertex 6.277837084267088 165.57569240481953 0
      vertex 6 165.6 0
    endloop
  endfacet
  facet normal 0 0 -1
    outer loop
      vertex 6 165.6 -3.6000000000000014
      vertex 7.5024999999999995 166.60240633837225 -3.6000000000000014
      vertex 6.277837084267088 165.57569240481953 -3.6000000000000014
    endloop
  endfacet
  facet normal -0.258819045102519 0.9659258262890686 0
    outer loop
      vertex 6.277837084267088 4.424307595180467 -3.6000000000000014
      vertex 6.277837084267088 4.424307595180467 0
      vertex 6.54723222932107 4.496491806742546 -3.6000000000000014
    endloop
  endfacet
  facet normal 0 0 -1
    outer loop
      vertex 6.277837084267088 4.424307595180467 -3.6000000000000014
      vertex 6.54723222932107 4.496491806742546 -3.6000000000000014
      vertex 7.5024999999999995 3.397593661627762 -3.6000000000000014
    endloop
  endfacet
  facet normal -0.258819045102519 0.9659258262890686 0
    outer loop
      vertex 6.277837084267088 4.424307595180467 0
      vertex 6.54723222932107 4.496491806742546 0
      vertex 6.54723222932107 4.496491806742546 -3.6000000000000014
    endloop
  endfacet
  facet normal -0.258819045102519 -0.9659258262890686 0
    outer loop
      vertex 6.277837084267088 7.575692404819533 -3.6000000000000014
      vertex 6.54723222932107 7.503508193257454 -3.6000000000000014
      vertex 6.54723222932107 7.503508193257454 0
    endloop
  endfacet
  facet normal -0.258819045102519 -0.9659258262890686 0
    outer loop
      vertex 6.277837084267088 7.575692404819533 -3.6000000000000014
      vertex 6.54723222932107 7.503508193257454 0
      vertex 6.277837084267088 7.575692404819533 0
    endloop
  endfacet
  facet normal 0 0 -1
    outer loop
      vertex 6.277837084267088 7.575692404819533 -3.6000000000000014
      vertex 7.5024999999999995 8.602406338372237 -3.6000000000000014
      vertex 6.54723222932107 7.503508193257454 -3.6000000000000014
    endloop
  endfacet
  facet normal 0 0 1
    outer loop
      vertex 6.277837084267088 7.575692404819533 0
      vertex 6.54723222932107 7.503508193257454 0
      vertex 10 160 0
    endloop
  endfacet
  facet normal -0.2588190451025042 0.9659258262890728 0
    outer loop
      vertex 6.277837084267088 162.42430759518047 -3.6000000000000014
      vertex 6.277837084267088 162.42430759518047 0
      vertex 6.54723222932107 162.49649180674254 -3.6000000000000014
    endloop
  endfacet
  facet normal 0 0 -1
    outer loop
      vertex 6.277837084267088 162.42430759518047 -3.6000000000000014
      vertex 6.54723222932107 162.49649180674254 -3.6000000000000014
      vertex 7.5024999999999995 161.39759366162775 -3.6000000000000014
    endloop
  endfacet
  facet normal -0.2588190451025042 0.9659258262890728 0
    outer loop
      vertex 6.277837084267088 162.42430759518047 0
      vertex 6.54723222932107 162.49649180674254 0
      vertex 6.54723222932107 162.49649180674254 -3.6000000000000014
    endloop
  endfacet
  facet normal 0 0 1
    outer loop
      vertex 6.277837084267088 162.42430759518047 0
      vertex 10 160 0
      vertex 6.54723222932107 162.49649180674254 0
    endloop
  endfacet
  facet normal -0.2588190451025042 -0.9659258262890728 0
    outer loop
      vertex 6.277837084267088 165.57569240481953 -3.6000000000000014
      vertex 6.54723222932107 165.50350819325746 -3.6000000000000014
      vertex 6.54723222932107 165.50350819325746 0
    endloop
  endfacet
  facet normal -0.2588190451025042 -0.9659258262890728 0
    outer loop
      vertex 6.277837084267088 165.57569240481953 -3.6000000000000014
      vertex 6.54723222932107 165.50350819325746 0
      vertex 6.277837084267088 165.57569240481953 0
    endloop
  endfacet
  facet normal 0 0 -1
    outer loop
      vertex 6.277837084267088 165.57569240481953 -3.6000000000000014
      vertex 7.5024999999999995 166.60240633837225 -3.6000000000000014
      vertex 6.54723222932107 165.50350819325746 -3.6000000000000014
    endloop
  endfacet
  facet normal -0.42261826174070155 0.906307787036649 0
    outer loop
      vertex 6.54723222932107 4.496491806742546 -3.6000000000000014
      vertex 6.54723222932107 4.496491806742546 0
      vertex 6.8 4.614359353944899 -3.6000000000000014
    endloop
  endfacet
  facet normal 0 0 -1
    outer loop
      vertex 6.54723222932107 4.496491806742546 -3.6000000000000014
      vertex 6.8 4.614359353944899 -3.6000000000000014
      vertex 7.5024999999999995 3.397593661627762 -3.6000000000000014
    endloop
  endfacet
  facet normal -0.42261826174070155 0.906307787036649 0
    outer loop
      vertex 6.54723222932107 4.496491806742546 0
      vertex 6.8 4.614359353944899 0
      vertex 6.8 4.614359353944899 -3.6000000000000014
    endloop
  endfacet
  facet normal -0.42261826174070155 -0.906307787036649 0
    outer loop
      vertex 6.54723222932107 7.503508193257454 -3.6000000000000014
      vertex 6.8 7.385640646055101 -3.6000000000000014
      vertex 6.8 7.385640646055101 0
    endloop
  endfacet
  facet normal -0.42261826174070155 -0.906307787036649 0
    outer loop
      vertex 6.54723222932107 7.503508193257454 -3.6000000000000014
      vertex 6.8 7.385640646055101 0
      vertex 6.54723222932107 7.503508193257454 0
    endloop
  endfacet
  facet normal 0 0 -1
    outer loop
      vertex 6.54723222932107 7.503508193257454 -3.6000000000000014
      vertex 7.5024999999999995 8.602406338372237 -3.6000000000000014
      vertex 6.8 7.385640646055101 -3.6000000000000014
    endloop
  endfacet
  facet normal 0 0 1
    outer loop
      vertex 6.54723222932107 7.503508193257454 0
      vertex 6.8 7.385640646055101 0
      vertex 10 10 0
    endloop
  endfacet
  facet normal 0 0 1
    outer loop
      vertex 6.54723222932107 7.503508193257454 0
      vertex 10 10 0
      vertex 10 160 0
    endloop
  endfacet
  facet normal -0.42261826174074074 0.9063077870366306 0
    outer loop
      vertex 6.54723222932107 162.49649180674254 -3.6000000000000014
      vertex 6.54723222932107 162.49649180674254 0
      vertex 6.8 162.6143593539449 -3.6000000000000014
    endloop
  endfacet
  facet normal 0 0 -1
    outer loop
      vertex 6.54723222932107 162.49649180674254 -3.6000000000000014
      vertex 6.8 162.6143593539449 -3.6000000000000014
      vertex 7.5024999999999995 161.39759366162775 -3.6000000000000014
    endloop
  endfacet
  facet normal -0.42261826174074074 0.9063077870366306 0
    outer loop
      vertex 6.54723222932107 162.49649180674254 0
      vertex 6.8 162.6143593539449 0
      vertex 6.8 162.6143593539449 -3.6000000000000014
    endloop
  endfacet
  facet normal 0 0 1
    outer loop
      vertex 6.54723222932107 162.49649180674254 0
      vertex 10 160 0
      vertex 6.8 162.6143593539449 0
    endloop
  endfacet
  facet normal -0.42261826174074074 -0.9063077870366306 0
    outer loop
      vertex 6.54723222932107 165.50350819325746 -3.6000000000000014
      vertex 6.8 165.3856406460551 -3.6000000000000014
      vertex 6.8 165.3856406460551 0
    endloop
  endfacet
  facet normal -0.42261826174074074 -0.9063077870366306 0
    outer loop
      vertex 6.54723222932107 165.50350819325746 -3.6000000000000014
      vertex 6.8 165.3856406460551 0
      vertex 6.54723222932107 165.50350819325746 0
    endloop
  endfacet
  facet normal 0 0 -1
    outer loop
      vertex 6.54723222932107 165.50350819325746 -3.6000000000000014
      vertex 7.5024999999999995 166.60240633837225 -3.6000000000000014
      vertex 6.8 165.3856406460551 -3.6000000000000014
    endloop
  endfacet
  facet normal -0.5735764363510438 0.8191520442889936 0
    outer loop
      vertex 6.8 4.614359353944899 -3.6000000000000014
      vertex 6.8 4.614359353944899 0
      vertex 7.028460175498463 4.774328891009635 -3.6000000000000014
    endloop
  endfacet
  facet normal 0 0 -1
    outer loop
      vertex 6.8 4.614359353944899 -3.6000000000000014
      vertex 7.028460175498463 4.774328891009635 -3.6000000000000014
      vertex 7.5024999999999995 3.397593661627762 -3.6000000000000014
    endloop
  endfacet
  facet normal -0.5735764363510438 0.8191520442889936 0
    outer loop
      vertex 6.8 4.614359353944899 0
      vertex 7.028460175498463 4.774328891009635 0
      vertex 7.028460175498463 4.774328891009635 -3.6000000000000014
    endloop
  endfacet
  facet normal -0.5735764363510438 -0.8191520442889936 0
    outer loop
      vertex 6.8 7.385640646055101 -3.6000000000000014
      vertex 7.028460175498463 7.225671108990365 -3.6000000000000014
      vertex 7.028460175498463 7.225671108990365 0
    endloop
  endfacet
  facet normal -0.5735764363510438 -0.8191520442889936 0
    outer loop
      vertex 6.8 7.385640646055101 -3.6000000000000014
      vertex 7.028460175498463 7.225671108990365 0
      vertex 6.8 7.385640646055101 0
    endloop
  endfacet
  facet normal 0 0 -1
    outer loop
      vertex 6.8 7.385640646055101 -3.6000000000000014
      vertex 7.5024999999999995 8.602406338372237 -3.6000000000000014
      vertex 7.028460175498463 7.225671108990365 -3.6000000000000014
    endloop
  endfacet
  facet normal 0 0 1
    outer loop
      vertex 6.8 7.385640646055101 0
      vertex 7.028460175498463 7.225671108990365 0
      vertex 10 10 0
    endloop
  endfacet
  facet normal -0.5735764363510524 0.8191520442889876 0
    outer loop
      vertex 6.8 162.6143593539449 -3.6000000000000014
      vertex 6.8 162.6143593539449 0
      vertex 7.028460175498463 162.77432889100965 -3.6000000000000014
    endloop
  endfacet
  facet normal 0 0 -1
    outer loop
      vertex 6.8 162.6143593539449 -3.6000000000000014
      vertex 7.028460175498463 162.77432889100965 -3.6000000000000014
      vertex 7.5024999999999995 161.39759366162775 -3.6000000000000014
    endloop
  endfacet
  facet normal -0.5735764363510524 0.8191520442889876 0
    outer loop
      vertex 6.8 162.6143593539449 0
      vertex 7.028460175498463 162.77432889100965 0
      vertex 7.028460175498463 162.77432889100965 -3.6000000000000014
    endloop
  endfacet
  facet normal 0 0 1
    outer loop
      vertex 6.8 162.6143593539449 0
      vertex 10 160 0
      vertex 7.028460175498463 162.77432889100965 0
    endloop
  endfacet
  facet normal -0.5735764363510524 -0.8191520442889876 0
    outer loop
      vertex 6.8 165.3856406460551 -3.6000000000000014
      vertex 7.028460175498463 165.22567110899035 -3.6000000000000014
      vertex 7.028460175498463 165.22567110899035 0
    endloop
  endfacet
  facet normal -0.5735764363510524 -0.8191520442889876 0
    outer loop
      vertex 6.8 165.3856406460551 -3.6000000000000014
      vertex 7.028460175498463 165.22567110899035 0
      vertex 6.8 165.3856406460551 0
    endloop
  endfacet
  facet normal 0 0 -1
    outer loop
      vertex 6.8 165.3856406460551 -3.6000000000000014
      vertex 7.5024999999999995 166.60240633837225 -3.6000000000000014
      vertex 7.028460175498463 165.22567110899035 -3.6000000000000014
    endloop
  endfacet
  facet normal -0.7071067811865476 0.7071067811865476 0
    outer loop
      vertex 7.028460175498463 4.774328891009635 -3.6000000000000014
      vertex 7.028460175498463 4.774328891009635 0
      vertex 7.225671108990365 4.971539824501537 -3.6000000000000014
    endloop
  endfacet
  facet normal 0 0 -1
    outer loop
      vertex 7.028460175498463 4.774328891009635 -3.6000000000000014
      vertex 7.225671108990365 4.971539824501537 -3.6000000000000014
      vertex 7.5024999999999995 3.397593661627762 -3.6000000000000014
    endloop
  endfacet
  facet normal -0.7071067811865476 0.7071067811865476 0
    outer loop
      vertex 7.028460175498463 4.774328891009635 0
      vertex 7.225671108990365 4.971539824501537 0
      vertex 7.225671108990365 4.971539824501537 -3.6000000000000014
    endloop
  endfacet
  facet normal -0.7071067811865476 -0.7071067811865476 0
    outer loop
      vertex 7.028460175498463 7.225671108990365 -3.6000000000000014
      vertex 7.225671108990365 7.028460175498463 -3.6000000000000014
      vertex 7.225671108990365 7.028460175498463 0
    endloop
  endfacet
  facet normal -0.7071067811865476 -0.7071067811865476 0
    outer loop
      vertex 7.028460175498463 7.225671108990365 -3.6000000000000014
      vertex 7.225671108990365 7.028460175498463 0
      vertex 7.028460175498463 7.225671108990365 0
    endloop
  endfacet
  facet normal 0 0 -1
    outer loop
      vertex 7.028460175498463 7.225671108990365 -3.6000000000000014
      vertex 7.5024999999999995 8.602406338372237 -3.6000000000000014
      vertex 7.225671108990365 7.028460175498463 -3.6000000000000014
    endloop
  endfacet
  facet normal 0 0 1
    outer loop
      vertex 7.028460175498463 7.225671108990365 0
      vertex 7.225671108990365 7.028460175498463 0
      vertex 10 10 0
    endloop
  endfacet
  facet normal -0.7071067811865476 0.7071067811865476 0
    outer loop
      vertex 7.028460175498463 162.77432889100965 -3.6000000000000014
      vertex 7.028460175498463 162.77432889100965 0
      vertex 7.225671108990365 162.97153982450155 -3.6000000000000014
    endloop
  endfacet
  facet normal 0 0 -1
    outer loop
      vertex 7.028460175498463 162.77432889100965 -3.6000000000000014
      vertex 7.225671108990365 162.97153982450155 -3.6000000000000014
      vertex 7.5024999999999995 161.39759366162775 -3.6000000000000014
    endloop
  endfacet
  facet normal -0.7071067811865476 0.7071067811865476 0
    outer loop
      vertex 7.028460175498463 162.77432889100965 0
      vertex 7.225671108990365 162.97153982450155 0
      vertex 7.225671108990365 162.97153982450155 -3.6000000000000014
    endloop
  endfacet
  facet normal 0 0 1
    outer loop
      vertex 7.028460175498463 162.77432889100965 0
      vertex 10 160 0
      vertex 7.225671108990365 162.97153982450155 0
    endloop
  endfacet
  facet normal -0.7071067811865476 -0.7071067811865476 0
    outer loop
      vertex 7.028460175498463 165.22567110899035 -3.6000000000000014
      vertex 7.225671108990365 165.02846017549845 -3.6000000000000014
      vertex 7.225671108990365 165.02846017549845 0
    endloop
  endfacet
  facet normal -0.7071067811865476 -0.7071067811865476 0
    outer loop
      vertex 7.028460175498463 165.22567110899035 -3.6000000000000014
      vertex 7.225671108990365 165.02846017549845 0
      vertex 7.028460175498463 165.22567110899035 0
    endloop
  endfacet
  facet normal 0 0 -1
    outer loop
      vertex 7.028460175498463 165.22567110899035 -3.6000000000000014
      vertex 7.5024999999999995 166.60240633837225 -3.6000000000000014
      vertex 7.225671108990365 165.02846017549845 -3.6000000000000014
    endloop
  endfacet
  facet normal -0.8191520442889936 0.5735764363510438 0
    outer loop
      vertex 7.225671108990365 4.971539824501537 -3.6000000000000014
      vertex 7.225671108990365 4.971539824501537 0
      vertex 7.385640646055101 5.2 -3.6000000000000014
    endloop
  endfacet
  facet normal 0 0 -1
    outer loop
      vertex 7.225671108990365 4.971539824501537 -3.6000000000000014
      vertex 7.385640646055101 5.2 -3.6000000000000014
      vertex 7.5024999999999995 3.397593661627762 -3.6000000000000014
    endloop
  endfacet
  facet normal -0.8191520442889936 0.5735764363510438 0
    outer loop
      vertex 7.225671108990365 4.971539824501537 0
      vertex 7.385640646055101 5.2 0
      vertex 7.385640646055101 5.2 -3.6000000000000014
    endloop
  endfacet
  facet normal -0.8191520442889936 -0.5735764363510438 0
    outer loop
      vertex 7.225671108990365 7.028460175498463 -3.6000000000000014
      vertex 7.385640646055101 6.8 -3.6000000000000014
      vertex 7.385640646055101 6.8 0
    endloop
  endfacet
  facet normal -0.8191520442889936 -0.5735764363510438 0
    outer loop
      vertex 7.225671108990365 7.028460175498463 -3.6000000000000014
      vertex 7.385640646055101 6.8 0
      vertex 7.225671108990365 7.028460175498463 0
    endloop
  endfacet
  facet normal 0 0 -1
    outer loop
      vertex 7.225671108990365 7.028460175498463 -3.6000000000000014
      vertex 7.5024999999999995 8.602406338372237 -3.6000000000000014
      vertex 7.385640646055101 6.8 -3.6000000000000014
    endloop
  endfacet
  facet normal 0 0 1
    outer loop
      vertex 7.225671108990365 7.028460175498463 0
      vertex 7.385640646055101 6.8 0
      vertex 10 10 0
    endloop
  endfacet
  facet normal -0.8191520442889672 0.5735764363510811 0
    outer loop
      vertex 7.225671108990365 162.97153982450155 -3.6000000000000014
      vertex 7.225671108990365 162.97153982450155 0
      vertex 7.385640646055101 163.2 -3.6000000000000014
    endloop
  endfacet
  facet normal 0 0 -1
    outer loop
      vertex 7.225671108990365 162.97153982450155 -3.6000000000000014
      vertex 7.385640646055101 163.2 -3.6000000000000014
      vertex 7.5024999999999995 161.39759366162775 -3.6000000000000014
    endloop
  endfacet
  facet normal -0.8191520442889672 0.5735764363510811 0
    outer loop
      vertex 7.225671108990365 162.97153982450155 0
      vertex 7.385640646055101 163.2 0
      vertex 7.385640646055101 163.2 -3.6000000000000014
    endloop
  endfacet
  facet normal 0 0 1
    outer loop
      vertex 7.225671108990365 162.97153982450155 0
      vertex 10 160 0
      vertex 7.385640646055101 163.2 0
    endloop
  endfacet
  facet normal -0.8191520442889672 -0.5735764363510811 0
    outer loop
      vertex 7.225671108990365 165.02846017549845 -3.6000000000000014
      vertex 7.385640646055101 164.8 -3.6000000000000014
      vertex 7.385640646055101 164.8 0
    endloop
  endfacet
  facet normal -0.8191520442889672 -0.5735764363510811 0
    outer loop
      vertex 7.225671108990365 165.02846017549845 -3.6000000000000014
      vertex 7.385640646055101 164.8 0
      vertex 7.225671108990365 165.02846017549845 0
    endloop
  endfacet
  facet normal 0 0 -1
    outer loop
      vertex 7.225671108990365 165.02846017549845 -3.6000000000000014
      vertex 7.5024999999999995 166.60240633837225 -3.6000000000000014
      vertex 7.385640646055101 164.8 -3.6000000000000014
    endloop
  endfacet
  facet normal -0.906307787036649 0.42261826174070155 0
    outer loop
      vertex 7.385640646055101 5.2 -3.6000000000000014
      vertex 7.385640646055101 5.2 0
      vertex 7.503508193257454 5.45276777067893 -3.6000000000000014
    endloop
  endfacet
  facet normal 0 0 -1
    outer loop
      vertex 7.385640646055101 5.2 -3.6000000000000014
      vertex 7.503508193257454 5.45276777067893 -3.6000000000000014
      vertex 9.004999999999999 6 -3.6000000000000014
    endloop
  endfacet
  facet normal 0 0 -1
    outer loop
      vertex 7.385640646055101 5.2 -3.6000000000000014
      vertex 9.004999999999999 6 -3.6000000000000014
      vertex 7.5024999999999995 3.397593661627762 -3.6000000000000014
    endloop
  endfacet
  facet normal -0.906307787036649 0.42261826174070155 0
    outer loop
      vertex 7.385640646055101 5.2 0
      vertex 7.503508193257454 5.45276777067893 0
      vertex 7.503508193257454 5.45276777067893 -3.6000000000000014
    endloop
  endfacet
  facet normal 0 0 -1
    outer loop
      vertex 7.385640646055101 6.8 -3.6000000000000014
      vertex 7.5024999999999995 8.602406338372237 -3.6000000000000014
      vertex 7.503508193257454 6.54723222932107 -3.6000000000000014
    endloop
  endfacet
  facet normal -0.906307787036649 -0.42261826174070155 0
    outer loop
      vertex 7.385640646055101 6.8 -3.6000000000000014
      vertex 7.503508193257454 6.54723222932107 -3.6000000000000014
      vertex 7.503508193257454 6.54723222932107 0
    endloop
  endfacet
  facet normal -0.906307787036649 -0.42261826174070155 0
    outer loop
      vertex 7.385640646055101 6.8 -3.6000000000000014
      vertex 7.503508193257454 6.54723222932107 0
      vertex 7.385640646055101 6.8 0
    endloop
  endfacet
  facet normal 0 0 1
    outer loop
      vertex 7.385640646055101 6.8 0
      vertex 7.503508193257454 6.54723222932107 0
      vertex 10 10 0
    endloop
  endfacet
  facet normal -0.9063077870366485 0.42261826174070277 0
    outer loop
      vertex 7.385640646055101 163.2 -3.6000000000000014
      vertex 7.385640646055101 163.2 0
      vertex 7.503508193257454 163.45276777067892 -3.6000000000000014
    endloop
  endfacet
  facet normal 0 0 -1
    outer loop
      vertex 7.385640646055101 163.2 -3.6000000000000014
      vertex 7.503508193257454 163.45276777067892 -3.6000000000000014
      vertex 9.004999999999999 164 -3.6000000000000014
    endloop
  endfacet
  facet normal 0 0 -1
    outer loop
      vertex 7.385640646055101 163.2 -3.6000000000000014
      vertex 9.004999999999999 164 -3.6000000000000014
      vertex 7.5024999999999995 161.39759366162775 -3.6000000000000014
    endloop
  endfacet
  facet normal -0.9063077870366485 0.42261826174070277 0
    outer loop
      vertex 7.385640646055101 163.2 0
      vertex 7.503508193257454 163.45276777067892 0
      vertex 7.503508193257454 163.45276777067892 -3.6000000000000014
    endloop
  endfacet
  facet normal 0 0 1
    outer loop
      vertex 7.385640646055101 163.2 0
      vertex 10 160 0
      vertex 7.503508193257454 163.45276777067892 0
    endloop
  endfacet
  facet normal 0 0 -1
    outer loop
      vertex 7.385640646055101 164.8 -3.6000000000000014
      vertex 7.5024999999999995 166.60240633837225 -3.6000000000000014
      vertex 7.503508193257454 164.54723222932108 -3.6000000000000014
    endloop
  endfacet
  facet normal -0.9063077870366485 -0.42261826174070277 0
    outer loop
      vertex 7.385640646055101 164.8 -3.6000000000000014
      vertex 7.503508193257454 164.54723222932108 -3.6000000000000014
      vertex 7.503508193257454 164.54723222932108 0
    endloop
  endfacet
  facet normal -0.9063077870366485 -0.42261826174070277 0
    outer loop
      vertex 7.385640646055101 164.8 -3.6000000000000014
      vertex 7.503508193257454 164.54723222932108 0
      vertex 7.385640646055101 164.8 0
    endloop
  endfacet
  facet normal -0.8660254037844386 0.4999999999999999 0
    outer loop
      vertex 7.5024999999999995 3.397593661627762 -6.1
      vertex 7.5024999999999995 3.397593661627762 -3.6000000000000014
      vertex 9.004999999999999 6 -6.1
    endloop
  endfacet
  facet normal 0 0 -1
    outer loop
      vertex 7.5024999999999995 3.397593661627762 -6.1
      vertex 9.004999999999999 6 -6.1
      vertex 23 23 -6.1
    endloop
  endfacet
  facet normal -0.8660254037844386 0.4999999999999999 0
    outer loop
      vertex 7.5024999999999995 3.397593661627762 -3.6000000000000014
      vertex 9.004999999999999 6 -3.6000000000000014
      vertex 9.004999999999999 6 -6.1
    endloop
  endfacet
  facet normal -0.8660254037844386 -0.5 0
    outer loop
      vertex 7.5024999999999995 8.602406338372237 -6.1
      vertex 9.004999999999999 6 -6.1
      vertex 9.004999999999999 6 -3.6000000000000014
    endloop
  endfacet
  facet normal -0.8660254037844386 -0.5 0
    outer loop
      vertex 7.5024999999999995 8.602406338372237 -6.1
      vertex 9.004999999999999 6 -3.6000000000000014
      vertex 7.5024999999999995 8.602406338372237 -3.6000000000000014
    endloop
  endfacet
  facet normal 0 0 -1
    outer loop
      vertex 7.5024999999999995 8.602406338372237 -6.1
      vertex 23 23 -6.1
      vertex 9.004999999999999 6 -6.1
    endloop
  endfacet
  facet normal 0 0 -1
    outer loop
      vertex 7.5024999999999995 8.602406338372237 -3.6000000000000014
      vertex 9.004999999999999 6 -3.6000000000000014
      vertex 7.503508193257454 6.54723222932107 -3.6000000000000014
    endloop
  endfacet
  facet normal -0.8660254037844395 0.49999999999999845 0
    outer loop
      vertex 7.5024999999999995 161.39759366162775 -6.1
      vertex 7.5024999999999995 161.39759366162775 -3.6000000000000014
      vertex 9.004999999999999 164 -6.1
    endloop
  endfacet
  facet normal 0 0 -1
    outer loop
      vertex 7.5024999999999995 161.39759366162775 -6.1
      vertex 9.004999999999999 164 -6.1
      vertex 23 147 -6.1
    endloop
  endfacet
  facet normal -0.8660254037844395 0.49999999999999845 0
    outer loop
      vertex 7.5024999999999995 161.39759366162775 -3.6000000000000014
      vertex 9.004999999999999 164 -3.6000000000000014
      vertex 9.004999999999999 164 -6.1
    endloop
  endfacet
  facet normal -0.8660254037844395 -0.49999999999999845 0
    outer loop
      vertex 7.5024999999999995 166.60240633837225 -6.1
      vertex 9.004999999999999 164 -6.1
      vertex 9.004999999999999 164 -3.6000000000000014
    endloop
  endfacet
  facet normal -0.8660254037844395 -0.49999999999999845 0
    outer loop
      vertex 7.5024999999999995 166.60240633837225 -6.1
      vertex 9.004999999999999 164 -3.6000000000000014
      vertex 7.5024999999999995 166.60240633837225 -3.6000000000000014
    endloop
  endfacet
  facet normal 0 0 -1
    outer loop
      vertex 7.5024999999999995 166.60240633837225 -6.1
      vertex 23 147 -6.1
      vertex 9.004999999999999 164 -6.1
    endloop
  endfacet
  facet normal 0 0 -1
    outer loop
      vertex 7.5024999999999995 166.60240633837225 -3.6000000000000014
      vertex 9.004999999999999 164 -3.6000000000000014
      vertex 7.503508193257454 164.54723222932108 -3.6000000000000014
    endloop
  endfacet
  facet normal -0.9659258262890686 0.258819045102519 0
    outer loop
      vertex 7.503508193257454 5.45276777067893 -3.6000000000000014
      vertex 7.503508193257454 5.45276777067893 0
      vertex 7.575692404819533 5.722162915732912 -3.6000000000000014
    endloop
  endfacet
  facet normal 0 0 -1
    outer loop
      vertex 7.503508193257454 5.45276777067893 -3.6000000000000014
      vertex 7.575692404819533 5.722162915732912 -3.6000000000000014
      vertex 9.004999999999999 6 -3.6000000000000014
    endloop
  endfacet
  facet normal -0.9659258262890686 0.258819045102519 0
    outer loop
      vertex 7.503508193257454 5.45276777067893 0
      vertex 7.575692404819533 5.722162915732912 0
      vertex 7.575692404819533 5.722162915732912 -3.6000000000000014
    endloop
  endfacet
  facet normal 0 0 1
    outer loop
      vertex 7.503508193257454 5.45276777067893 0
      vertex 10 10 0
      vertex 7.575692404819533 5.722162915732912 0
    endloop
  endfacet
  facet normal -0.9659258262890686 -0.258819045102519 0
    outer loop
      vertex 7.503508193257454 6.54723222932107 -3.6000000000000014
      vertex 7.575692404819533 6.277837084267088 -3.6000000000000014
      vertex 7.575692404819533 6.277837084267088 0
    endloop
  endfacet
  facet normal -0.9659258262890686 -0.258819045102519 0
    outer loop
      vertex 7.503508193257454 6.54723222932107 -3.6000000000000014
      vertex 7.575692404819533 6.277837084267088 0
      vertex 7.503508193257454 6.54723222932107 0
    endloop
  endfacet
  facet normal 0 0 -1
    outer loop
      vertex 7.503508193257454 6.54723222932107 -3.6000000000000014
      vertex 9.004999999999999 6 -3.6000000000000014
      vertex 7.575692404819533 6.277837084267088 -3.6000000000000014
    endloop
  endfacet
  facet normal 0 0 1
    outer loop
      vertex 7.503508193257454 6.54723222932107 0
      vertex 7.575692404819533 6.277837084267088 0
      vertex 10 10 0
    endloop
  endfacet
  facet normal -0.9659258262890745 0.25881904510249754 0
    outer loop
      vertex 7.503508193257454 163.45276777067892 -3.6000000000000014
      vertex 7.503508193257454 163.45276777067892 0
      vertex 7.575692404819533 163.72216291573292 -3.6000000000000014
    endloop
  endfacet
  facet normal 0 0 -1
    outer loop
      vertex 7.503508193257454 163.45276777067892 -3.6000000000000014
      vertex 7.575692404819533 163.72216291573292 -3.6000000000000014
      vertex 9.004999999999999 164 -3.6000000000000014
    endloop
  endfacet
  facet normal -0.9659258262890745 0.25881904510249754 0
    outer loop
      vertex 7.503508193257454 163.45276777067892 0
      vertex 7.575692404819533 163.72216291573292 0
      vertex 7.575692404819533 163.72216291573292 -3.6000000000000014
    endloop
  endfacet
  facet normal 0 0 1
    outer loop
      vertex 7.503508193257454 163.45276777067892 0
      vertex 10 160 0
      vertex 7.575692404819533 163.72216291573292 0
    endloop
  endfacet
  facet normal -0.9659258262890745 -0.25881904510249754 0
    outer loop
      vertex 7.503508193257454 164.54723222932108 -3.6000000000000014
      vertex 7.575692404819533 164.27783708426708 -3.6000000000000014
      vertex 7.575692404819533 164.27783708426708 0
    endloop
  endfacet
  facet normal -0.9659258262890745 -0.25881904510249754 0
    outer loop
      vertex 7.503508193257454 164.54723222932108 -3.6000000000000014
      vertex 7.575692404819533 164.27783708426708 0
      vertex 7.503508193257454 164.54723222932108 0
    endloop
  endfacet
  facet normal 0 0 -1
    outer loop
      vertex 7.503508193257454 164.54723222932108 -3.6000000000000014
      vertex 9.004999999999999 164 -3.6000000000000014
      vertex 7.575692404819533 164.27783708426708 -3.6000000000000014
    endloop
  endfacet
  facet normal 0 0 1
    outer loop
      vertex 7.503508193257454 164.54723222932108 0
      vertex 7.575692404819533 164.27783708426708 0
      vertex 10 160 0
    endloop
  endfacet
  facet normal -0.9961946980917457 0.08715574274765785 0
    outer loop
      vertex 7.575692404819533 5.722162915732912 -3.6000000000000014
      vertex 7.575692404819533 5.722162915732912 0
      vertex 7.6 6 -3.6000000000000014
    endloop
  endfacet
  facet normal 0 0 -1
    outer loop
      vertex 7.575692404819533 5.722162915732912 -3.6000000000000014
      vertex 7.6 6 -3.6000000000000014
      vertex 9.004999999999999 6 -3.6000000000000014
    endloop
  endfacet
  facet normal -0.9961946980917457 0.08715574274765785 0
    outer loop
      vertex 7.575692404819533 5.722162915732912 0
      vertex 7.6 6 0
      vertex 7.6 6 -3.6000000000000014
    endloop
  endfacet
  facet normal 0 0 1
    outer loop
      vertex 7.575692404819533 5.722162915732912 0
      vertex 10 10 0
      vertex 7.6 6 0
    endloop
  endfacet
  facet normal -0.9961946980917457 -0.08715574274765785 0
    outer loop
      vertex 7.575692404819533 6.277837084267088 -3.6000000000000014
      vertex 7.6 6 -3.6000000000000014
      vertex 7.6 6 0
    endloop
  endfacet
  facet normal -0.9961946980917457 -0.08715574274765785 0
    outer loop
      vertex 7.575692404819533 6.277837084267088 -3.6000000000000014
      vertex 7.6 6 0
      vertex 7.575692404819533 6.277837084267088 0
    endloop
  endfacet
  facet normal 0 0 -1
    outer loop
      vertex 7.575692404819533 6.277837084267088 -3.6000000000000014
      vertex 9.004999999999999 6 -3.6000000000000014
      vertex 7.6 6 -3.6000000000000014
    endloop
  endfacet
  facet normal 0 0 1
    outer loop
      vertex 7.575692404819533 6.277837084267088 0
      vertex 7.6 6 0
      vertex 10 10 0
    endloop
  endfacet
  facet normal -0.9961946980917452 0.08715574274766144 0
    outer loop
      vertex 7.575692404819533 163.72216291573292 -3.6000000000000014
      vertex 7.575692404819533 163.72216291573292 0
      vertex 7.6 164 -3.6000000000000014
    endloop
  endfacet
  facet normal 0 0 -1
    outer loop
      vertex 7.575692404819533 163.72216291573292 -3.6000000000000014
      vertex 7.6 164 -3.6000000000000014
      vertex 9.004999999999999 164 -3.6000000000000014
    endloop
  endfacet
  facet normal -0.9961946980917452 0.08715574274766144 0
    outer loop
      vertex 7.575692404819533 163.72216291573292 0
      vertex 7.6 164 0
      vertex 7.6 164 -3.6000000000000014
    endloop
  endfacet
  facet normal 0 0 1
    outer loop
      vertex 7.575692404819533 163.72216291573292 0
      vertex 10 160 0
      vertex 7.6 164 0
    endloop
  endfacet
  facet normal -0.9961946980917452 -0.08715574274766144 0
    outer loop
      vertex 7.575692404819533 164.27783708426708 -3.6000000000000014
      vertex 7.6 164 -3.6000000000000014
      vertex 7.6 164 0
    endloop
  endfacet
  facet normal -0.9961946980917452 -0.08715574274766144 0
    outer loop
      vertex 7.575692404819533 164.27783708426708 -3.6000000000000014
      vertex 7.6 164 0
      vertex 7.575692404819533 164.27783708426708 0
    endloop
  endfacet
  facet normal 0 0 -1
    outer loop
      vertex 7.575692404819533 164.27783708426708 -3.6000000000000014
      vertex 9.004999999999999 164 -3.6000000000000014
      vertex 7.6 164 -3.6000000000000014
    endloop
  endfacet
  facet normal 0 0 1
    outer loop
      vertex 7.575692404819533 164.27783708426708 0
      vertex 7.6 164 0
      vertex 10 160 0
    endloop
  endfacet
  facet normal 0 1 0
    outer loop
      vertex 10 10 -5.5
      vertex 10 10 0
      vertex 225 10 0
    endloop
  endfacet
  facet normal 1 0 0
    outer loop
      vertex 10 10 -5.5
      vertex 10 160 -5.5
      vertex 10 160 0
    endloop
  endfacet
  facet normal 1 0 0
    outer loop
      vertex 10 10 -5.5
      vertex 10 160 0
      vertex 10 10 0
    endloop
  endfacet
  facet normal 0 0 1
    outer loop
      vertex 10 10 -5.5
      vertex 23 23 -5.5
      vertex 23 147 -5.5
    endloop
  endfacet
  facet normal 0 0 1
    outer loop
      vertex 10 10 -5.5
      vertex 23 147 -5.5
      vertex 10 160 -5.5
    endloop
  endfacet
  facet normal 0 0 1
    outer loop
      vertex 10 10 -5.5
      vertex 202 23 -5.5
      vertex 23 23 -5.5
    endloop
  endfacet
  facet normal 0 0 1
    outer loop
      vertex 10 10 -5.5
      vertex 225 10 -5.5
      vertex 202 23 -5.5
    endloop
  endfacet
  facet normal 0 1 0
    outer loop
      vertex 10 10 -5.5
      vertex 225 10 0
      vertex 225 10 -5.5
    endloop
  endfacet
  facet normal 0 0 1
    outer loop
      vertex 10 10 0
      vertex 110.9 6 0
      vertex 110.92430759518047 6.277837084267088 0
    endloop
  endfacet
  facet normal 0 0 1
    outer loop
      vertex 10 10 0
      vertex 110.92430759518047 5.722162915732912 0
      vertex 110.9 6 0
    endloop
  endfacet
  facet normal 0 0 1
    outer loop
      vertex 10 10 0
      vertex 110.92430759518047 6.277837084267088 0
      vertex 110.99649180674254 6.54723222932107 0
    endloop
  endfacet
  facet normal 0 0 1
    outer loop
      vertex 10 10 0
      vertex 110.99649180674254 5.45276777067893 0
      vertex 110.92430759518047 5.722162915732912 0
    endloop
  endfacet
  facet normal 0 0 1
    outer loop
      vertex 10 10 0
      vertex 110.99649180674254 6.54723222932107 0
      vertex 111.11435935394489 6.8 0
    endloop
  endfacet
  facet normal 0 0 1
    outer loop
      vertex 10 10 0
      vertex 111.11435935394489 5.2 0
      vertex 110.99649180674254 5.45276777067893 0
    endloop
  endfacet
  facet normal 0 0 1
    outer loop
      vertex 10 10 0
      vertex 111.11435935394489 6.8 0
      vertex 111.27432889100963 7.028460175498463 0
    endloop
  endfacet
  facet normal 0 0 1
    outer loop
      vertex 10 10 0
      vertex 111.27432889100963 7.028460175498463 0
      vertex 111.47153982450153 7.225671108990365 0
    endloop
  endfacet
  facet normal 0 0 1
    outer loop
      vertex 10 10 0
      vertex 111.47153982450153 7.225671108990365 0
      vertex 111.7 7.385640646055101 0
    endloop
  endfacet
  facet normal 0 0 1
    outer loop
      vertex 10 10 0
      vertex 111.7 7.385640646055101 0
      vertex 111.95276777067893 7.503508193257454 0
    endloop
  endfacet
  facet normal 0 0 1
    outer loop
      vertex 10 10 0
      vertex 111.95276777067893 7.503508193257454 0
      vertex 112.22216291573291 7.575692404819533 0
    endloop
  endfacet
  facet normal 0 0 1
    outer loop
      vertex 10 10 0
      vertex 112.22216291573291 7.575692404819533 0
      vertex 112.5 7.6 0
    endloop
  endfacet
  facet normal 0 0 1
    outer loop
      vertex 10 10 0
      vertex 112.5 7.6 0
      vertex 217.6143593539449 5.2 0
    endloop
  endfacet
  facet normal 0 0 1
    outer loop
      vertex 10 10 0
      vertex 217.4 6 0
      vertex 217.42430759518047 6.277837084267088 0
    endloop
  endfacet
  facet normal 0 0 1
    outer loop
      vertex 10 10 0
      vertex 217.42430759518047 5.722162915732912 0
      vertex 217.4 6 0
    endloop
  endfacet
  facet normal 0 0 1
    outer loop
      vertex 10 10 0
      vertex 217.42430759518047 6.277837084267088 0
      vertex 217.49649180674254 6.54723222932107 0
    endloop
  endfacet
  facet normal 0 0 1
    outer loop
      vertex 10 10 0
      vertex 217.49649180674254 5.45276777067893 0
      vertex 217.42430759518047 5.722162915732912 0
    endloop
  endfacet
  facet normal 0 0 1
    outer loop
      vertex 10 10 0
      vertex 217.49649180674254 6.54723222932107 0
      vertex 217.6143593539449 6.8 0
    endloop
  endfacet
  facet normal 0 0 1
    outer loop
      vertex 10 10 0
      vertex 217.6143593539449 5.2 0
      vertex 217.49649180674254 5.45276777067893 0
    endloop
  endfacet
  facet normal 0 0 1
    outer loop
      vertex 10 10 0
      vertex 217.6143593539449 6.8 0
      vertex 217.77432889100965 7.028460175498463 0
    endloop
  endfacet
  facet normal 0 0 1
    outer loop
      vertex 10 10 0
      vertex 217.77432889100965 7.028460175498463 0
      vertex 217.97153982450155 7.225671108990365 0
    endloop
  endfacet
  facet normal 0 0 1
    outer loop
      vertex 10 10 0
      vertex 217.97153982450155 7.225671108990365 0
      vertex 218.2 7.385640646055101 0
    endloop
  endfacet
  facet normal 0 0 1
    outer loop
      vertex 10 10 0
      vertex 218.2 7.385640646055101 0
      vertex 218.45276777067892 7.503508193257454 0
    endloop
  endfacet
  facet normal 0 0 1
    outer loop
      vertex 10 10 0
      vertex 218.45276777067892 7.503508193257454 0
      vertex 218.72216291573292 7.575692404819533 0
    endloop
  endfacet
  facet normal 0 0 1
    outer loop
      vertex 10 10 0
      vertex 218.72216291573292 7.575692404819533 0
      vertex 219 7.6 0
    endloop
  endfacet
  facet normal 0 0 1
    outer loop
      vertex 10 10 0
      vertex 219 7.6 0
      vertex 225 10 0
    endloop
  endfacet
  facet normal 0 0 1
    outer loop
      vertex 10 160 -5.5
      vertex 23 147 -5.5
      vertex 202 147 -5.5
    endloop
  endfacet
  facet normal 0 0 1
    outer loop
      vertex 10 160 -5.5
      vertex 202 147 -5.5
      vertex 225 160 -5.5
    endloop
  endfacet
  facet normal 0 -1 0
    outer loop
      vertex 10 160 -5.5
      vertex 225 160 -5.5
      vertex 225 160 0
    endloop
  endfacet
  facet normal 0 -1 0
    outer loop
      vertex 10 160 -5.5
      vertex 225 160 0
      vertex 10 160 0
    endloop
  endfacet
  facet normal 0 0 1
    outer loop
      vertex 10 160 0
      vertex 110.9 164 0
      vertex 110.92430759518047 164.27783708426708 0
    endloop
  endfacet
  facet normal 0 0 1
    outer loop
      vertex 10 160 0
      vertex 110.92430759518047 163.72216291573292 0
      vertex 110.9 164 0
    endloop
  endfacet
  facet normal 0 0 1
    outer loop
      vertex 10 160 0
      vertex 110.92430759518047 164.27783708426708 0
      vertex 110.99649180674254 164.54723222932108 0
    endloop
  endfacet
  facet normal 0 0 1
    outer loop
      vertex 10 160 0
      vertex 110.99649180674254 163.45276777067892 0
      vertex 110.92430759518047 163.72216291573292 0
    endloop
  endfacet
  facet normal 0 0 1
    outer loop
      vertex 10 160 0
      vertex 110.99649180674254 164.54723222932108 0
      vertex 111.11435935394489 164.8 0
    endloop
  endfacet
  facet normal 0 0 1
    outer loop
      vertex 10 160 0
      vertex 111.11435935394489 163.2 0
      vertex 110.99649180674254 163.45276777067892 0
    endloop
  endfacet
  facet normal 0 0 1
    outer loop
      vertex 10 160 0
      vertex 111.11435935394489 164.8 0
      vertex 111.27432889100963 165.02846017549845 0
    endloop
  endfacet
  facet normal 0 0 1
    outer loop
      vertex 10 160 0
      vertex 111.27432889100963 162.97153982450155 0
      vertex 111.11435935394489 163.2 0
    endloop
  endfacet
  facet normal 0 0 1
    outer loop
      vertex 10 160 0
      vertex 111.27432889100963 165.02846017549845 0
      vertex 111.47153982450153 165.22567110899035 0
    endloop
  endfacet
  facet normal 0 0 1
    outer loop
      vertex 10 160 0
      vertex 111.47153982450153 162.77432889100965 0
      vertex 111.27432889100963 162.97153982450155 0
    endloop
  endfacet
  facet normal 0 0 1
    outer loop
      vertex 10 160 0
      vertex 111.7 162.6143593539449 0
      vertex 111.47153982450153 162.77432889100965 0
    endloop
  endfacet
  facet normal 0 0 1
    outer loop
      vertex 10 160 0
      vertex 111.95276777067893 162.49649180674254 0
      vertex 111.7 162.6143593539449 0
    endloop
  endfacet
  facet normal 0 0 1
    outer loop
      vertex 10 160 0
      vertex 112.22216291573291 162.42430759518047 0
      vertex 111.95276777067893 162.49649180674254 0
    endloop
  endfacet
  facet normal 0 0 1
    outer loop
      vertex 10 160 0
      vertex 112.5 162.4 0
      vertex 112.22216291573291 162.42430759518047 0
    endloop
  endfacet
  facet normal 0 0 1
    outer loop
      vertex 10 160 0
      vertex 225 160 0
      vertex 112.5 162.4 0
    endloop
  endfacet
  facet normal 0 1 0
    outer loop
      vertex 23 23 -6.1
      vertex 23 23 -5.5
      vertex 202 23 -6.1
    endloop
  endfacet
  facet normal 1 0 0
    outer loop
      vertex 23 23 -6.1
      vertex 23 147 -6.1
      vertex 23 147 -5.5
    endloop
  endfacet
  facet normal 1 0 0
    outer loop
      vertex 23 23 -6.1
      vertex 23 147 -5.5
      vertex 23 23 -5.5
    endloop
  endfacet
  facet normal 0 1 0
    outer loop
      vertex 23 23 -5.5
      vertex 202 23 -5.5
      vertex 202 23 -6.1
    endloop
  endfacet
  facet normal 0 0 -1
    outer loop
      vertex 23 147 -6.1
      vertex 109.495 164 -6.1
      vertex 110.9975 161.39759366162775 -6.1
    endloop
  endfacet
  facet normal 0 0 -1
    outer loop
      vertex 23 147 -6.1
      vertex 110.9975 161.39759366162775 -6.1
      vertex 114.0025 161.39759366162775 -6.1
    endloop
  endfacet
  facet normal 0 0 -1
    outer loop
      vertex 23 147 -6.1
      vertex 114.0025 161.39759366162775 -6.1
      vertex 220 170 -6.1
    endloop
  endfacet
  facet normal 0 -1 0
    outer loop
      vertex 23 147 -6.1
      vertex 202 147 -6.1
      vertex 202 147 -5.5
    endloop
  endfacet
  facet normal 0 -1 0
    outer loop
      vertex 23 147 -6.1
      vertex 202 147 -5.5
      vertex 23 147 -5.5
    endloop
  endfacet
  facet normal 0 0 -1
    outer loop
      vertex 23 147 -6.1
      vertex 220 170 -6.1
      vertex 202 147 -6.1
    endloop
  endfacet
  facet normal 0.8660254037844389 0.49999999999999944 0
    outer loop
      vertex 109.495 6 -6.1
      vertex 109.495 6 -3.6000000000000014
      vertex 110.9975 3.397593661627762 -6.1
    endloop
  endfacet
  facet normal 0.8660254037844389 -0.4999999999999996 0
    outer loop
      vertex 109.495 6 -6.1
      vertex 110.9975 8.602406338372237 -6.1
      vertex 110.9975 8.602406338372237 -3.6000000000000014
    endloop
  endfacet
  facet normal 0.8660254037844389 -0.4999999999999996 0
    outer loop
      vertex 109.495 6 -6.1
      vertex 110.9975 8.602406338372237 -3.6000000000000014
      vertex 109.495 6 -3.6000000000000014
    endloop
  endfacet
  facet normal 0 0 -1
    outer loop
      vertex 109.495 6 -3.6000000000000014
      vertex 110.9 6 -3.6000000000000014
      vertex 110.92430759518047 5.722162915732912 -3.6000000000000014
    endloop
  endfacet
  facet normal 0 0 -1
    outer loop
      vertex 109.495 6 -3.6000000000000014
      vertex 110.92430759518047 5.722162915732912 -3.6000000000000014
      vertex 110.99649180674254 5.45276777067893 -3.6000000000000014
    endloop
  endfacet
  facet normal 0 0 -1
    outer loop
      vertex 109.495 6 -3.6000000000000014
      vertex 110.92430759518047 6.277837084267088 -3.6000000000000014
      vertex 110.9 6 -3.6000000000000014
    endloop
  endfacet
  facet normal 0 0 -1
    outer loop
      vertex 109.495 6 -3.6000000000000014
      vertex 110.99649180674254 5.45276777067893 -3.6000000000000014
      vertex 110.9975 3.397593661627762 -3.6000000000000014
    endloop
  endfacet
  facet normal 0 0 -1
    outer loop
      vertex 109.495 6 -3.6000000000000014
      vertex 110.99649180674254 6.54723222932107 -3.6000000000000014
      vertex 110.92430759518047 6.277837084267088 -3.6000000000000014
    endloop
  endfacet
  facet normal 0.8660254037844389 0.49999999999999944 0
    outer loop
      vertex 109.495 6 -3.6000000000000014
      vertex 110.9975 3.397593661627762 -3.6000000000000014
      vertex 110.9975 3.397593661627762 -6.1
    endloop
  endfacet
  facet normal 0 0 -1
    outer loop
      vertex 109.495 6 -3.6000000000000014
      vertex 110.9975 8.602406338372237 -3.6000000000000014
      vertex 111.11435935394489 6.8 -3.6000000000000014
    endloop
  endfacet
  facet normal 0 0 -1
    outer loop
      vertex 109.495 6 -3.6000000000000014
      vertex 111.11435935394489 6.8 -3.6000000000000014
      vertex 110.99649180674254 6.54723222932107 -3.6000000000000014
    endloop
  endfacet
  facet normal 0.8660254037844398 0.49999999999999806 0
    outer loop
      vertex 109.495 164 -6.1
      vertex 109.495 164 -3.6000000000000014
      vertex 110.9975 161.39759366162775 -6.1
    endloop
  endfacet
  facet normal 0.8660254037844398 -0.49999999999999806 0
    outer loop
      vertex 109.495 164 -6.1
      vertex 110.9975 166.60240633837225 -6.1
      vertex 110.9975 166.60240633837225 -3.6000000000000014
    endloop
  endfacet
  facet normal 0.8660254037844398 -0.49999999999999806 0
    outer loop
      vertex 109.495 164 -6.1
      vertex 110.9975 166.60240633837225 -3.6000000000000014
      vertex 109.495 164 -3.6000000000000014
    endloop
  endfacet
  facet normal 0 0 -1
    outer loop
      vertex 109.495 164 -3.6000000000000014
      vertex 110.9 164 -3.6000000000000014
      vertex 110.92430759518047 163.72216291573292 -3.6000000000000014
    endloop
  endfacet
  facet normal 0 0 -1
    outer loop
      vertex 109.495 164 -3.6000000000000014
      vertex 110.92430759518047 163.72216291573292 -3.6000000000000014
      vertex 110.99649180674254 163.45276777067892 -3.6000000000000014
    endloop
  endfacet
  facet normal 0 0 -1
    outer loop
      vertex 109.495 164 -3.6000000000000014
      vertex 110.92430759518047 164.27783708426708 -3.6000000000000014
      vertex 110.9 164 -3.6000000000000014
    endloop
  endfacet
  facet normal 0 0 -1
    outer loop
      vertex 109.495 164 -3.6000000000000014
      vertex 110.99649180674254 163.45276777067892 -3.6000000000000014
      vertex 110.9975 161.39759366162775 -3.6000000000000014
    endloop
  endfacet
  facet normal 0 0 -1
    outer loop
      vertex 109.495 164 -3.6000000000000014
      vertex 110.99649180674254 164.54723222932108 -3.6000000000000014
      vertex 110.92430759518047 164.27783708426708 -3.6000000000000014
    endloop
  endfacet
  facet normal 0.8660254037844398 0.49999999999999806 0
    outer loop
      vertex 109.495 164 -3.6000000000000014
      vertex 110.9975 161.39759366162775 -3.6000000000000014
      vertex 110.9975 161.39759366162775 -6.1
    endloop
  endfacet
  facet normal 0 0 -1
    outer loop
      vertex 109.495 164 -3.6000000000000014
      vertex 110.9975 166.60240633837225 -3.6000000000000014
      vertex 111.11435935394489 164.8 -3.6000000000000014
    endloop
  endfacet
  facet normal 0 0 -1
    outer loop
      vertex 109.495 164 -3.6000000000000014
      vertex 111.11435935394489 164.8 -3.6000000000000014
      vertex 110.99649180674254 164.54723222932108 -3.6000000000000014
    endloop
  endfacet
  facet normal 0.9961946980917479 0.08715574274763258 0
    outer loop
      vertex 110.9 6 -3.6000000000000014
      vertex 110.9 6 0
      vertex 110.92430759518047 5.722162915732912 -3.6000000000000014
    endloop
  endfacet
  facet normal 0.9961946980917479 -0.08715574274763258 0
    outer loop
      vertex 110.9 6 -3.6000000000000014
      vertex 110.92430759518047 6.277837084267088 -3.6000000000000014
      vertex 110.92430759518047 6.277837084267088 0
    endloop
  endfacet
  facet normal 0.9961946980917479 -0.08715574274763258 0
    outer loop
      vertex 110.9 6 -3.6000000000000014
      vertex 110.92430759518047 6.277837084267088 0
      vertex 110.9 6 0
    endloop
  endfacet
  facet normal 0.9961946980917479 0.08715574274763258 0
    outer loop
      vertex 110.9 6 0
      vertex 110.92430759518047 5.722162915732912 0
      vertex 110.92430759518047 5.722162915732912 -3.6000000000000014
    endloop
  endfacet
  facet normal 0.9961946980917474 0.08715574274763616 0
    outer loop
      vertex 110.9 164 -3.6000000000000014
      vertex 110.9 164 0
      vertex 110.92430759518047 163.72216291573292 -3.6000000000000014
    endloop
  endfacet
  facet normal 0.9961946980917474 -0.08715574274763616 0
    outer loop
      vertex 110.9 164 -3.6000000000000014
      vertex 110.92430759518047 164.27783708426708 -3.6000000000000014
      vertex 110.92430759518047 164.27783708426708 0
    endloop
  endfacet
  facet normal 0.9961946980917474 -0.08715574274763616 0
    outer loop
      vertex 110.9 164 -3.6000000000000014
      vertex 110.92430759518047 164.27783708426708 0
      vertex 110.9 164 0
    endloop
  endfacet
  facet normal 0.9961946980917474 0.08715574274763616 0
    outer loop
      vertex 110.9 164 0
      vertex 110.92430759518047 163.72216291573292 0
      vertex 110.92430759518047 163.72216291573292 -3.6000000000000014
    endloop
  endfacet
  facet normal 0.9659258262890728 0.2588190451025042 0
    outer loop
      vertex 110.92430759518047 5.722162915732912 -3.6000000000000014
      vertex 110.92430759518047 5.722162915732912 0
      vertex 110.99649180674254 5.45276777067893 -3.6000000000000014
    endloop
  endfacet
  facet normal 0.9659258262890728 0.2588190451025042 0
    outer loop
      vertex 110.92430759518047 5.722162915732912 0
      vertex 110.99649180674254 5.45276777067893 0
      vertex 110.99649180674254 5.45276777067893 -3.6000000000000014
    endloop
  endfacet
  facet normal 0.9659258262890728 -0.2588190451025042 0
    outer loop
      vertex 110.92430759518047 6.277837084267088 -3.6000000000000014
      vertex 110.99649180674254 6.54723222932107 -3.6000000000000014
      vertex 110.99649180674254 6.54723222932107 0
    endloop
  endfacet
  facet normal 0.9659258262890728 -0.2588190451025042 0
    outer loop
      vertex 110.92430759518047 6.277837084267088 -3.6000000000000014
      vertex 110.99649180674254 6.54723222932107 0
      vertex 110.92430759518047 6.277837084267088 0
    endloop
  endfacet
  facet normal 0.9659258262890783 0.25881904510248266 0
    outer loop
      vertex 110.92430759518047 163.72216291573292 -3.6000000000000014
      vertex 110.92430759518047 163.72216291573292 0
      vertex 110.99649180674254 163.45276777067892 -3.6000000000000014
    endloop
  endfacet
  facet normal 0.9659258262890783 0.25881904510248266 0
    outer loop
      vertex 110.92430759518047 163.72216291573292 0
      vertex 110.99649180674254 163.45276777067892 0
      vertex 110.99649180674254 163.45276777067892 -3.6000000000000014
    endloop
  endfacet
  facet normal 0.9659258262890783 -0.25881904510248266 0
    outer loop
      vertex 110.92430759518047 164.27783708426708 -3.6000000000000014
      vertex 110.99649180674254 164.54723222932108 -3.6000000000000014
      vertex 110.99649180674254 164.54723222932108 0
    endloop
  endfacet
  facet normal 0.9659258262890783 -0.25881904510248266 0
    outer loop
      vertex 110.92430759518047 164.27783708426708 -3.6000000000000014
      vertex 110.99649180674254 164.54723222932108 0
      vertex 110.92430759518047 164.27783708426708 0
    endloop
  endfacet
  facet normal 0.9063077870366503 0.422618261740699 0
    outer loop
      vertex 110.99649180674254 5.45276777067893 -3.6000000000000014
      vertex 110.99649180674254 5.45276777067893 0
      vertex 111.11435935394489 5.2 -3.6000000000000014
    endloop
  endfacet
  facet normal 0 0 -1
    outer loop
      vertex 110.99649180674254 5.45276777067893 -3.6000000000000014
      vertex 111.11435935394489 5.2 -3.6000000000000014
      vertex 110.9975 3.397593661627762 -3.6000000000000014
    endloop
  endfacet
  facet normal 0.9063077870366503 0.422618261740699 0
    outer loop
      vertex 110.99649180674254 5.45276777067893 0
      vertex 111.11435935394489 5.2 0
      vertex 111.11435935394489 5.2 -3.6000000000000014
    endloop
  endfacet
  facet normal 0.9063077870366503 -0.422618261740699 0
    outer loop
      vertex 110.99649180674254 6.54723222932107 -3.6000000000000014
      vertex 111.11435935394489 6.8 -3.6000000000000014
      vertex 111.11435935394489 6.8 0
    endloop
  endfacet
  facet normal 0.9063077870366503 -0.422618261740699 0
    outer loop
      vertex 110.99649180674254 6.54723222932107 -3.6000000000000014
      vertex 111.11435935394489 6.8 0
      vertex 110.99649180674254 6.54723222932107 0
    endloop
  endfacet
  facet normal 0.9063077870366497 0.42261826174070016 0
    outer loop
      vertex 110.99649180674254 163.45276777067892 -3.6000000000000014
      vertex 110.99649180674254 163.45276777067892 0
      vertex 111.11435935394489 163.2 -3.6000000000000014
    endloop
  endfacet
  facet normal 0 0 -1
    outer loop
      vertex 110.99649180674254 163.45276777067892 -3.6000000000000014
      vertex 111.11435935394489 163.2 -3.6000000000000014
      vertex 110.9975 161.39759366162775 -3.6000000000000014
    endloop
  endfacet
  facet normal 0.9063077870366497 0.42261826174070016 0
    outer loop
      vertex 110.99649180674254 163.45276777067892 0
      vertex 111.11435935394489 163.2 0
      vertex 111.11435935394489 163.2 -3.6000000000000014
    endloop
  endfacet
  facet normal 0.9063077870366497 -0.42261826174070016 0
    outer loop
      vertex 110.99649180674254 164.54723222932108 -3.6000000000000014
      vertex 111.11435935394489 164.8 -3.6000000000000014
      vertex 111.11435935394489 164.8 0
    endloop
  endfacet
  facet normal 0.9063077870366497 -0.42261826174070016 0
    outer loop
      vertex 110.99649180674254 164.54723222932108 -3.6000000000000014
      vertex 111.11435935394489 164.8 0
      vertex 110.99649180674254 164.54723222932108 0
    endloop
  endfacet
  facet normal 0 1 0
    outer loop
      vertex 110.9975 3.397593661627762 -6.1
      vertex 110.9975 3.397593661627762 -3.6000000000000014
      vertex 114.0025 3.397593661627762 -6.1
    endloop
  endfacet
  facet normal 0 0 -1
    outer loop
      vertex 110.9975 3.397593661627762 -6.1
      vertex 114.0025 3.397593661627762 -6.1
      vertex 220 0 -6.1
    endloop
  endfacet
  facet normal 0 0 -1
    outer loop
      vertex 110.9975 3.397593661627762 -3.6000000000000014
      vertex 111.11435935394489 5.2 -3.6000000000000014
      vertex 111.27432889100963 4.971539824501537 -3.6000000000000014
    endloop
  endfacet
  facet normal 0 0 -1
    outer loop
      vertex 110.9975 3.397593661627762 -3.6000000000000014
      vertex 111.27432889100963 4.971539824501537 -3.6000000000000014
      vertex 111.47153982450153 4.774328891009635 -3.6000000000000014
    endloop
  endfacet
  facet normal 0 0 -1
    outer loop
      vertex 110.9975 3.397593661627762 -3.6000000000000014
      vertex 111.47153982450153 4.774328891009635 -3.6000000000000014
      vertex 111.7 4.614359353944899 -3.6000000000000014
    endloop
  endfacet
  facet normal 0 0 -1
    outer loop
      vertex 110.9975 3.397593661627762 -3.6000000000000014
      vertex 111.7 4.614359353944899 -3.6000000000000014
      vertex 111.95276777067893 4.496491806742546 -3.6000000000000014
    endloop
  endfacet
  facet normal 0 0 -1
    outer loop
      vertex 110.9975 3.397593661627762 -3.6000000000000014
      vertex 111.95276777067893 4.496491806742546 -3.6000000000000014
      vertex 112.22216291573291 4.424307595180467 -3.6000000000000014
    endloop
  endfacet
  facet normal 0 0 -1
    outer loop
      vertex 110.9975 3.397593661627762 -3.6000000000000014
      vertex 112.22216291573291 4.424307595180467 -3.6000000000000014
      vertex 112.5 4.4 -3.6000000000000014
    endloop
  endfacet
  facet normal 0 0 -1
    outer loop
      vertex 110.9975 3.397593661627762 -3.6000000000000014
      vertex 112.5 4.4 -3.6000000000000014
      vertex 112.77783708426709 4.424307595180467 -3.6000000000000014
    endloop
  endfacet
  facet normal 0 0 -1
    outer loop
      vertex 110.9975 3.397593661627762 -3.6000000000000014
      vertex 112.77783708426709 4.424307595180467 -3.6000000000000014
      vertex 114.0025 3.397593661627762 -3.6000000000000014
    endloop
  endfacet
  facet normal 0 1 0
    outer loop
      vertex 110.9975 3.397593661627762 -3.6000000000000014
      vertex 114.0025 3.397593661627762 -3.6000000000000014
      vertex 114.0025 3.397593661627762 -6.1
    endloop
  endfacet
  facet normal 0 -1 0
    outer loop
      vertex 110.9975 8.602406338372237 -6.1
      vertex 114.0025 8.602406338372237 -6.1
      vertex 114.0025 8.602406338372237 -3.6000000000000014
    endloop
  endfacet
  facet normal 0 -1 0
    outer loop
      vertex 110.9975 8.602406338372237 -6.1
      vertex 114.0025 8.602406338372237 -3.6000000000000014
      vertex 110.9975 8.602406338372237 -3.6000000000000014
    endloop
  endfacet
  facet normal 0 0 -1
    outer loop
      vertex 110.9975 8.602406338372237 -6.1
      vertex 202 23 -6.1
      vertex 114.0025 8.602406338372237 -6.1
    endloop
  endfacet
  facet normal 0 0 -1
    outer loop
      vertex 110.9975 8.602406338372237 -3.6000000000000014
      vertex 111.27432889100963 7.028460175498463 -3.6000000000000014
      vertex 111.11435935394489 6.8 -3.6000000000000014
    endloop
  endfacet
  facet normal 0 0 -1
    outer loop
      vertex 110.9975 8.602406338372237 -3.6000000000000014
      vertex 111.47153982450153 7.225671108990365 -3.6000000000000014
      vertex 111.27432889100963 7.028460175498463 -3.6000000000000014
    endloop
  endfacet
  facet normal 0 0 -1
    outer loop
      vertex 110.9975 8.602406338372237 -3.6000000000000014
      vertex 111.7 7.385640646055101 -3.6000000000000014
      vertex 111.47153982450153 7.225671108990365 -3.6000000000000014
    endloop
  endfacet
  facet normal 0 0 -1
    outer loop
      vertex 110.9975 8.602406338372237 -3.6000000000000014
      vertex 111.95276777067893 7.503508193257454 -3.6000000000000014
      vertex 111.7 7.385640646055101 -3.6000000000000014
    endloop
  endfacet
  facet normal 0 0 -1
    outer loop
      vertex 110.9975 8.602406338372237 -3.6000000000000014
      vertex 112.22216291573291 7.575692404819533 -3.6000000000000014
      vertex 111.95276777067893 7.503508193257454 -3.6000000000000014
    endloop
  endfacet
  facet normal 0 0 -1
    outer loop
      vertex 110.9975 8.602406338372237 -3.6000000000000014
      vertex 114.0025 8.602406338372237 -3.6000000000000014
      vertex 112.22216291573291 7.575692404819533 -3.6000000000000014
    endloop
  endfacet
  facet normal 0 1 0
    outer loop
      vertex 110.9975 161.39759366162775 -6.1
      vertex 110.9975 161.39759366162775 -3.6000000000000014
      vertex 114.0025 161.39759366162775 -6.1
    endloop
  endfacet
  facet normal 0 0 -1
    outer loop
      vertex 110.9975 161.39759366162775 -3.6000000000000014
      vertex 111.11435935394489 163.2 -3.6000000000000014
      vertex 111.27432889100963 162.97153982450155 -3.6000000000000014
    endloop
  endfacet
  facet normal 0 0 -1
    outer loop
      vertex 110.9975 161.39759366162775 -3.6000000000000014
      vertex 111.27432889100963 162.97153982450155 -3.6000000000000014
      vertex 111.47153982450153 162.77432889100965 -3.6000000000000014
    endloop
  endfacet
  facet normal 0 0 -1
    outer loop
      vertex 110.9975 161.39759366162775 -3.6000000000000014
      vertex 111.47153982450153 162.77432889100965 -3.6000000000000014
      vertex 111.7 162.6143593539449 -3.6000000000000014
    endloop
  endfacet
  facet normal 0 0 -1
    outer loop
      vertex 110.9975 161.39759366162775 -3.6000000000000014
      vertex 111.7 162.6143593539449 -3.6000000000000014
      vertex 111.95276777067893 162.49649180674254 -3.6000000000000014
    endloop
  endfacet
  facet normal 0 0 -1
    outer loop
      vertex 110.9975 161.39759366162775 -3.6000000000000014
      vertex 111.95276777067893 162.49649180674254 -3.6000000000000014
      vertex 112.22216291573291 162.42430759518047 -3.6000000000000014
    endloop
  endfacet
  facet normal 0 0 -1
    outer loop
      vertex 110.9975 161.39759366162775 -3.6000000000000014
      vertex 112.22216291573291 162.42430759518047 -3.6000000000000014
      vertex 112.5 162.4 -3.6000000000000014
    endloop
  endfacet
  facet normal 0 0 -1
    outer loop
      vertex 110.9975 161.39759366162775 -3.6000000000000014
      vertex 112.5 162.4 -3.6000000000000014
      vertex 112.77783708426709 162.42430759518047 -3.6000000000000014
    endloop
  endfacet
  facet normal 0 0 -1
    outer loop
      vertex 110.9975 161.39759366162775 -3.6000000000000014
      vertex 112.77783708426709 162.42430759518047 -3.6000000000000014
      vertex 114.0025 161.39759366162775 -3.6000000000000014
    endloop
  endfacet
  facet normal 0 1 0
    outer loop
      vertex 110.9975 161.39759366162775 -3.6000000000000014
      vertex 114.0025 161.39759366162775 -3.6000000000000014
      vertex 114.0025 161.39759366162775 -6.1
    endloop
  endfacet
  facet normal 0 -1 0
    outer loop
      vertex 110.9975 166.60240633837225 -6.1
      vertex 114.0025 166.60240633837225 -6.1
      vertex 114.0025 166.60240633837225 -3.6000000000000014
    endloop
  endfacet
  facet normal 0 -1 0
    outer loop
      vertex 110.9975 166.60240633837225 -6.1
      vertex 114.0025 166.60240633837225 -3.6000000000000014
      vertex 110.9975 166.60240633837225 -3.6000000000000014
    endloop
  endfacet
  facet normal 0 0 -1
    outer loop
      vertex 110.9975 166.60240633837225 -6.1
      vertex 220 170 -6.1
      vertex 114.0025 166.60240633837225 -6.1
    endloop
  endfacet
  facet normal 0 0 -1
    outer loop
      vertex 110.9975 166.60240633837225 -3.6000000000000014
      vertex 111.27432889100963 165.02846017549845 -3.6000000000000014
      vertex 111.11435935394489 164.8 -3.6000000000000014
    endloop
  endfacet
  facet normal 0 0 -1
    outer loop
      vertex 110.9975 166.60240633837225 -3.6000000000000014
      vertex 111.47153982450153 165.22567110899035 -3.6000000000000014
      vertex 111.27432889100963 165.02846017549845 -3.6000000000000014
    endloop
  endfacet
  facet normal 0 0 -1
    outer loop
      vertex 110.9975 166.60240633837225 -3.6000000000000014
      vertex 111.7 165.3856406460551 -3.6000000000000014
      vertex 111.47153982450153 165.22567110899035 -3.6000000000000014
    endloop
  endfacet
  facet normal 0 0 -1
    outer loop
      vertex 110.9975 166.60240633837225 -3.6000000000000014
      vertex 111.95276777067893 165.50350819325746 -3.6000000000000014
      vertex 111.7 165.3856406460551 -3.6000000000000014
    endloop
  endfacet
  facet normal 0 0 -1
    outer loop
      vertex 110.9975 166.60240633837225 -3.6000000000000014
      vertex 112.22216291573291 165.57569240481953 -3.6000000000000014
      vertex 111.95276777067893 165.50350819325746 -3.6000000000000014
    endloop
  endfacet
  facet normal 0 0 -1
    outer loop
      vertex 110.9975 166.60240633837225 -3.6000000000000014
      vertex 114.0025 166.60240633837225 -3.6000000000000014
      vertex 112.22216291573291 165.57569240481953 -3.6000000000000014
    endloop
  endfacet
  facet normal 0.8191520442889876 0.5735764363510524 0
    outer loop
      vertex 111.11435935394489 5.2 -3.6000000000000014
      vertex 111.11435935394489 5.2 0
      vertex 111.27432889100963 4.971539824501537 -3.6000000000000014
    endloop
  endfacet
  facet normal 0.8191520442889876 0.5735764363510524 0
    outer loop
      vertex 111.11435935394489 5.2 0
      vertex 111.27432889100963 4.971539824501537 0
      vertex 111.27432889100963 4.971539824501537 -3.6000000000000014
    endloop
  endfacet
  facet normal 0.8191520442889876 -0.5735764363510524 0
    outer loop
      vertex 111.11435935394489 6.8 -3.6000000000000014
      vertex 111.27432889100963 7.028460175498463 -3.6000000000000014
      vertex 111.27432889100963 7.028460175498463 0
    endloop
  endfacet
  facet normal 0.8191520442889876 -0.5735764363510524 0
    outer loop
      vertex 111.11435935394489 6.8 -3.6000000000000014
      vertex 111.27432889100963 7.028460175498463 0
      vertex 111.11435935394489 6.8 0
    endloop
  endfacet
  facet normal 0.8191520442889613 0.5735764363510897 0
    outer loop
      vertex 111.11435935394489 163.2 -3.6000000000000014
      vertex 111.11435935394489 163.2 0
      vertex 111.27432889100963 162.97153982450155 -3.6000000000000014
    endloop
  endfacet
  facet normal 0.8191520442889613 0.5735764363510897 0
    outer loop
      vertex 111.11435935394489 163.2 0
      vertex 111.27432889100963 162.97153982450155 0
      vertex 111.27432889100963 162.97153982450155 -3.6000000000000014
    endloop
  endfacet
  facet normal 0.8191520442889613 -0.5735764363510897 0
    outer loop
      vertex 111.11435935394489 164.8 -3.6000000000000014
      vertex 111.27432889100963 165.02846017549845 -3.6000000000000014
      vertex 111.27432889100963 165.02846017549845 0
    endloop
  endfacet
  facet normal 0.8191520442889613 -0.5735764363510897 0
    outer loop
      vertex 111.11435935394489 164.8 -3.6000000000000014
      vertex 111.27432889100963 165.02846017549845 0
      vertex 111.11435935394489 164.8 0
    endloop
  endfacet
  facet normal 0.7071067811865476 0.7071067811865476 0
    outer loop
      vertex 111.27432889100963 4.971539824501537 -3.6000000000000014
      vertex 111.27432889100963 4.971539824501537 0
      vertex 111.47153982450153 4.774328891009635 -3.6000000000000014
    endloop
  endfacet
  facet normal 0.7071067811865476 0.7071067811865476 0
    outer loop
      vertex 111.27432889100963 4.971539824501537 0
      vertex 111.47153982450153 4.774328891009635 0
      vertex 111.47153982450153 4.774328891009635 -3.6000000000000014
    endloop
  endfacet
  facet normal 0.7071067811865476 -0.7071067811865476 0
    outer loop
      vertex 111.27432889100963 7.028460175498463 -3.6000000000000014
      vertex 111.47153982450153 7.225671108990365 -3.6000000000000014
      vertex 111.47153982450153 7.225671108990365 0
    endloop
  endfacet
  facet normal 0.7071067811865476 -0.7071067811865476 0
    outer loop
      vertex 111.27432889100963 7.028460175498463 -3.6000000000000014
      vertex 111.47153982450153 7.225671108990365 0
      vertex 111.27432889100963 7.028460175498463 0
    endloop
  endfacet
  facet normal 0.7071067811865476 0.7071067811865476 0
    outer loop
      vertex 111.27432889100963 162.97153982450155 -3.6000000000000014
      vertex 111.27432889100963 162.97153982450155 0
      vertex 111.47153982450153 162.77432889100965 -3.6000000000000014
    endloop
  endfacet
  facet normal 0.7071067811865476 0.7071067811865476 0
    outer loop
      vertex 111.27432889100963 162.97153982450155 0
      vertex 111.47153982450153 162.77432889100965 0
      vertex 111.47153982450153 162.77432889100965 -3.6000000000000014
    endloop
  endfacet
  facet normal 0.7071067811865476 -0.7071067811865476 0
    outer loop
      vertex 111.27432889100963 165.02846017549845 -3.6000000000000014
      vertex 111.47153982450153 165.22567110899035 -3.6000000000000014
      vertex 111.47153982450153 165.22567110899035 0
    endloop
  endfacet
  facet normal 0.7071067811865476 -0.7071067811865476 0
    outer loop
      vertex 111.27432889100963 165.02846017549845 -3.6000000000000014
      vertex 111.47153982450153 165.22567110899035 0
      vertex 111.27432889100963 165.02846017549845 0
    endloop
  endfacet
  facet normal 0.5735764363510333 0.8191520442890009 0
    outer loop
      vertex 111.47153982450153 4.774328891009635 -3.6000000000000014
      vertex 111.47153982450153 4.774328891009635 0
      vertex 111.7 4.614359353944899 -3.6000000000000014
    endloop
  endfacet
  facet normal 0.5735764363510333 0.8191520442890009 0
    outer loop
      vertex 111.47153982450153 4.774328891009635 0
      vertex 111.7 4.614359353944899 0
      vertex 111.7 4.614359353944899 -3.6000000000000014
    endloop
  endfacet
  facet normal 0.5735764363510333 -0.8191520442890009 0
    outer loop
      vertex 111.47153982450153 7.225671108990365 -3.6000000000000014
      vertex 111.7 7.385640646055101 -3.6000000000000014
      vertex 111.7 7.385640646055101 0
    endloop
  endfacet
  facet normal 0.5735764363510333 -0.8191520442890009 0
    outer loop
      vertex 111.47153982450153 7.225671108990365 -3.6000000000000014
      vertex 111.7 7.385640646055101 0
      vertex 111.47153982450153 7.225671108990365 0
    endloop
  endfacet
  facet normal 0.5735764363510417 0.8191520442889947 0
    outer loop
      vertex 111.47153982450153 162.77432889100965 -3.6000000000000014
      vertex 111.47153982450153 162.77432889100965 0
      vertex 111.7 162.6143593539449 -3.6000000000000014
    endloop
  endfacet
  facet normal 0.5735764363510417 0.8191520442889947 0
    outer loop
      vertex 111.47153982450153 162.77432889100965 0
      vertex 111.7 162.6143593539449 0
      vertex 111.7 162.6143593539449 -3.6000000000000014
    endloop
  endfacet
  facet normal 0.5735764363510417 -0.8191520442889947 0
    outer loop
      vertex 111.47153982450153 165.22567110899035 -3.6000000000000014
      vertex 111.7 165.3856406460551 -3.6000000000000014
      vertex 111.7 165.3856406460551 0
    endloop
  endfacet
  facet normal 0.5735764363510417 -0.8191520442889947 0
    outer loop
      vertex 111.47153982450153 165.22567110899035 -3.6000000000000014
      vertex 111.7 165.3856406460551 0
      vertex 111.47153982450153 165.22567110899035 0
    endloop
  endfacet
  facet normal 0.42261826174070277 0.9063077870366485 0
    outer loop
      vertex 111.7 4.614359353944899 -3.6000000000000014
      vertex 111.7 4.614359353944899 0
      vertex 111.95276777067893 4.496491806742546 -3.6000000000000014
    endloop
  endfacet
  facet normal 0.42261826174070277 0.9063077870366485 0
    outer loop
      vertex 111.7 4.614359353944899 0
      vertex 111.95276777067893 4.496491806742546 0
      vertex 111.95276777067893 4.496491806742546 -3.6000000000000014
    endloop
  endfacet
  facet normal 0.42261826174070277 -0.9063077870366485 0
    outer loop
      vertex 111.7 7.385640646055101 -3.6000000000000014
      vertex 111.95276777067893 7.503508193257454 -3.6000000000000014
      vertex 111.95276777067893 7.503508193257454 0
    endloop
  endfacet
  facet normal 0.42261826174070277 -0.9063077870366485 0
    outer loop
      vertex 111.7 7.385640646055101 -3.6000000000000014
      vertex 111.95276777067893 7.503508193257454 0
      vertex 111.7 7.385640646055101 0
    endloop
  endfacet
  facet normal 0.42261826174074196 0.9063077870366301 0
    outer loop
      vertex 111.7 162.6143593539449 -3.6000000000000014
      vertex 111.7 162.6143593539449 0
      vertex 111.95276777067893 162.49649180674254 -3.6000000000000014
    endloop
  endfacet
  facet normal 0.42261826174074196 0.9063077870366301 0
    outer loop
      vertex 111.7 162.6143593539449 0
      vertex 111.95276777067893 162.49649180674254 0
      vertex 111.95276777067893 162.49649180674254 -3.6000000000000014
    endloop
  endfacet
  facet normal 0.42261826174074196 -0.9063077870366301 0
    outer loop
      vertex 111.7 165.3856406460551 -3.6000000000000014
      vertex 111.95276777067893 165.50350819325746 -3.6000000000000014
      vertex 111.95276777067893 165.50350819325746 0
    endloop
  endfacet
  facet normal 0.42261826174074196 -0.9063077870366301 0
    outer loop
      vertex 111.7 165.3856406460551 -3.6000000000000014
      vertex 111.95276777067893 165.50350819325746 0
      vertex 111.7 165.3856406460551 0
    endloop
  endfacet
  facet normal 0.258819045102523 0.9659258262890678 0
    outer loop
      vertex 111.95276777067893 4.496491806742546 -3.6000000000000014
      vertex 111.95276777067893 4.496491806742546 0
      vertex 112.22216291573291 4.424307595180467 -3.6000000000000014
    endloop
  endfacet
  facet normal 0.258819045102523 0.9659258262890678 0
    outer loop
      vertex 111.95276777067893 4.496491806742546 0
      vertex 112.22216291573291 4.424307595180467 0
      vertex 112.22216291573291 4.424307595180467 -3.6000000000000014
    endloop
  endfacet
  facet normal 0.258819045102523 -0.9659258262890678 0
    outer loop
      vertex 111.95276777067893 7.503508193257454 -3.6000000000000014
      vertex 112.22216291573291 7.575692404819533 -3.6000000000000014
      vertex 112.22216291573291 7.575692404819533 0
    endloop
  endfacet
  facet normal 0.258819045102523 -0.9659258262890678 0
    outer loop
      vertex 111.95276777067893 7.503508193257454 -3.6000000000000014
      vertex 112.22216291573291 7.575692404819533 0
      vertex 111.95276777067893 7.503508193257454 0
    endloop
  endfacet
  facet normal 0.25881904510250814 0.9659258262890715 0
    outer loop
      vertex 111.95276777067893 162.49649180674254 -3.6000000000000014
      vertex 111.95276777067893 162.49649180674254 0
      vertex 112.22216291573291 162.42430759518047 -3.6000000000000014
    endloop
  endfacet
  facet normal 0.25881904510250814 0.9659258262890715 0
    outer loop
      vertex 111.95276777067893 162.49649180674254 0
      vertex 112.22216291573291 162.42430759518047 0
      vertex 112.22216291573291 162.42430759518047 -3.6000000000000014
    endloop
  endfacet
  facet normal 0.25881904510250814 -0.9659258262890715 0
    outer loop
      vertex 111.95276777067893 165.50350819325746 -3.6000000000000014
      vertex 112.22216291573291 165.57569240481953 -3.6000000000000014
      vertex 112.22216291573291 165.57569240481953 0
    endloop
  endfacet
  facet normal 0.25881904510250814 -0.9659258262890715 0
    outer loop
      vertex 111.95276777067893 165.50350819325746 -3.6000000000000014
      vertex 112.22216291573291 165.57569240481953 0
      vertex 111.95276777067893 165.50350819325746 0
    endloop
  endfacet
  facet normal 0.08715574274765703 0.9961946980917457 0
    outer loop
      vertex 112.22216291573291 4.424307595180467 -3.6000000000000014
      vertex 112.22216291573291 4.424307595180467 0
      vertex 112.5 4.4 -3.6000000000000014
    endloop
  endfacet
  facet normal 0.08715574274765703 0.9961946980917457 0
    outer loop
      vertex 112.22216291573291 4.424307595180467 0
      vertex 112.5 4.4 0
      vertex 112.5 4.4 -3.6000000000000014
    endloop
  endfacet
  facet normal 0.08715574274765703 -0.9961946980917457 0
    outer loop
      vertex 112.22216291573291 7.575692404819533 -3.6000000000000014
      vertex 112.5 7.6 -3.6000000000000014
      vertex 112.5 7.6 0
    endloop
  endfacet
  facet normal 0.08715574274765703 -0.9961946980917457 0
    outer loop
      vertex 112.22216291573291 7.575692404819533 -3.6000000000000014
      vertex 112.5 7.6 0
      vertex 112.22216291573291 7.575692404819533 0
    endloop
  endfacet
  facet normal 0 0 -1
    outer loop
      vertex 112.22216291573291 7.575692404819533 -3.6000000000000014
      vertex 114.0025 8.602406338372237 -3.6000000000000014
      vertex 112.5 7.6 -3.6000000000000014
    endloop
  endfacet
  facet normal 0.08715574274763174 0.9961946980917479 0
    outer loop
      vertex 112.22216291573291 162.42430759518047 -3.6000000000000014
      vertex 112.22216291573291 162.42430759518047 0
      vertex 112.5 162.4 -3.6000000000000014
    endloop
  endfacet
  facet normal 0.08715574274763174 0.9961946980917479 0
    outer loop
      vertex 112.22216291573291 162.42430759518047 0
      vertex 112.5 162.4 0
      vertex 112.5 162.4 -3.6000000000000014
    endloop
  endfacet
  facet normal 0.08715574274763174 -0.9961946980917479 0
    outer loop
      vertex 112.22216291573291 165.57569240481953 -3.6000000000000014
      vertex 112.5 165.6 -3.6000000000000014
      vertex 112.5 165.6 0
    endloop
  endfacet
  facet normal 0.08715574274763174 -0.9961946980917479 0
    outer loop
      vertex 112.22216291573291 165.57569240481953 -3.6000000000000014
      vertex 112.5 165.6 0
      vertex 112.22216291573291 165.57569240481953 0
    endloop
  endfacet
  facet normal 0 0 -1
    outer loop
      vertex 112.22216291573291 165.57569240481953 -3.6000000000000014
      vertex 114.0025 166.60240633837225 -3.6000000000000014
      vertex 112.5 165.6 -3.6000000000000014
    endloop
  endfacet
  facet normal -0.08715574274765703 0.9961946980917457 0
    outer loop
      vertex 112.5 4.4 -3.6000000000000014
      vertex 112.5 4.4 0
      vertex 112.77783708426709 4.424307595180467 -3.6000000000000014
    endloop
  endfacet
  facet normal -0.08715574274765703 0.9961946980917457 0
    outer loop
      vertex 112.5 4.4 0
      vertex 112.77783708426709 4.424307595180467 0
      vertex 112.77783708426709 4.424307595180467 -3.6000000000000014
    endloop
  endfacet
  facet normal 0 0 1
    outer loop
      vertex 112.5 4.4 0
      vertex 220 0 0
      vertex 112.77783708426709 4.424307595180467 0
    endloop
  endfacet
  facet normal -0.08715574274765703 -0.9961946980917457 0
    outer loop
      vertex 112.5 7.6 -3.6000000000000014
      vertex 112.77783708426709 7.575692404819533 -3.6000000000000014
      vertex 112.77783708426709 7.575692404819533 0
    endloop
  endfacet
  facet normal -0.08715574274765703 -0.9961946980917457 0
    outer loop
      vertex 112.5 7.6 -3.6000000000000014
      vertex 112.77783708426709 7.575692404819533 0
      vertex 112.5 7.6 0
    endloop
  endfacet
  facet normal 0 0 -1
    outer loop
      vertex 112.5 7.6 -3.6000000000000014
      vertex 114.0025 8.602406338372237 -3.6000000000000014
      vertex 112.77783708426709 7.575692404819533 -3.6000000000000014
    endloop
  endfacet
  facet normal 0 0 1
    outer loop
      vertex 112.5 7.6 0
      vertex 112.77783708426709 7.575692404819533 0
      vertex 217.6143593539449 5.2 0
    endloop
  endfacet
  facet normal -0.08715574274763174 0.9961946980917479 0
    outer loop
      vertex 112.5 162.4 -3.6000000000000014
      vertex 112.5 162.4 0
      vertex 112.77783708426709 162.42430759518047 -3.6000000000000014
    endloop
  endfacet
  facet normal -0.08715574274763174 0.9961946980917479 0
    outer loop
      vertex 112.5 162.4 0
      vertex 112.77783708426709 162.42430759518047 0
      vertex 112.77783708426709 162.42430759518047 -3.6000000000000014
    endloop
  endfacet
  facet normal 0 0 1
    outer loop
      vertex 112.5 162.4 0
      vertex 225 160 0
      vertex 112.77783708426709 162.42430759518047 0
    endloop
  endfacet
  facet normal -0.08715574274763174 -0.9961946980917479 0
    outer loop
      vertex 112.5 165.6 -3.6000000000000014
      vertex 112.77783708426709 165.57569240481953 -3.6000000000000014
      vertex 112.77783708426709 165.57569240481953 0
    endloop
  endfacet
  facet normal -0.08715574274763174 -0.9961946980917479 0
    outer loop
      vertex 112.5 165.6 -3.6000000000000014
      vertex 112.77783708426709 165.57569240481953 0
      vertex 112.5 165.6 0
    endloop
  endfacet
  facet normal 0 0 -1
    outer loop
      vertex 112.5 165.6 -3.6000000000000014
      vertex 114.0025 166.60240633837225 -3.6000000000000014
      vertex 112.77783708426709 165.57569240481953 -3.6000000000000014
    endloop
  endfacet
  facet normal 0 0 1
    outer loop
      vertex 112.5 165.6 0
      vertex 112.77783708426709 165.57569240481953 0
      vertex 220 170 0
    endloop
  endfacet
  facet normal -0.258819045102523 0.9659258262890678 0
    outer loop
      vertex 112.77783708426709 4.424307595180467 -3.6000000000000014
      vertex 112.77783708426709 4.424307595180467 0
      vertex 113.04723222932107 4.496491806742546 -3.6000000000000014
    endloop
  endfacet
  facet normal 0 0 -1
    outer loop
      vertex 112.77783708426709 4.424307595180467 -3.6000000000000014
      vertex 113.04723222932107 4.496491806742546 -3.6000000000000014
      vertex 114.0025 3.397593661627762 -3.6000000000000014
    endloop
  endfacet
  facet normal -0.258819045102523 0.9659258262890678 0
    outer loop
      vertex 112.77783708426709 4.424307595180467 0
      vertex 113.04723222932107 4.496491806742546 0
      vertex 113.04723222932107 4.496491806742546 -3.6000000000000014
    endloop
  endfacet
  facet normal 0 0 1
    outer loop
      vertex 112.77783708426709 4.424307595180467 0
      vertex 220 0 0
      vertex 113.04723222932107 4.496491806742546 0
    endloop
  endfacet
  facet normal -0.258819045102523 -0.9659258262890678 0
    outer loop
      vertex 112.77783708426709 7.575692404819533 -3.6000000000000014
      vertex 113.04723222932107 7.503508193257454 -3.6000000000000014
      vertex 113.04723222932107 7.503508193257454 0
    endloop
  endfacet
  facet normal -0.258819045102523 -0.9659258262890678 0
    outer loop
      vertex 112.77783708426709 7.575692404819533 -3.6000000000000014
      vertex 113.04723222932107 7.503508193257454 0
      vertex 112.77783708426709 7.575692404819533 0
    endloop
  endfacet
  facet normal 0 0 -1
    outer loop
      vertex 112.77783708426709 7.575692404819533 -3.6000000000000014
      vertex 114.0025 8.602406338372237 -3.6000000000000014
      vertex 113.04723222932107 7.503508193257454 -3.6000000000000014
    endloop
  endfacet
  facet normal 0 0 1
    outer loop
      vertex 112.77783708426709 7.575692404819533 0
      vertex 113.04723222932107 7.503508193257454 0
      vertex 217.6143593539449 5.2 0
    endloop
  endfacet
  facet normal -0.25881904510250814 0.9659258262890715 0
    outer loop
      vertex 112.77783708426709 162.42430759518047 -3.6000000000000014
      vertex 112.77783708426709 162.42430759518047 0
      vertex 113.04723222932107 162.49649180674254 -3.6000000000000014
    endloop
  endfacet
  facet normal 0 0 -1
    outer loop
      vertex 112.77783708426709 162.42430759518047 -3.6000000000000014
      vertex 113.04723222932107 162.49649180674254 -3.6000000000000014
      vertex 114.0025 161.39759366162775 -3.6000000000000014
    endloop
  endfacet
  facet normal -0.25881904510250814 0.9659258262890715 0
    outer loop
      vertex 112.77783708426709 162.42430759518047 0
      vertex 113.04723222932107 162.49649180674254 0
      vertex 113.04723222932107 162.49649180674254 -3.6000000000000014
    endloop
  endfacet
  facet normal 0 0 1
    outer loop
      vertex 112.77783708426709 162.42430759518047 0
      vertex 225 160 0
      vertex 113.04723222932107 162.49649180674254 0
    endloop
  endfacet
  facet normal -0.25881904510250814 -0.9659258262890715 0
    outer loop
      vertex 112.77783708426709 165.57569240481953 -3.6000000000000014
      vertex 113.04723222932107 165.50350819325746 -3.6000000000000014
      vertex 113.04723222932107 165.50350819325746 0
    endloop
  endfacet
  facet normal -0.25881904510250814 -0.9659258262890715 0
    outer loop
      vertex 112.77783708426709 165.57569240481953 -3.6000000000000014
      vertex 113.04723222932107 165.50350819325746 0
      vertex 112.77783708426709 165.57569240481953 0
    endloop
  endfacet
  facet normal 0 0 -1
    outer loop
      vertex 112.77783708426709 165.57569240481953 -3.6000000000000014
      vertex 114.0025 166.60240633837225 -3.6000000000000014
      vertex 113.04723222932107 165.50350819325746 -3.6000000000000014
    endloop
  endfacet
  facet normal 0 0 1
    outer loop
      vertex 112.77783708426709 165.57569240481953 0
      vertex 113.04723222932107 165.50350819325746 0
      vertex 220 170 0
    endloop
  endfacet
  facet normal -0.42261826174070277 0.9063077870366485 0
    outer loop
      vertex 113.04723222932107 4.496491806742546 -3.6000000000000014
      vertex 113.04723222932107 4.496491806742546 0
      vertex 113.3 4.614359353944899 -3.6000000000000014
    endloop
  endfacet
  facet normal 0 0 -1
    outer loop
      vertex 113.04723222932107 4.496491806742546 -3.6000000000000014
      vertex 113.3 4.614359353944899 -3.6000000000000014
      vertex 114.0025 3.397593661627762 -3.6000000000000014
    endloop
  endfacet
  facet normal -0.42261826174070277 0.9063077870366485 0
    outer loop
      vertex 113.04723222932107 4.496491806742546 0
      vertex 113.3 4.614359353944899 0
      vertex 113.3 4.614359353944899 -3.6000000000000014
    endloop
  endfacet
  facet normal 0 0 1
    outer loop
      vertex 113.04723222932107 4.496491806742546 0
      vertex 220 0 0
      vertex 113.3 4.614359353944899 0
    endloop
  endfacet
  facet normal -0.42261826174070277 -0.9063077870366485 0
    outer loop
      vertex 113.04723222932107 7.503508193257454 -3.6000000000000014
      vertex 113.3 7.385640646055101 -3.6000000000000014
      vertex 113.3 7.385640646055101 0
    endloop
  endfacet
  facet normal -0.42261826174070277 -0.9063077870366485 0
    outer loop
      vertex 113.04723222932107 7.503508193257454 -3.6000000000000014
      vertex 113.3 7.385640646055101 0
      vertex 113.04723222932107 7.503508193257454 0
    endloop
  endfacet
  facet normal 0 0 -1
    outer loop
      vertex 113.04723222932107 7.503508193257454 -3.6000000000000014
      vertex 114.0025 8.602406338372237 -3.6000000000000014
      vertex 113.3 7.385640646055101 -3.6000000000000014
    endloop
  endfacet
  facet normal 0 0 1
    outer loop
      vertex 113.04723222932107 7.503508193257454 0
      vertex 113.3 7.385640646055101 0
      vertex 217.6143593539449 5.2 0
    endloop
  endfacet
  facet normal -0.42261826174074196 0.9063077870366301 0
    outer loop
      vertex 113.04723222932107 162.49649180674254 -3.6000000000000014
      vertex 113.04723222932107 162.49649180674254 0
      vertex 113.3 162.6143593539449 -3.6000000000000014
    endloop
  endfacet
  facet normal 0 0 -1
    outer loop
      vertex 113.04723222932107 162.49649180674254 -3.6000000000000014
      vertex 113.3 162.6143593539449 -3.6000000000000014
      vertex 114.0025 161.39759366162775 -3.6000000000000014
    endloop
  endfacet
  facet normal -0.42261826174074196 0.9063077870366301 0
    outer loop
      vertex 113.04723222932107 162.49649180674254 0
      vertex 113.3 162.6143593539449 0
      vertex 113.3 162.6143593539449 -3.6000000000000014
    endloop
  endfacet
  facet normal 0 0 1
    outer loop
      vertex 113.04723222932107 162.49649180674254 0
      vertex 225 160 0
      vertex 113.3 162.6143593539449 0
    endloop
  endfacet
  facet normal -0.42261826174074196 -0.9063077870366301 0
    outer loop
      vertex 113.04723222932107 165.50350819325746 -3.6000000000000014
      vertex 113.3 165.3856406460551 -3.6000000000000014
      vertex 113.3 165.3856406460551 0
    endloop
  endfacet
  facet normal -0.42261826174074196 -0.9063077870366301 0
    outer loop
      vertex 113.04723222932107 165.50350819325746 -3.6000000000000014
      vertex 113.3 165.3856406460551 0
      vertex 113.04723222932107 165.50350819325746 0
    endloop
  endfacet
  facet normal 0 0 -1
    outer loop
      vertex 113.04723222932107 165.50350819325746 -3.6000000000000014
      vertex 114.0025 166.60240633837225 -3.6000000000000014
      vertex 113.3 165.3856406460551 -3.6000000000000014
    endloop
  endfacet
  facet normal 0 0 1
    outer loop
      vertex 113.04723222932107 165.50350819325746 0
      vertex 113.3 165.3856406460551 0
      vertex 220 170 0
    endloop
  endfacet
  facet normal -0.5735764363510333 0.8191520442890009 0
    outer loop
      vertex 113.3 4.614359353944899 -3.6000000000000014
      vertex 113.3 4.614359353944899 0
      vertex 113.52846017549847 4.774328891009635 -3.6000000000000014
    endloop
  endfacet
  facet normal 0 0 -1
    outer loop
      vertex 113.3 4.614359353944899 -3.6000000000000014
      vertex 113.52846017549847 4.774328891009635 -3.6000000000000014
      vertex 114.0025 3.397593661627762 -3.6000000000000014
    endloop
  endfacet
  facet normal -0.5735764363510333 0.8191520442890009 0
    outer loop
      vertex 113.3 4.614359353944899 0
      vertex 113.52846017549847 4.774328891009635 0
      vertex 113.52846017549847 4.774328891009635 -3.6000000000000014
    endloop
  endfacet
  facet normal 0 0 1
    outer loop
      vertex 113.3 4.614359353944899 0
      vertex 220 0 0
      vertex 113.52846017549847 4.774328891009635 0
    endloop
  endfacet
  facet normal -0.5735764363510333 -0.8191520442890009 0
    outer loop
      vertex 113.3 7.385640646055101 -3.6000000000000014
      vertex 113.52846017549847 7.225671108990365 -3.6000000000000014
      vertex 113.52846017549847 7.225671108990365 0
    endloop
  endfacet
  facet normal -0.5735764363510333 -0.8191520442890009 0
    outer loop
      vertex 113.3 7.385640646055101 -3.6000000000000014
      vertex 113.52846017549847 7.225671108990365 0
      vertex 113.3 7.385640646055101 0
    endloop
  endfacet
  facet normal 0 0 -1
    outer loop
      vertex 113.3 7.385640646055101 -3.6000000000000014
      vertex 114.0025 8.602406338372237 -3.6000000000000014
      vertex 113.52846017549847 7.225671108990365 -3.6000000000000014
    endloop
  endfacet
  facet normal 0 0 1
    outer loop
      vertex 113.3 7.385640646055101 0
      vertex 113.52846017549847 7.225671108990365 0
      vertex 217.77432889100965 4.971539824501537 0
    endloop
  endfacet
  facet normal 0 0 1
    outer loop
      vertex 113.3 7.385640646055101 0
      vertex 217.77432889100965 4.971539824501537 0
      vertex 217.6143593539449 5.2 0
    endloop
  endfacet
  facet normal -0.5735764363510417 0.8191520442889947 0
    outer loop
      vertex 113.3 162.6143593539449 -3.6000000000000014
      vertex 113.3 162.6143593539449 0
      vertex 113.52846017549847 162.77432889100965 -3.6000000000000014
    endloop
  endfacet
  facet normal 0 0 -1
    outer loop
      vertex 113.3 162.6143593539449 -3.6000000000000014
      vertex 113.52846017549847 162.77432889100965 -3.6000000000000014
      vertex 114.0025 161.39759366162775 -3.6000000000000014
    endloop
  endfacet
  facet normal -0.5735764363510417 0.8191520442889947 0
    outer loop
      vertex 113.3 162.6143593539449 0
      vertex 113.52846017549847 162.77432889100965 0
      vertex 113.52846017549847 162.77432889100965 -3.6000000000000014
    endloop
  endfacet
  facet normal 0 0 1
    outer loop
      vertex 113.3 162.6143593539449 0
      vertex 225 160 0
      vertex 113.52846017549847 162.77432889100965 0
    endloop
  endfacet
  facet normal -0.5735764363510417 -0.8191520442889947 0
    outer loop
      vertex 113.3 165.3856406460551 -3.6000000000000014
      vertex 113.52846017549847 165.22567110899035 -3.6000000000000014
      vertex 113.52846017549847 165.22567110899035 0
    endloop
  endfacet
  facet normal -0.5735764363510417 -0.8191520442889947 0
    outer loop
      vertex 113.3 165.3856406460551 -3.6000000000000014
      vertex 113.52846017549847 165.22567110899035 0
      vertex 113.3 165.3856406460551 0
    endloop
  endfacet
  facet normal 0 0 -1
    outer loop
      vertex 113.3 165.3856406460551 -3.6000000000000014
      vertex 114.0025 166.60240633837225 -3.6000000000000014
      vertex 113.52846017549847 165.22567110899035 -3.6000000000000014
    endloop
  endfacet
  facet normal 0 0 1
    outer loop
      vertex 113.3 165.3856406460551 0
      vertex 113.52846017549847 165.22567110899035 0
      vertex 225 160 0
    endloop
  endfacet
  facet normal 0 0 1
    outer loop
      vertex 113.3 165.3856406460551 0
      vertex 217.4 164 0
      vertex 217.42430759518047 164.27783708426708 0
    endloop
  endfacet
  facet normal 0 0 1
    outer loop
      vertex 113.3 165.3856406460551 0
      vertex 217.42430759518047 163.72216291573292 0
      vertex 217.4 164 0
    endloop
  endfacet
  facet normal 0 0 1
    outer loop
      vertex 113.3 165.3856406460551 0
      vertex 217.42430759518047 164.27783708426708 0
      vertex 217.49649180674254 164.54723222932108 0
    endloop
  endfacet
  facet normal 0 0 1
    outer loop
      vertex 113.3 165.3856406460551 0
      vertex 217.49649180674254 163.45276777067892 0
      vertex 217.42430759518047 163.72216291573292 0
    endloop
  endfacet
  facet normal 0 0 1
    outer loop
      vertex 113.3 165.3856406460551 0
      vertex 217.49649180674254 164.54723222932108 0
      vertex 217.6143593539449 164.8 0
    endloop
  endfacet
  facet normal 0 0 1
    outer loop
      vertex 113.3 165.3856406460551 0
      vertex 217.6143593539449 163.2 0
      vertex 217.49649180674254 163.45276777067892 0
    endloop
  endfacet
  facet normal 0 0 1
    outer loop
      vertex 113.3 165.3856406460551 0
      vertex 217.6143593539449 164.8 0
      vertex 217.77432889100965 165.02846017549845 0
    endloop
  endfacet
  facet normal 0 0 1
    outer loop
      vertex 113.3 165.3856406460551 0
      vertex 217.77432889100965 162.97153982450155 0
      vertex 217.6143593539449 163.2 0
    endloop
  endfacet
  facet normal 0 0 1
    outer loop
      vertex 113.3 165.3856406460551 0
      vertex 217.77432889100965 165.02846017549845 0
      vertex 217.97153982450155 165.22567110899035 0
    endloop
  endfacet
  facet normal 0 0 1
    outer loop
      vertex 113.3 165.3856406460551 0
      vertex 217.97153982450155 162.77432889100965 0
      vertex 217.77432889100965 162.97153982450155 0
    endloop
  endfacet
  facet normal 0 0 1
    outer loop
      vertex 113.3 165.3856406460551 0
      vertex 217.97153982450155 165.22567110899035 0
      vertex 220 170 0
    endloop
  endfacet
  facet normal 0 0 1
    outer loop
      vertex 113.3 165.3856406460551 0
      vertex 218.2 162.6143593539449 0
      vertex 217.97153982450155 162.77432889100965 0
    endloop
  endfacet
  facet normal 0 0 1
    outer loop
      vertex 113.3 165.3856406460551 0
      vertex 218.45276777067892 162.49649180674254 0
      vertex 218.2 162.6143593539449 0
    endloop
  endfacet
  facet normal 0 0 1
    outer loop
      vertex 113.3 165.3856406460551 0
      vertex 218.72216291573292 162.42430759518047 0
      vertex 218.45276777067892 162.49649180674254 0
    endloop
  endfacet
  facet normal 0 0 1
    outer loop
      vertex 113.3 165.3856406460551 0
      vertex 219 162.4 0
      vertex 218.72216291573292 162.42430759518047 0
    endloop
  endfacet
  facet normal 0 0 1
    outer loop
      vertex 113.3 165.3856406460551 0
      vertex 225 160 0
      vertex 219 162.4 0
    endloop
  endfacet
  facet normal -0.7071067811865476 0.7071067811865476 0
    outer loop
      vertex 113.52846017549847 4.774328891009635 -3.6000000000000014
      vertex 113.52846017549847 4.774328891009635 0
      vertex 113.72567110899037 4.971539824501537 -3.6000000000000014
    endloop
  endfacet
  facet normal 0 0 -1
    outer loop
      vertex 113.52846017549847 4.774328891009635 -3.6000000000000014
      vertex 113.72567110899037 4.971539824501537 -3.6000000000000014
      vertex 114.0025 3.397593661627762 -3.6000000000000014
    endloop
  endfacet
  facet normal -0.7071067811865476 0.7071067811865476 0
    outer loop
      vertex 113.52846017549847 4.774328891009635 0
      vertex 113.72567110899037 4.971539824501537 0
      vertex 113.72567110899037 4.971539824501537 -3.6000000000000014
    endloop
  endfacet
  facet normal 0 0 1
    outer loop
      vertex 113.52846017549847 4.774328891009635 0
      vertex 220 0 0
      vertex 113.72567110899037 4.971539824501537 0
    endloop
  endfacet
  facet normal -0.7071067811865476 -0.7071067811865476 0
    outer loop
      vertex 113.52846017549847 7.225671108990365 -3.6000000000000014
      vertex 113.72567110899037 7.028460175498463 -3.6000000000000014
      vertex 113.72567110899037 7.028460175498463 0
    endloop
  endfacet
  facet normal -0.7071067811865476 -0.7071067811865476 0
    outer loop
      vertex 113.52846017549847 7.225671108990365 -3.6000000000000014
      vertex 113.72567110899037 7.028460175498463 0
      vertex 113.52846017549847 7.225671108990365 0
    endloop
  endfacet
  facet normal 0 0 -1
    outer loop
      vertex 113.52846017549847 7.225671108990365 -3.6000000000000014
      vertex 114.0025 8.602406338372237 -3.6000000000000014
      vertex 113.72567110899037 7.028460175498463 -3.6000000000000014
    endloop
  endfacet
  facet normal 0 0 1
    outer loop
      vertex 113.52846017549847 7.225671108990365 0
      vertex 113.72567110899037 7.028460175498463 0
      vertex 218.45276777067892 4.496491806742546 0
    endloop
  endfacet
  facet normal 0 0 1
    outer loop
      vertex 113.52846017549847 7.225671108990365 0
      vertex 217.97153982450155 4.774328891009635 0
      vertex 217.77432889100965 4.971539824501537 0
    endloop
  endfacet
  facet normal 0 0 1
    outer loop
      vertex 113.52846017549847 7.225671108990365 0
      vertex 218.2 4.614359353944899 0
      vertex 217.97153982450155 4.774328891009635 0
    endloop
  endfacet
  facet normal 0 0 1
    outer loop
      vertex 113.52846017549847 7.225671108990365 0
      vertex 218.45276777067892 4.496491806742546 0
      vertex 218.2 4.614359353944899 0
    endloop
  endfacet
  facet normal -0.7071067811865476 0.7071067811865476 0
    outer loop
      vertex 113.52846017549847 162.77432889100965 -3.6000000000000014
      vertex 113.52846017549847 162.77432889100965 0
      vertex 113.72567110899037 162.97153982450155 -3.6000000000000014
    endloop
  endfacet
  facet normal 0 0 -1
    outer loop
      vertex 113.52846017549847 162.77432889100965 -3.6000000000000014
      vertex 113.72567110899037 162.97153982450155 -3.6000000000000014
      vertex 114.0025 161.39759366162775 -3.6000000000000014
    endloop
  endfacet
  facet normal -0.7071067811865476 0.7071067811865476 0
    outer loop
      vertex 113.52846017549847 162.77432889100965 0
      vertex 113.72567110899037 162.97153982450155 0
      vertex 113.72567110899037 162.97153982450155 -3.6000000000000014
    endloop
  endfacet
  facet normal 0 0 1
    outer loop
      vertex 113.52846017549847 162.77432889100965 0
      vertex 225 160 0
      vertex 113.72567110899037 162.97153982450155 0
    endloop
  endfacet
  facet normal -0.7071067811865476 -0.7071067811865476 0
    outer loop
      vertex 113.52846017549847 165.22567110899035 -3.6000000000000014
      vertex 113.72567110899037 165.02846017549845 -3.6000000000000014
      vertex 113.72567110899037 165.02846017549845 0
    endloop
  endfacet
  facet normal -0.7071067811865476 -0.7071067811865476 0
    outer loop
      vertex 113.52846017549847 165.22567110899035 -3.6000000000000014
      vertex 113.72567110899037 165.02846017549845 0
      vertex 113.52846017549847 165.22567110899035 0
    endloop
  endfacet
  facet normal 0 0 -1
    outer loop
      vertex 113.52846017549847 165.22567110899035 -3.6000000000000014
      vertex 114.0025 166.60240633837225 -3.6000000000000014
      vertex 113.72567110899037 165.02846017549845 -3.6000000000000014
    endloop
  endfacet
  facet normal 0 0 1
    outer loop
      vertex 113.52846017549847 165.22567110899035 0
      vertex 113.72567110899037 165.02846017549845 0
      vertex 225 160 0
    endloop
  endfacet
  facet normal -0.8191520442889876 0.5735764363510524 0
    outer loop
      vertex 113.72567110899037 4.971539824501537 -3.6000000000000014
      vertex 113.72567110899037 4.971539824501537 0
      vertex 113.88564064605511 5.2 -3.6000000000000014
    endloop
  endfacet
  facet normal 0 0 -1
    outer loop
      vertex 113.72567110899037 4.971539824501537 -3.6000000000000014
      vertex 113.88564064605511 5.2 -3.6000000000000014
      vertex 114.0025 3.397593661627762 -3.6000000000000014
    endloop
  endfacet
  facet normal -0.8191520442889876 0.5735764363510524 0
    outer loop
      vertex 113.72567110899037 4.971539824501537 0
      vertex 113.88564064605511 5.2 0
      vertex 113.88564064605511 5.2 -3.6000000000000014
    endloop
  endfacet
  facet normal 0 0 1
    outer loop
      vertex 113.72567110899037 4.971539824501537 0
      vertex 220 0 0
      vertex 220.1744974835125 0.0030458649045215225 0
    endloop
  endfacet
  facet normal 0 0 1
    outer loop
      vertex 113.72567110899037 4.971539824501537 0
      vertex 220.1744974835125 0.0030458649045215225 0
      vertex 220.34878236872063 0.01217974870087879 0
    endloop
  endfacet
  facet normal 0 0 1
    outer loop
      vertex 113.72567110899037 4.971539824501537 0
      vertex 220.34878236872063 0.01217974870087879 0
      vertex 220.52264231633828 0.02739052315863333 0
    endloop
  endfacet
  facet normal 0 0 1
    outer loop
      vertex 113.72567110899037 4.971539824501537 0
      vertex 220.52264231633828 0.02739052315863333 0
      vertex 220.69586550480034 0.04865965629214841 0
    endloop
  endfacet
  facet normal 0 0 1
    outer loop
      vertex 113.72567110899037 4.971539824501537 0
      vertex 220.69586550480034 0.04865965629214841 0
      vertex 220.86824088833464 0.07596123493896023 0
    endloop
  endfacet
  facet normal 0 0 1
    outer loop
      vertex 113.72567110899037 4.971539824501537 0
      vertex 220.86824088833464 0.07596123493896023 0
      vertex 221.0395584540888 0.10926199633097156 0
    endloop
  endfacet
  facet normal 0 0 1
    outer loop
      vertex 113.72567110899037 4.971539824501537 0
      vertex 221.0395584540888 0.10926199633097156 0
      vertex 221.20960947799833 0.14852136862001775 0
    endloop
  endfacet
  facet normal 0 0 1
    outer loop
      vertex 113.72567110899037 4.971539824501537 0
      vertex 221.20960947799833 0.14852136862001775 0
      vertex 221.37818677908498 0.19369152030840553 0
    endloop
  endfacet
  facet normal 0 0 1
    outer loop
      vertex 113.72567110899037 4.971539824501537 0
      vertex 221.37818677908498 0.19369152030840553 0
      vertex 113.88564064605511 5.2 0
    endloop
  endfacet
  facet normal -0.8191520442889876 -0.5735764363510524 0
    outer loop
      vertex 113.72567110899037 7.028460175498463 -3.6000000000000014
      vertex 113.88564064605511 6.8 -3.6000000000000014
      vertex 113.88564064605511 6.8 0
    endloop
  endfacet
  facet normal -0.8191520442889876 -0.5735764363510524 0
    outer loop
      vertex 113.72567110899037 7.028460175498463 -3.6000000000000014
      vertex 113.88564064605511 6.8 0
      vertex 113.72567110899037 7.028460175498463 0
    endloop
  endfacet
  facet normal 0 0 -1
    outer loop
      vertex 113.72567110899037 7.028460175498463 -3.6000000000000014
      vertex 114.0025 8.602406338372237 -3.6000000000000014
      vertex 113.88564064605511 6.8 -3.6000000000000014
    endloop
  endfacet
  facet normal 0 0 1
    outer loop
      vertex 113.72567110899037 7.028460175498463 0
      vertex 113.88564064605511 6.8 0
      vertex 224.85147863138 3.7903905220016614 0
    endloop
  endfacet
  facet normal 0 0 1
    outer loop
      vertex 113.72567110899037 7.028460175498463 0
      vertex 218.72216291573292 4.424307595180467 0
      vertex 218.45276777067892 4.496491806742546 0
    endloop
  endfacet
  facet normal 0 0 1
    outer loop
      vertex 113.72567110899037 7.028460175498463 0
      vertex 219 4.4 0
      vertex 218.72216291573292 4.424307595180467 0
    endloop
  endfacet
  facet normal 0 0 1
    outer loop
      vertex 113.72567110899037 7.028460175498463 0
      vertex 224.85147863138 3.7903905220016614 0
      vertex 224.89073800366901 3.9604415459112032 0
    endloop
  endfacet
  facet normal 0 0 1
    outer loop
      vertex 113.72567110899037 7.028460175498463 0
      vertex 224.89073800366901 3.9604415459112032 0
      vertex 224.92403876506103 4.131759111665349 0
    endloop
  endfacet
  facet normal 0 0 1
    outer loop
      vertex 113.72567110899037 7.028460175498463 0
      vertex 224.92403876506103 4.131759111665349 0
      vertex 219 4.4 0
    endloop
  endfacet
  facet normal -0.8191520442889613 0.5735764363510897 0
    outer loop
      vertex 113.72567110899037 162.97153982450155 -3.6000000000000014
      vertex 113.72567110899037 162.97153982450155 0
      vertex 113.88564064605511 163.2 -3.6000000000000014
    endloop
  endfacet
  facet normal 0 0 -1
    outer loop
      vertex 113.72567110899037 162.97153982450155 -3.6000000000000014
      vertex 113.88564064605511 163.2 -3.6000000000000014
      vertex 114.0025 161.39759366162775 -3.6000000000000014
    endloop
  endfacet
  facet normal -0.8191520442889613 0.5735764363510897 0
    outer loop
      vertex 113.72567110899037 162.97153982450155 0
      vertex 113.88564064605511 163.2 0
      vertex 113.88564064605511 163.2 -3.6000000000000014
    endloop
  endfacet
  facet normal 0 0 1
    outer loop
      vertex 113.72567110899037 162.97153982450155 0
      vertex 225 160 0
      vertex 113.88564064605511 163.2 0
    endloop
  endfacet
  facet normal -0.8191520442889613 -0.5735764363510897 0
    outer loop
      vertex 113.72567110899037 165.02846017549845 -3.6000000000000014
      vertex 113.88564064605511 164.8 -3.6000000000000014
      vertex 113.88564064605511 164.8 0
    endloop
  endfacet
  facet normal -0.8191520442889613 -0.5735764363510897 0
    outer loop
      vertex 113.72567110899037 165.02846017549845 -3.6000000000000014
      vertex 113.88564064605511 164.8 0
      vertex 113.72567110899037 165.02846017549845 0
    endloop
  endfacet
  facet normal 0 0 -1
    outer loop
      vertex 113.72567110899037 165.02846017549845 -3.6000000000000014
      vertex 114.0025 166.60240633837225 -3.6000000000000014
      vertex 113.88564064605511 164.8 -3.6000000000000014
    endloop
  endfacet
  facet normal 0 0 1
    outer loop
      vertex 113.72567110899037 165.02846017549845 0
      vertex 113.88564064605511 164.8 0
      vertex 225 160 0
    endloop
  endfacet
  facet normal -0.9063077870366503 0.422618261740699 0
    outer loop
      vertex 113.88564064605511 5.2 -3.6000000000000014
      vertex 113.88564064605511 5.2 0
      vertex 114.00350819325746 5.45276777067893 -3.6000000000000014
    endloop
  endfacet
  facet normal 0 0 -1
    outer loop
      vertex 113.88564064605511 5.2 -3.6000000000000014
      vertex 114.00350819325746 5.45276777067893 -3.6000000000000014
      vertex 115.505 6 -3.6000000000000014
    endloop
  endfacet
  facet normal 0 0 -1
    outer loop
      vertex 113.88564064605511 5.2 -3.6000000000000014
      vertex 115.505 6 -3.6000000000000014
      vertex 114.0025 3.397593661627762 -3.6000000000000014
    endloop
  endfacet
  facet normal -0.9063077870366503 0.422618261740699 0
    outer loop
      vertex 113.88564064605511 5.2 0
      vertex 114.00350819325746 5.45276777067893 0
      vertex 114.00350819325746 5.45276777067893 -3.6000000000000014
    endloop
  endfacet
  facet normal 0 0 1
    outer loop
      vertex 113.88564064605511 5.2 0
      vertex 221.37818677908498 0.19369152030840553 0
      vertex 221.54508497187473 0.24471741852423268 0
    endloop
  endfacet
  facet normal 0 0 1
    outer loop
      vertex 113.88564064605511 5.2 0
      vertex 221.54508497187473 0.24471741852423268 0
      vertex 221.71010071662835 0.3015368960704574 0
    endloop
  endfacet
  facet normal 0 0 1
    outer loop
      vertex 113.88564064605511 5.2 0
      vertex 221.71010071662835 0.3015368960704574 0
      vertex 221.87303296707955 0.3640807271660629 0
    endloop
  endfacet
  facet normal 0 0 1
    outer loop
      vertex 113.88564064605511 5.2 0
      vertex 221.87303296707955 0.3640807271660629 0
      vertex 222.033683215379 0.4322727117869958 0
    endloop
  endfacet
  facet normal 0 0 1
    outer loop
      vertex 113.88564064605511 5.2 0
      vertex 222.033683215379 0.4322727117869958 0
      vertex 222.19185573394537 0.506029768504165 0
    endloop
  endfacet
  facet normal 0 0 1
    outer loop
      vertex 113.88564064605511 5.2 0
      vertex 222.19185573394537 0.506029768504165 0
      vertex 222.34735781392945 0.5852620357053651 0
    endloop
  endfacet
  facet normal 0 0 1
    outer loop
      vertex 113.88564064605511 5.2 0
      vertex 222.34735781392945 0.5852620357053651 0
      vertex 222.5 0.6698729810778072 0
    endloop
  endfacet
  facet normal 0 0 1
    outer loop
      vertex 113.88564064605511 5.2 0
      vertex 222.5 0.6698729810778072 0
      vertex 114.00350819325746 5.45276777067893 0
    endloop
  endfacet
  facet normal 0 0 -1
    outer loop
      vertex 113.88564064605511 6.8 -3.6000000000000014
      vertex 114.0025 8.602406338372237 -3.6000000000000014
      vertex 114.00350819325746 6.54723222932107 -3.6000000000000014
    endloop
  endfacet
  facet normal -0.9063077870366503 -0.422618261740699 0
    outer loop
      vertex 113.88564064605511 6.8 -3.6000000000000014
      vertex 114.00350819325746 6.54723222932107 -3.6000000000000014
      vertex 114.00350819325746 6.54723222932107 0
    endloop
  endfacet
  facet normal -0.9063077870366503 -0.422618261740699 0
    outer loop
      vertex 113.88564064605511 6.8 -3.6000000000000014
      vertex 114.00350819325746 6.54723222932107 0
      vertex 113.88564064605511 6.8 0
    endloop
  endfacet
  facet normal 0 0 1
    outer loop
      vertex 113.88564064605511 6.8 0
      vertex 114.00350819325746 6.54723222932107 0
      vertex 224.69846310392956 3.2898992833716565 0
    endloop
  endfacet
  facet normal 0 0 1
    outer loop
      vertex 113.88564064605511 6.8 0
      vertex 224.69846310392956 3.2898992833716565 0
      vertex 224.75528258147577 3.4549150281252627 0
    endloop
  endfacet
  facet normal 0 0 1
    outer loop
      vertex 113.88564064605511 6.8 0
      vertex 224.75528258147577 3.4549150281252627 0
      vertex 224.8063084796916 3.621813220915004 0
    endloop
  endfacet
  facet normal 0 0 1
    outer loop
      vertex 113.88564064605511 6.8 0
      vertex 224.8063084796916 3.621813220915004 0
      vertex 224.85147863138 3.7903905220016614 0
    endloop
  endfacet
  facet normal -0.9063077870366497 0.42261826174070016 0
    outer loop
      vertex 113.88564064605511 163.2 -3.6000000000000014
      vertex 113.88564064605511 163.2 0
      vertex 114.00350819325746 163.45276777067892 -3.6000000000000014
    endloop
  endfacet
  facet normal 0 0 -1
    outer loop
      vertex 113.88564064605511 163.2 -3.6000000000000014
      vertex 114.00350819325746 163.45276777067892 -3.6000000000000014
      vertex 115.505 164 -3.6000000000000014
    endloop
  endfacet
  facet normal 0 0 -1
    outer loop
      vertex 113.88564064605511 163.2 -3.6000000000000014
      vertex 115.505 164 -3.6000000000000014
      vertex 114.0025 161.39759366162775 -3.6000000000000014
    endloop
  endfacet
  facet normal -0.9063077870366497 0.42261826174070016 0
    outer loop
      vertex 113.88564064605511 163.2 0
      vertex 114.00350819325746 163.45276777067892 0
      vertex 114.00350819325746 163.45276777067892 -3.6000000000000014
    endloop
  endfacet
  facet normal 0 0 1
    outer loop
      vertex 113.88564064605511 163.2 0
      vertex 225 160 0
      vertex 114.00350819325746 163.45276777067892 0
    endloop
  endfacet
  facet normal 0 0 -1
    outer loop
      vertex 113.88564064605511 164.8 -3.6000000000000014
      vertex 114.0025 166.60240633837225 -3.6000000000000014
      vertex 114.00350819325746 164.54723222932108 -3.6000000000000014
    endloop
  endfacet
  facet normal -0.9063077870366497 -0.42261826174070016 0
    outer loop
      vertex 113.88564064605511 164.8 -3.6000000000000014
      vertex 114.00350819325746 164.54723222932108 -3.6000000000000014
      vertex 114.00350819325746 164.54723222932108 0
    endloop
  endfacet
  facet normal -0.9063077870366497 -0.42261826174070016 0
    outer loop
      vertex 113.88564064605511 164.8 -3.6000000000000014
      vertex 114.00350819325746 164.54723222932108 0
      vertex 113.88564064605511 164.8 0
    endloop
  endfacet
  facet normal 0 0 1
    outer loop
      vertex 113.88564064605511 164.8 0
      vertex 114.00350819325746 164.54723222932108 0
      vertex 225 160 0
    endloop
  endfacet
  facet normal -0.8660254037844389 0.49999999999999944 0
    outer loop
      vertex 114.0025 3.397593661627762 -6.1
      vertex 114.0025 3.397593661627762 -3.6000000000000014
      vertex 115.505 6 -6.1
    endloop
  endfacet
  facet normal 0 0 -1
    outer loop
      vertex 114.0025 3.397593661627762 -6.1
      vertex 115.505 6 -6.1
      vertex 202 23 -6.1
    endloop
  endfacet
  facet normal 0 0 -1
    outer loop
      vertex 114.0025 3.397593661627762 -6.1
      vertex 202 23 -6.1
      vertex 220 0 -6.1
    endloop
  endfacet
  facet normal -0.8660254037844389 0.49999999999999944 0
    outer loop
      vertex 114.0025 3.397593661627762 -3.6000000000000014
      vertex 115.505 6 -3.6000000000000014
      vertex 115.505 6 -6.1
    endloop
  endfacet
  facet normal -0.8660254037844389 -0.4999999999999996 0
    outer loop
      vertex 114.0025 8.602406338372237 -6.1
      vertex 115.505 6 -6.1
      vertex 115.505 6 -3.6000000000000014
    endloop
  endfacet
  facet normal -0.8660254037844389 -0.4999999999999996 0
    outer loop
      vertex 114.0025 8.602406338372237 -6.1
      vertex 115.505 6 -3.6000000000000014
      vertex 114.0025 8.602406338372237 -3.6000000000000014
    endloop
  endfacet
  facet normal 0 0 -1
    outer loop
      vertex 114.0025 8.602406338372237 -6.1
      vertex 202 23 -6.1
      vertex 115.505 6 -6.1
    endloop
  endfacet
  facet normal 0 0 -1
    outer loop
      vertex 114.0025 8.602406338372237 -3.6000000000000014
      vertex 115.505 6 -3.6000000000000014
      vertex 114.00350819325746 6.54723222932107 -3.6000000000000014
    endloop
  endfacet
  facet normal -0.8660254037844398 0.49999999999999806 0
    outer loop
      vertex 114.0025 161.39759366162775 -6.1
      vertex 114.0025 161.39759366162775 -3.6000000000000014
      vertex 115.505 164 -6.1
    endloop
  endfacet
  facet normal 0 0 -1
    outer loop
      vertex 114.0025 161.39759366162775 -6.1
      vertex 115.505 164 -6.1
      vertex 220 170 -6.1
    endloop
  endfacet
  facet normal -0.8660254037844398 0.49999999999999806 0
    outer loop
      vertex 114.0025 161.39759366162775 -3.6000000000000014
      vertex 115.505 164 -3.6000000000000014
      vertex 115.505 164 -6.1
    endloop
  endfacet
  facet normal -0.8660254037844398 -0.49999999999999806 0
    outer loop
      vertex 114.0025 166.60240633837225 -6.1
      vertex 115.505 164 -6.1
      vertex 115.505 164 -3.6000000000000014
    endloop
  endfacet
  facet normal -0.8660254037844398 -0.49999999999999806 0
    outer loop
      vertex 114.0025 166.60240633837225 -6.1
      vertex 115.505 164 -3.6000000000000014
      vertex 114.0025 166.60240633837225 -3.6000000000000014
    endloop
  endfacet
  facet normal 0 0 -1
    outer loop
      vertex 114.0025 166.60240633837225 -6.1
      vertex 220 170 -6.1
      vertex 115.505 164 -6.1
    endloop
  endfacet
  facet normal 0 0 -1
    outer loop
      vertex 114.0025 166.60240633837225 -3.6000000000000014
      vertex 115.505 164 -3.6000000000000014
      vertex 114.00350819325746 164.54723222932108 -3.6000000000000014
    endloop
  endfacet
  facet normal -0.9659258262890728 0.2588190451025042 0
    outer loop
      vertex 114.00350819325746 5.45276777067893 -3.6000000000000014
      vertex 114.00350819325746 5.45276777067893 0
      vertex 114.07569240481953 5.722162915732912 -3.6000000000000014
    endloop
  endfacet
  facet normal 0 0 -1
    outer loop
      vertex 114.00350819325746 5.45276777067893 -3.6000000000000014
      vertex 114.07569240481953 5.722162915732912 -3.6000000000000014
      vertex 115.505 6 -3.6000000000000014
    endloop
  endfacet
  facet normal -0.9659258262890728 0.2588190451025042 0
    outer loop
      vertex 114.00350819325746 5.45276777067893 0
      vertex 114.07569240481953 5.722162915732912 0
      vertex 114.07569240481953 5.722162915732912 -3.6000000000000014
    endloop
  endfacet
  facet normal 0 0 1
    outer loop
      vertex 114.00350819325746 5.45276777067893 0
      vertex 222.5 0.6698729810778072 0
      vertex 222.64959632116603 0.7597595192178703 0
    endloop
  endfacet
  facet normal 0 0 1
    outer loop
      vertex 114.00350819325746 5.45276777067893 0
      vertex 222.64959632116603 0.7597595192178703 0
      vertex 222.79596451735372 0.8548121372247923 0
    endloop
  endfacet
  facet normal 0 0 1
    outer loop
      vertex 114.00350819325746 5.45276777067893 0
      vertex 222.79596451735372 0.8548121372247923 0
      vertex 222.93892626146237 0.9549150281252627 0
    endloop
  endfacet
  facet normal 0 0 1
    outer loop
      vertex 114.00350819325746 5.45276777067893 0
      vertex 222.93892626146237 0.9549150281252627 0
      vertex 223.0783073766283 1.0599462319663906 0
    endloop
  endfacet
  facet normal 0 0 1
    outer loop
      vertex 114.00350819325746 5.45276777067893 0
      vertex 223.0783073766283 1.0599462319663906 0
      vertex 223.2139380484327 1.16977778440511 0
    endloop
  endfacet
  facet normal 0 0 1
    outer loop
      vertex 114.00350819325746 5.45276777067893 0
      vertex 223.2139380484327 1.16977778440511 0
      vertex 114.07569240481953 5.722162915732912 0
    endloop
  endfacet
  facet normal -0.9659258262890728 -0.2588190451025042 0
    outer loop
      vertex 114.00350819325746 6.54723222932107 -3.6000000000000014
      vertex 114.07569240481953 6.277837084267088 -3.6000000000000014
      vertex 114.07569240481953 6.277837084267088 0
    endloop
  endfacet
  facet normal -0.9659258262890728 -0.2588190451025042 0
    outer loop
      vertex 114.00350819325746 6.54723222932107 -3.6000000000000014
      vertex 114.07569240481953 6.277837084267088 0
      vertex 114.00350819325746 6.54723222932107 0
    endloop
  endfacet
  facet normal 0 0 -1
    outer loop
      vertex 114.00350819325746 6.54723222932107 -3.6000000000000014
      vertex 115.505 6 -3.6000000000000014
      vertex 114.07569240481953 6.277837084267088 -3.6000000000000014
    endloop
  endfacet
  facet normal 0 0 1
    outer loop
      vertex 114.00350819325746 6.54723222932107 0
      vertex 114.07569240481953 6.277837084267088 0
      vertex 224.49397023149584 2.808144266054613 0
    endloop
  endfacet
  facet normal 0 0 1
    outer loop
      vertex 114.00350819325746 6.54723222932107 0
      vertex 224.49397023149584 2.808144266054613 0
      vertex 224.567727288213 2.966316784620999 0
    endloop
  endfacet
  facet normal 0 0 1
    outer loop
      vertex 114.00350819325746 6.54723222932107 0
      vertex 224.567727288213 2.966316784620999 0
      vertex 224.63591927283395 3.12696703292044 0
    endloop
  endfacet
  facet normal 0 0 1
    outer loop
      vertex 114.00350819325746 6.54723222932107 0
      vertex 224.63591927283395 3.12696703292044 0
      vertex 224.69846310392956 3.2898992833716565 0
    endloop
  endfacet
  facet normal -0.9659258262890783 0.25881904510248266 0
    outer loop
      vertex 114.00350819325746 163.45276777067892 -3.6000000000000014
      vertex 114.00350819325746 163.45276777067892 0
      vertex 114.07569240481953 163.72216291573292 -3.6000000000000014
    endloop
  endfacet
  facet normal 0 0 -1
    outer loop
      vertex 114.00350819325746 163.45276777067892 -3.6000000000000014
      vertex 114.07569240481953 163.72216291573292 -3.6000000000000014
      vertex 115.505 164 -3.6000000000000014
    endloop
  endfacet
  facet normal -0.9659258262890783 0.25881904510248266 0
    outer loop
      vertex 114.00350819325746 163.45276777067892 0
      vertex 114.07569240481953 163.72216291573292 0
      vertex 114.07569240481953 163.72216291573292 -3.6000000000000014
    endloop
  endfacet
  facet normal 0 0 1
    outer loop
      vertex 114.00350819325746 163.45276777067892 0
      vertex 225 160 0
      vertex 114.07569240481953 163.72216291573292 0
    endloop
  endfacet
  facet normal -0.9659258262890783 -0.25881904510248266 0
    outer loop
      vertex 114.00350819325746 164.54723222932108 -3.6000000000000014
      vertex 114.07569240481953 164.27783708426708 -3.6000000000000014
      vertex 114.07569240481953 164.27783708426708 0
    endloop
  endfacet
  facet normal -0.9659258262890783 -0.25881904510248266 0
    outer loop
      vertex 114.00350819325746 164.54723222932108 -3.6000000000000014
      vertex 114.07569240481953 164.27783708426708 0
      vertex 114.00350819325746 164.54723222932108 0
    endloop
  endfacet
  facet normal 0 0 -1
    outer loop
      vertex 114.00350819325746 164.54723222932108 -3.6000000000000014
      vertex 115.505 164 -3.6000000000000014
      vertex 114.07569240481953 164.27783708426708 -3.6000000000000014
    endloop
  endfacet
  facet normal 0 0 1
    outer loop
      vertex 114.00350819325746 164.54723222932108 0
      vertex 114.07569240481953 164.27783708426708 0
      vertex 225 160 0
    endloop
  endfacet
  facet normal -0.9961946980917479 0.08715574274763258 0
    outer loop
      vertex 114.07569240481953 5.722162915732912 -3.6000000000000014
      vertex 114.07569240481953 5.722162915732912 0
      vertex 114.1 6 -3.6000000000000014
    endloop
  endfacet
  facet normal 0 0 -1
    outer loop
      vertex 114.07569240481953 5.722162915732912 -3.6000000000000014
      vertex 114.1 6 -3.6000000000000014
      vertex 115.505 6 -3.6000000000000014
    endloop
  endfacet
  facet normal -0.9961946980917479 0.08715574274763258 0
    outer loop
      vertex 114.07569240481953 5.722162915732912 0
      vertex 114.1 6 0
      vertex 114.1 6 -3.6000000000000014
    endloop
  endfacet
  facet normal 0 0 1
    outer loop
      vertex 114.07569240481953 5.722162915732912 0
      vertex 223.2139380484327 1.16977778440511 0
      vertex 223.34565303179428 1.284275872613029 0
    endloop
  endfacet
  facet normal 0 0 1
    outer loop
      vertex 114.07569240481953 5.722162915732912 0
      vertex 223.34565303179428 1.284275872613029 0
      vertex 223.47329185229498 1.4033009983067442 0
    endloop
  endfacet
  facet normal 0 0 1
    outer loop
      vertex 114.07569240481953 5.722162915732912 0
      vertex 223.47329185229498 1.4033009983067442 0
      vertex 223.59669900169325 1.5267081477050137 0
    endloop
  endfacet
  facet normal 0 0 1
    outer loop
      vertex 114.07569240481953 5.722162915732912 0
      vertex 223.59669900169325 1.5267081477050137 0
      vertex 223.71572412738698 1.6543469682057088 0
    endloop
  endfacet
  facet normal 0 0 1
    outer loop
      vertex 114.07569240481953 5.722162915732912 0
      vertex 223.71572412738698 1.6543469682057088 0
      vertex 114.1 6 0
    endloop
  endfacet
  facet normal -0.9961946980917479 -0.08715574274763258 0
    outer loop
      vertex 114.07569240481953 6.277837084267088 -3.6000000000000014
      vertex 114.1 6 -3.6000000000000014
      vertex 114.1 6 0
    endloop
  endfacet
  facet normal -0.9961946980917479 -0.08715574274763258 0
    outer loop
      vertex 114.07569240481953 6.277837084267088 -3.6000000000000014
      vertex 114.1 6 0
      vertex 114.07569240481953 6.277837084267088 0
    endloop
  endfacet
  facet normal 0 0 -1
    outer loop
      vertex 114.07569240481953 6.277837084267088 -3.6000000000000014
      vertex 115.505 6 -3.6000000000000014
      vertex 114.1 6 -3.6000000000000014
    endloop
  endfacet
  facet normal 0 0 1
    outer loop
      vertex 114.07569240481953 6.277837084267088 0
      vertex 114.1 6 0
      vertex 224.1451878627752 2.2040354826462654 0
    endloop
  endfacet
  facet normal 0 0 1
    outer loop
      vertex 114.07569240481953 6.277837084267088 0
      vertex 224.1451878627752 2.2040354826462654 0
      vertex 224.24024048078212 2.3504036788339757 0
    endloop
  endfacet
  facet normal 0 0 1
    outer loop
      vertex 114.07569240481953 6.277837084267088 0
      vertex 224.24024048078212 2.3504036788339757 0
      vertex 224.33012701892218 2.5 0
    endloop
  endfacet
  facet normal 0 0 1
    outer loop
      vertex 114.07569240481953 6.277837084267088 0
      vertex 224.33012701892218 2.5 0
      vertex 224.41473796429463 2.652642186070546 0
    endloop
  endfacet
  facet normal 0 0 1
    outer loop
      vertex 114.07569240481953 6.277837084267088 0
      vertex 224.41473796429463 2.652642186070546 0
      vertex 224.49397023149584 2.808144266054613 0
    endloop
  endfacet
  facet normal -0.9961946980917474 0.08715574274763616 0
    outer loop
      vertex 114.07569240481953 163.72216291573292 -3.6000000000000014
      vertex 114.07569240481953 163.72216291573292 0
      vertex 114.1 164 -3.6000000000000014
    endloop
  endfacet
  facet normal 0 0 -1
    outer loop
      vertex 114.07569240481953 163.72216291573292 -3.6000000000000014
      vertex 114.1 164 -3.6000000000000014
      vertex 115.505 164 -3.6000000000000014
    endloop
  endfacet
  facet normal -0.9961946980917474 0.08715574274763616 0
    outer loop
      vertex 114.07569240481953 163.72216291573292 0
      vertex 114.1 164 0
      vertex 114.1 164 -3.6000000000000014
    endloop
  endfacet
  facet normal 0 0 1
    outer loop
      vertex 114.07569240481953 163.72216291573292 0
      vertex 225 160 0
      vertex 114.1 164 0
    endloop
  endfacet
  facet normal -0.9961946980917474 -0.08715574274763616 0
    outer loop
      vertex 114.07569240481953 164.27783708426708 -3.6000000000000014
      vertex 114.1 164 -3.6000000000000014
      vertex 114.1 164 0
    endloop
  endfacet
  facet normal -0.9961946980917474 -0.08715574274763616 0
    outer loop
      vertex 114.07569240481953 164.27783708426708 -3.6000000000000014
      vertex 114.1 164 0
      vertex 114.07569240481953 164.27783708426708 0
    endloop
  endfacet
  facet normal 0 0 -1
    outer loop
      vertex 114.07569240481953 164.27783708426708 -3.6000000000000014
      vertex 115.505 164 -3.6000000000000014
      vertex 114.1 164 -3.6000000000000014
    endloop
  endfacet
  facet normal 0 0 1
    outer loop
      vertex 114.07569240481953 164.27783708426708 0
      vertex 114.1 164 0
      vertex 225 160 0
    endloop
  endfacet
  facet normal 0 0 1
    outer loop
      vertex 114.1 6 0
      vertex 223.71572412738698 1.6543469682057088 0
      vertex 223.8302222155949 1.7860619515673037 0
    endloop
  endfacet
  facet normal 0 0 1
    outer loop
      vertex 114.1 6 0
      vertex 223.8302222155949 1.7860619515673037 0
      vertex 223.9400537680336 1.9216926233717087 0
    endloop
  endfacet
  facet normal 0 0 1
    outer loop
      vertex 114.1 6 0
      vertex 223.9400537680336 1.9216926233717087 0
      vertex 224.04508497187473 2.061073738537634 0
    endloop
  endfacet
  facet normal 0 0 1
    outer loop
      vertex 114.1 6 0
      vertex 224.04508497187473 2.061073738537634 0
      vertex 224.1451878627752 2.2040354826462654 0
    endloop
  endfacet
  facet normal -1 0 0
    outer loop
      vertex 202 23 -6.1
      vertex 202 23 -5.5
      vertex 202 147 -6.1
    endloop
  endfacet
  facet normal 0 0 -1
    outer loop
      vertex 202 23 -6.1
      vertex 202 147 -6.1
      vertex 220.5025 161.39759366162775 -6.1
    endloop
  endfacet
  facet normal 0 0 -1
    outer loop
      vertex 202 23 -6.1
      vertex 215.995 6 -6.1
      vertex 217.4975 3.397593661627762 -6.1
    endloop
  endfacet
  facet normal 0 0 -1
    outer loop
      vertex 202 23 -6.1
      vertex 217.4975 3.397593661627762 -6.1
      vertex 220 0 -6.1
    endloop
  endfacet
  facet normal 0 0 -1
    outer loop
      vertex 202 23 -6.1
      vertex 217.4975 8.602406338372237 -6.1
      vertex 215.995 6 -6.1
    endloop
  endfacet
  facet normal 0 0 -1
    outer loop
      vertex 202 23 -6.1
      vertex 220.5025 161.39759366162775 -6.1
      vertex 217.4975 8.602406338372237 -6.1
    endloop
  endfacet
  facet normal -1 0 0
    outer loop
      vertex 202 23 -5.5
      vertex 202 147 -5.5
      vertex 202 147 -6.1
    endloop
  endfacet
  facet normal 0 0 1
    outer loop
      vertex 202 23 -5.5
      vertex 225 10 -5.5
      vertex 202 147 -5.5
    endloop
  endfacet
  facet normal 0 0 -1
    outer loop
      vertex 202 147 -6.1
      vertex 215.995 164 -6.1
      vertex 217.4975 161.39759366162775 -6.1
    endloop
  endfacet
  facet normal 0 0 -1
    outer loop
      vertex 202 147 -6.1
      vertex 217.4975 161.39759366162775 -6.1
      vertex 220.5025 161.39759366162775 -6.1
    endloop
  endfacet
  facet normal 0 0 -1
    outer loop
      vertex 202 147 -6.1
      vertex 217.4975 166.60240633837225 -6.1
      vertex 215.995 164 -6.1
    endloop
  endfacet
  facet normal 0 0 -1
    outer loop
      vertex 202 147 -6.1
      vertex 220 170 -6.1
      vertex 217.4975 166.60240633837225 -6.1
    endloop
  endfacet
  facet normal 0 0 1
    outer loop
      vertex 202 147 -5.5
      vertex 225 10 -5.5
      vertex 225 160 -5.5
    endloop
  endfacet
  facet normal 0.8660254037844389 0.49999999999999944 0
    outer loop
      vertex 215.995 6 -6.1
      vertex 215.995 6 -3.6000000000000014
      vertex 217.4975 3.397593661627762 -6.1
    endloop
  endfacet
  facet normal 0.8660254037844389 -0.4999999999999996 0
    outer loop
      vertex 215.995 6 -6.1
      vertex 217.4975 8.602406338372237 -6.1
      vertex 217.4975 8.602406338372237 -3.6000000000000014
    endloop
  endfacet
  facet normal 0.8660254037844389 -0.4999999999999996 0
    outer loop
      vertex 215.995 6 -6.1
      vertex 217.4975 8.602406338372237 -3.6000000000000014
      vertex 215.995 6 -3.6000000000000014
    endloop
  endfacet
  facet normal 0 0 -1
    outer loop
      vertex 215.995 6 -3.6000000000000014
      vertex 217.4 6 -3.6000000000000014
      vertex 217.42430759518047 5.722162915732912 -3.6000000000000014
    endloop
  endfacet
  facet normal 0 0 -1
    outer loop
      vertex 215.995 6 -3.6000000000000014
      vertex 217.42430759518047 5.722162915732912 -3.6000000000000014
      vertex 217.49649180674254 5.45276777067893 -3.6000000000000014
    endloop
  endfacet
  facet normal 0 0 -1
    outer loop
      vertex 215.995 6 -3.6000000000000014
      vertex 217.42430759518047 6.277837084267088 -3.6000000000000014
      vertex 217.4 6 -3.6000000000000014
    endloop
  endfacet
  facet normal 0 0 -1
    outer loop
      vertex 215.995 6 -3.6000000000000014
      vertex 217.49649180674254 5.45276777067893 -3.6000000000000014
      vertex 217.4975 3.397593661627762 -3.6000000000000014
    endloop
  endfacet
  facet normal 0 0 -1
    outer loop
      vertex 215.995 6 -3.6000000000000014
      vertex 217.49649180674254 6.54723222932107 -3.6000000000000014
      vertex 217.42430759518047 6.277837084267088 -3.6000000000000014
    endloop
  endfacet
  facet normal 0.8660254037844389 0.49999999999999944 0
    outer loop
      vertex 215.995 6 -3.6000000000000014
      vertex 217.4975 3.397593661627762 -3.6000000000000014
      vertex 217.4975 3.397593661627762 -6.1
    endloop
  endfacet
  facet normal 0 0 -1
    outer loop
      vertex 215.995 6 -3.6000000000000014
      vertex 217.4975 8.602406338372237 -3.6000000000000014
      vertex 217.6143593539449 6.8 -3.6000000000000014
    endloop
  endfacet
  facet normal 0 0 -1
    outer loop
      vertex 215.995 6 -3.6000000000000014
      vertex 217.6143593539449 6.8 -3.6000000000000014
      vertex 217.49649180674254 6.54723222932107 -3.6000000000000014
    endloop
  endfacet
  facet normal 0.8660254037844398 0.49999999999999806 0
    outer loop
      vertex 215.995 164 -6.1
      vertex 215.995 164 -3.6000000000000014
      vertex 217.4975 161.39759366162775 -6.1
    endloop
  endfacet
  facet normal 0.8660254037844398 -0.49999999999999806 0
    outer loop
      vertex 215.995 164 -6.1
      vertex 217.4975 166.60240633837225 -6.1
      vertex 217.4975 166.60240633837225 -3.6000000000000014
    endloop
  endfacet
  facet normal 0.8660254037844398 -0.49999999999999806 0
    outer loop
      vertex 215.995 164 -6.1
      vertex 217.4975 166.60240633837225 -3.6000000000000014
      vertex 215.995 164 -3.6000000000000014
    endloop
  endfacet
  facet normal 0 0 -1
    outer loop
      vertex 215.995 164 -3.6000000000000014
      vertex 217.4 164 -3.6000000000000014
      vertex 217.42430759518047 163.72216291573292 -3.6000000000000014
    endloop
  endfacet
  facet normal 0 0 -1
    outer loop
      vertex 215.995 164 -3.6000000000000014
      vertex 217.42430759518047 163.72216291573292 -3.6000000000000014
      vertex 217.49649180674254 163.45276777067892 -3.6000000000000014
    endloop
  endfacet
  facet normal 0 0 -1
    outer loop
      vertex 215.995 164 -3.6000000000000014
      vertex 217.42430759518047 164.27783708426708 -3.6000000000000014
      vertex 217.4 164 -3.6000000000000014
    endloop
  endfacet
  facet normal 0 0 -1
    outer loop
      vertex 215.995 164 -3.6000000000000014
      vertex 217.49649180674254 163.45276777067892 -3.6000000000000014
      vertex 217.4975 161.39759366162775 -3.6000000000000014
    endloop
  endfacet
  facet normal 0 0 -1
    outer loop
      vertex 215.995 164 -3.6000000000000014
      vertex 217.49649180674254 164.54723222932108 -3.6000000000000014
      vertex 217.42430759518047 164.27783708426708 -3.6000000000000014
    endloop
  endfacet
  facet normal 0.8660254037844398 0.49999999999999806 0
    outer loop
      vertex 215.995 164 -3.6000000000000014
      vertex 217.4975 161.39759366162775 -3.6000000000000014
      vertex 217.4975 161.39759366162775 -6.1
    endloop
  endfacet
  facet normal 0 0 -1
    outer loop
      vertex 215.995 164 -3.6000000000000014
      vertex 217.4975 166.60240633837225 -3.6000000000000014
      vertex 217.6143593539449 164.8 -3.6000000000000014
    endloop
  endfacet
  facet normal 0 0 -1
    outer loop
      vertex 215.995 164 -3.6000000000000014
      vertex 217.6143593539449 164.8 -3.6000000000000014
      vertex 217.49649180674254 164.54723222932108 -3.6000000000000014
    endloop
  endfacet
  facet normal 0.9961946980917479 0.08715574274763258 0
    outer loop
      vertex 217.4 6 -3.6000000000000014
      vertex 217.4 6 0
      vertex 217.42430759518047 5.722162915732912 -3.6000000000000014
    endloop
  endfacet
  facet normal 0.9961946980917479 -0.08715574274763258 0
    outer loop
      vertex 217.4 6 -3.6000000000000014
      vertex 217.42430759518047 6.277837084267088 -3.6000000000000014
      vertex 217.42430759518047 6.277837084267088 0
    endloop
  endfacet
  facet normal 0.9961946980917479 -0.08715574274763258 0
    outer loop
      vertex 217.4 6 -3.6000000000000014
      vertex 217.42430759518047 6.277837084267088 0
      vertex 217.4 6 0
    endloop
  endfacet
  facet normal 0.9961946980917479 0.08715574274763258 0
    outer loop
      vertex 217.4 6 0
      vertex 217.42430759518047 5.722162915732912 0
      vertex 217.42430759518047 5.722162915732912 -3.6000000000000014
    endloop
  endfacet
  facet normal 0.9961946980917474 0.08715574274763616 0
    outer loop
      vertex 217.4 164 -3.6000000000000014
      vertex 217.4 164 0
      vertex 217.42430759518047 163.72216291573292 -3.6000000000000014
    endloop
  endfacet
  facet normal 0.9961946980917474 -0.08715574274763616 0
    outer loop
      vertex 217.4 164 -3.6000000000000014
      vertex 217.42430759518047 164.27783708426708 -3.6000000000000014
      vertex 217.42430759518047 164.27783708426708 0
    endloop
  endfacet
  facet normal 0.9961946980917474 -0.08715574274763616 0
    outer loop
      vertex 217.4 164 -3.6000000000000014
      vertex 217.42430759518047 164.27783708426708 0
      vertex 217.4 164 0
    endloop
  endfacet
  facet normal 0.9961946980917474 0.08715574274763616 0
    outer loop
      vertex 217.4 164 0
      vertex 217.42430759518047 163.72216291573292 0
      vertex 217.42430759518047 163.72216291573292 -3.6000000000000014
    endloop
  endfacet
  facet normal 0.9659258262890728 0.2588190451025042 0
    outer loop
      vertex 217.42430759518047 5.722162915732912 -3.6000000000000014
      vertex 217.42430759518047 5.722162915732912 0
      vertex 217.49649180674254 5.45276777067893 -3.6000000000000014
    endloop
  endfacet
  facet normal 0.9659258262890728 0.2588190451025042 0
    outer loop
      vertex 217.42430759518047 5.722162915732912 0
      vertex 217.49649180674254 5.45276777067893 0
      vertex 217.49649180674254 5.45276777067893 -3.6000000000000014
    endloop
  endfacet
  facet normal 0.9659258262890728 -0.2588190451025042 0
    outer loop
      vertex 217.42430759518047 6.277837084267088 -3.6000000000000014
      vertex 217.49649180674254 6.54723222932107 -3.6000000000000014
      vertex 217.49649180674254 6.54723222932107 0
    endloop
  endfacet
  facet normal 0.9659258262890728 -0.2588190451025042 0
    outer loop
      vertex 217.42430759518047 6.277837084267088 -3.6000000000000014
      vertex 217.49649180674254 6.54723222932107 0
      vertex 217.42430759518047 6.277837084267088 0
    endloop
  endfacet
  facet normal 0.9659258262890783 0.25881904510248266 0
    outer loop
      vertex 217.42430759518047 163.72216291573292 -3.6000000000000014
      vertex 217.42430759518047 163.72216291573292 0
      vertex 217.49649180674254 163.45276777067892 -3.6000000000000014
    endloop
  endfacet
  facet normal 0.9659258262890783 0.25881904510248266 0
    outer loop
      vertex 217.42430759518047 163.72216291573292 0
      vertex 217.49649180674254 163.45276777067892 0
      vertex 217.49649180674254 163.45276777067892 -3.6000000000000014
    endloop
  endfacet
  facet normal 0.9659258262890783 -0.25881904510248266 0
    outer loop
      vertex 217.42430759518047 164.27783708426708 -3.6000000000000014
      vertex 217.49649180674254 164.54723222932108 -3.6000000000000014
      vertex 217.49649180674254 164.54723222932108 0
    endloop
  endfacet
  facet normal 0.9659258262890783 -0.25881904510248266 0
    outer loop
      vertex 217.42430759518047 164.27783708426708 -3.6000000000000014
      vertex 217.49649180674254 164.54723222932108 0
      vertex 217.42430759518047 164.27783708426708 0
    endloop
  endfacet
  facet normal 0.9063077870366306 0.42261826174074074 0
    outer loop
      vertex 217.49649180674254 5.45276777067893 -3.6000000000000014
      vertex 217.49649180674254 5.45276777067893 0
      vertex 217.6143593539449 5.2 -3.6000000000000014
    endloop
  endfacet
  facet normal 0 0 -1
    outer loop
      vertex 217.49649180674254 5.45276777067893 -3.6000000000000014
      vertex 217.6143593539449 5.2 -3.6000000000000014
      vertex 217.4975 3.397593661627762 -3.6000000000000014
    endloop
  endfacet
  facet normal 0.9063077870366306 0.42261826174074074 0
    outer loop
      vertex 217.49649180674254 5.45276777067893 0
      vertex 217.6143593539449 5.2 0
      vertex 217.6143593539449 5.2 -3.6000000000000014
    endloop
  endfacet
  facet normal 0.9063077870366306 -0.42261826174074074 0
    outer loop
      vertex 217.49649180674254 6.54723222932107 -3.6000000000000014
      vertex 217.6143593539449 6.8 -3.6000000000000014
      vertex 217.6143593539449 6.8 0
    endloop
  endfacet
  facet normal 0.9063077870366306 -0.42261826174074074 0
    outer loop
      vertex 217.49649180674254 6.54723222932107 -3.6000000000000014
      vertex 217.6143593539449 6.8 0
      vertex 217.49649180674254 6.54723222932107 0
    endloop
  endfacet
  facet normal 0.9063077870366301 0.42261826174074196 0
    outer loop
      vertex 217.49649180674254 163.45276777067892 -3.6000000000000014
      vertex 217.49649180674254 163.45276777067892 0
      vertex 217.6143593539449 163.2 -3.6000000000000014
    endloop
  endfacet
  facet normal 0 0 -1
    outer loop
      vertex 217.49649180674254 163.45276777067892 -3.6000000000000014
      vertex 217.6143593539449 163.2 -3.6000000000000014
      vertex 217.4975 161.39759366162775 -3.6000000000000014
    endloop
  endfacet
  facet normal 0.9063077870366301 0.42261826174074196 0
    outer loop
      vertex 217.49649180674254 163.45276777067892 0
      vertex 217.6143593539449 163.2 0
      vertex 217.6143593539449 163.2 -3.6000000000000014
    endloop
  endfacet
  facet normal 0.9063077870366301 -0.42261826174074196 0
    outer loop
      vertex 217.49649180674254 164.54723222932108 -3.6000000000000014
      vertex 217.6143593539449 164.8 -3.6000000000000014
      vertex 217.6143593539449 164.8 0
    endloop
  endfacet
  facet normal 0.9063077870366301 -0.42261826174074196 0
    outer loop
      vertex 217.49649180674254 164.54723222932108 -3.6000000000000014
      vertex 217.6143593539449 164.8 0
      vertex 217.49649180674254 164.54723222932108 0
    endloop
  endfacet
  facet normal 0 1 0
    outer loop
      vertex 217.4975 3.397593661627762 -6.1
      vertex 217.4975 3.397593661627762 -3.6000000000000014
      vertex 220.5025 3.397593661627762 -6.1
    endloop
  endfacet
  facet normal 0 0 -1
    outer loop
      vertex 217.4975 3.397593661627762 -6.1
      vertex 220.5025 3.397593661627762 -6.1
      vertex 220 0 -6.1
    endloop
  endfacet
  facet normal 0 0 -1
    outer loop
      vertex 217.4975 3.397593661627762 -3.6000000000000014
      vertex 217.6143593539449 5.2 -3.6000000000000014
      vertex 217.77432889100965 4.971539824501537 -3.6000000000000014
    endloop
  endfacet
  facet normal 0 0 -1
    outer loop
      vertex 217.4975 3.397593661627762 -3.6000000000000014
      vertex 217.77432889100965 4.971539824501537 -3.6000000000000014
      vertex 217.97153982450155 4.774328891009635 -3.6000000000000014
    endloop
  endfacet
  facet normal 0 0 -1
    outer loop
      vertex 217.4975 3.397593661627762 -3.6000000000000014
      vertex 217.97153982450155 4.774328891009635 -3.6000000000000014
      vertex 218.2 4.614359353944899 -3.6000000000000014
    endloop
  endfacet
  facet normal 0 0 -1
    outer loop
      vertex 217.4975 3.397593661627762 -3.6000000000000014
      vertex 218.2 4.614359353944899 -3.6000000000000014
      vertex 218.45276777067892 4.496491806742546 -3.6000000000000014
    endloop
  endfacet
  facet normal 0 0 -1
    outer loop
      vertex 217.4975 3.397593661627762 -3.6000000000000014
      vertex 218.45276777067892 4.496491806742546 -3.6000000000000014
      vertex 218.72216291573292 4.424307595180467 -3.6000000000000014
    endloop
  endfacet
  facet normal 0 0 -1
    outer loop
      vertex 217.4975 3.397593661627762 -3.6000000000000014
      vertex 218.72216291573292 4.424307595180467 -3.6000000000000014
      vertex 219 4.4 -3.6000000000000014
    endloop
  endfacet
  facet normal 0 0 -1
    outer loop
      vertex 217.4975 3.397593661627762 -3.6000000000000014
      vertex 219 4.4 -3.6000000000000014
      vertex 219.27783708426708 4.424307595180467 -3.6000000000000014
    endloop
  endfacet
  facet normal 0 0 -1
    outer loop
      vertex 217.4975 3.397593661627762 -3.6000000000000014
      vertex 219.27783708426708 4.424307595180467 -3.6000000000000014
      vertex 220.5025 3.397593661627762 -3.6000000000000014
    endloop
  endfacet
  facet normal 0 1 0
    outer loop
      vertex 217.4975 3.397593661627762 -3.6000000000000014
      vertex 220.5025 3.397593661627762 -3.6000000000000014
      vertex 220.5025 3.397593661627762 -6.1
    endloop
  endfacet
  facet normal 0 -1 0
    outer loop
      vertex 217.4975 8.602406338372237 -6.1
      vertex 220.5025 8.602406338372237 -6.1
      vertex 220.5025 8.602406338372237 -3.6000000000000014
    endloop
  endfacet
  facet normal 0 -1 0
    outer loop
      vertex 217.4975 8.602406338372237 -6.1
      vertex 220.5025 8.602406338372237 -3.6000000000000014
      vertex 217.4975 8.602406338372237 -3.6000000000000014
    endloop
  endfacet
  facet normal 0 0 -1
    outer loop
      vertex 217.4975 8.602406338372237 -6.1
      vertex 220.5025 161.39759366162775 -6.1
      vertex 220.5025 8.602406338372237 -6.1
    endloop
  endfacet
  facet normal 0 0 -1
    outer loop
      vertex 217.4975 8.602406338372237 -3.6000000000000014
      vertex 217.77432889100965 7.028460175498463 -3.6000000000000014
      vertex 217.6143593539449 6.8 -3.6000000000000014
    endloop
  endfacet
  facet normal 0 0 -1
    outer loop
      vertex 217.4975 8.602406338372237 -3.6000000000000014
      vertex 217.97153982450155 7.225671108990365 -3.6000000000000014
      vertex 217.77432889100965 7.028460175498463 -3.6000000000000014
    endloop
  endfacet
  facet normal 0 0 -1
    outer loop
      vertex 217.4975 8.602406338372237 -3.6000000000000014
      vertex 218.2 7.385640646055101 -3.6000000000000014
      vertex 217.97153982450155 7.225671108990365 -3.6000000000000014
    endloop
  endfacet
  facet normal 0 0 -1
    outer loop
      vertex 217.4975 8.602406338372237 -3.6000000000000014
      vertex 218.45276777067892 7.503508193257454 -3.6000000000000014
      vertex 218.2 7.385640646055101 -3.6000000000000014
    endloop
  endfacet
  facet normal 0 0 -1
    outer loop
      vertex 217.4975 8.602406338372237 -3.6000000000000014
      vertex 218.72216291573292 7.575692404819533 -3.6000000000000014
      vertex 218.45276777067892 7.503508193257454 -3.6000000000000014
    endloop
  endfacet
  facet normal 0 0 -1
    outer loop
      vertex 217.4975 8.602406338372237 -3.6000000000000014
      vertex 220.5025 8.602406338372237 -3.6000000000000014
      vertex 218.72216291573292 7.575692404819533 -3.6000000000000014
    endloop
  endfacet
  facet normal 0 1 0
    outer loop
      vertex 217.4975 161.39759366162775 -6.1
      vertex 217.4975 161.39759366162775 -3.6000000000000014
      vertex 220.5025 161.39759366162775 -6.1
    endloop
  endfacet
  facet normal 0 0 -1
    outer loop
      vertex 217.4975 161.39759366162775 -3.6000000000000014
      vertex 217.6143593539449 163.2 -3.6000000000000014
      vertex 217.77432889100965 162.97153982450155 -3.6000000000000014
    endloop
  endfacet
  facet normal 0 0 -1
    outer loop
      vertex 217.4975 161.39759366162775 -3.6000000000000014
      vertex 217.77432889100965 162.97153982450155 -3.6000000000000014
      vertex 217.97153982450155 162.77432889100965 -3.6000000000000014
    endloop
  endfacet
  facet normal 0 0 -1
    outer loop
      vertex 217.4975 161.39759366162775 -3.6000000000000014
      vertex 217.97153982450155 162.77432889100965 -3.6000000000000014
      vertex 218.2 162.6143593539449 -3.6000000000000014
    endloop
  endfacet
  facet normal 0 0 -1
    outer loop
      vertex 217.4975 161.39759366162775 -3.6000000000000014
      vertex 218.2 162.6143593539449 -3.6000000000000014
      vertex 218.45276777067892 162.49649180674254 -3.6000000000000014
    endloop
  endfacet
  facet normal 0 0 -1
    outer loop
      vertex 217.4975 161.39759366162775 -3.6000000000000014
      vertex 218.45276777067892 162.49649180674254 -3.6000000000000014
      vertex 218.72216291573292 162.42430759518047 -3.6000000000000014
    endloop
  endfacet
  facet normal 0 0 -1
    outer loop
      vertex 217.4975 161.39759366162775 -3.6000000000000014
      vertex 218.72216291573292 162.42430759518047 -3.6000000000000014
      vertex 219 162.4 -3.6000000000000014
    endloop
  endfacet
  facet normal 0 0 -1
    outer loop
      vertex 217.4975 161.39759366162775 -3.6000000000000014
      vertex 219 162.4 -3.6000000000000014
      vertex 219.27783708426708 162.42430759518047 -3.6000000000000014
    endloop
  endfacet
  facet normal 0 0 -1
    outer loop
      vertex 217.4975 161.39759366162775 -3.6000000000000014
      vertex 219.27783708426708 162.42430759518047 -3.6000000000000014
      vertex 220.5025 161.39759366162775 -3.6000000000000014
    endloop
  endfacet
  facet normal 0 1 0
    outer loop
      vertex 217.4975 161.39759366162775 -3.6000000000000014
      vertex 220.5025 161.39759366162775 -3.6000000000000014
      vertex 220.5025 161.39759366162775 -6.1
    endloop
  endfacet
  facet normal 0 0 -1
    outer loop
      vertex 217.4975 166.60240633837225 -6.1
      vertex 220 170 -6.1
      vertex 220.1744974835125 169.99695413509548 -6.1
    endloop
  endfacet
  facet normal 0 0 -1
    outer loop
      vertex 217.4975 166.60240633837225 -6.1
      vertex 220.1744974835125 169.99695413509548 -6.1
      vertex 220.34878236872063 169.98782025129913 -6.1
    endloop
  endfacet
  facet normal 0 0 -1
    outer loop
      vertex 217.4975 166.60240633837225 -6.1
      vertex 220.34878236872063 169.98782025129913 -6.1
      vertex 220.52264231633828 169.97260947684137 -6.1
    endloop
  endfacet
  facet normal 0 -1 0
    outer loop
      vertex 217.4975 166.60240633837225 -6.1
      vertex 220.5025 166.60240633837225 -6.1
      vertex 220.5025 166.60240633837225 -3.6000000000000014
    endloop
  endfacet
  facet normal 0 -1 0
    outer loop
      vertex 217.4975 166.60240633837225 -6.1
      vertex 220.5025 166.60240633837225 -3.6000000000000014
      vertex 217.4975 166.60240633837225 -3.6000000000000014
    endloop
  endfacet
  facet normal 0 0 -1
    outer loop
      vertex 217.4975 166.60240633837225 -6.1
      vertex 220.52264231633828 169.97260947684137 -6.1
      vertex 220.5025 166.60240633837225 -6.1
    endloop
  endfacet
  facet normal 0 0 -1
    outer loop
      vertex 217.4975 166.60240633837225 -3.6000000000000014
      vertex 217.77432889100965 165.02846017549845 -3.6000000000000014
      vertex 217.6143593539449 164.8 -3.6000000000000014
    endloop
  endfacet
  facet normal 0 0 -1
    outer loop
      vertex 217.4975 166.60240633837225 -3.6000000000000014
      vertex 217.97153982450155 165.22567110899035 -3.6000000000000014
      vertex 217.77432889100965 165.02846017549845 -3.6000000000000014
    endloop
  endfacet
  facet normal 0 0 -1
    outer loop
      vertex 217.4975 166.60240633837225 -3.6000000000000014
      vertex 218.2 165.3856406460551 -3.6000000000000014
      vertex 217.97153982450155 165.22567110899035 -3.6000000000000014
    endloop
  endfacet
  facet normal 0 0 -1
    outer loop
      vertex 217.4975 166.60240633837225 -3.6000000000000014
      vertex 218.45276777067892 165.50350819325746 -3.6000000000000014
      vertex 218.2 165.3856406460551 -3.6000000000000014
    endloop
  endfacet
  facet normal 0 0 -1
    outer loop
      vertex 217.4975 166.60240633837225 -3.6000000000000014
      vertex 218.72216291573292 165.57569240481953 -3.6000000000000014
      vertex 218.45276777067892 165.50350819325746 -3.6000000000000014
    endloop
  endfacet
  facet normal 0 0 -1
    outer loop
      vertex 217.4975 166.60240633837225 -3.6000000000000014
      vertex 220.5025 166.60240633837225 -3.6000000000000014
      vertex 218.72216291573292 165.57569240481953 -3.6000000000000014
    endloop
  endfacet
  facet normal 0.8191520442889876 0.5735764363510524 0
    outer loop
      vertex 217.6143593539449 5.2 -3.6000000000000014
      vertex 217.6143593539449 5.2 0
      vertex 217.77432889100965 4.971539824501537 -3.6000000000000014
    endloop
  endfacet
  facet normal 0.8191520442889876 0.5735764363510524 0
    outer loop
      vertex 217.6143593539449 5.2 0
      vertex 217.77432889100965 4.971539824501537 0
      vertex 217.77432889100965 4.971539824501537 -3.6000000000000014
    endloop
  endfacet
  facet normal 0.8191520442889876 -0.5735764363510524 0
    outer loop
      vertex 217.6143593539449 6.8 -3.6000000000000014
      vertex 217.77432889100965 7.028460175498463 -3.6000000000000014
      vertex 217.77432889100965 7.028460175498463 0
    endloop
  endfacet
  facet normal 0.8191520442889876 -0.5735764363510524 0
    outer loop
      vertex 217.6143593539449 6.8 -3.6000000000000014
      vertex 217.77432889100965 7.028460175498463 0
      vertex 217.6143593539449 6.8 0
    endloop
  endfacet
  facet normal 0.8191520442889613 0.5735764363510897 0
    outer loop
      vertex 217.6143593539449 163.2 -3.6000000000000014
      vertex 217.6143593539449 163.2 0
      vertex 217.77432889100965 162.97153982450155 -3.6000000000000014
    endloop
  endfacet
  facet normal 0.8191520442889613 0.5735764363510897 0
    outer loop
      vertex 217.6143593539449 163.2 0
      vertex 217.77432889100965 162.97153982450155 0
      vertex 217.77432889100965 162.97153982450155 -3.6000000000000014
    endloop
  endfacet
  facet normal 0.8191520442889613 -0.5735764363510897 0
    outer loop
      vertex 217.6143593539449 164.8 -3.6000000000000014
      vertex 217.77432889100965 165.02846017549845 -3.6000000000000014
      vertex 217.77432889100965 165.02846017549845 0
    endloop
  endfacet
  facet normal 0.8191520442889613 -0.5735764363510897 0
    outer loop
      vertex 217.6143593539449 164.8 -3.6000000000000014
      vertex 217.77432889100965 165.02846017549845 0
      vertex 217.6143593539449 164.8 0
    endloop
  endfacet
  facet normal 0.7071067811865476 0.7071067811865476 0
    outer loop
      vertex 217.77432889100965 4.971539824501537 -3.6000000000000014
      vertex 217.77432889100965 4.971539824501537 0
      vertex 217.97153982450155 4.774328891009635 -3.6000000000000014
    endloop
  endfacet
  facet normal 0.7071067811865476 0.7071067811865476 0
    outer loop
      vertex 217.77432889100965 4.971539824501537 0
      vertex 217.97153982450155 4.774328891009635 0
      vertex 217.97153982450155 4.774328891009635 -3.6000000000000014
    endloop
  endfacet
  facet normal 0.7071067811865476 -0.7071067811865476 0
    outer loop
      vertex 217.77432889100965 7.028460175498463 -3.6000000000000014
      vertex 217.97153982450155 7.225671108990365 -3.6000000000000014
      vertex 217.97153982450155 7.225671108990365 0
    endloop
  endfacet
  facet normal 0.7071067811865476 -0.7071067811865476 0
    outer loop
      vertex 217.77432889100965 7.028460175498463 -3.6000000000000014
      vertex 217.97153982450155 7.225671108990365 0
      vertex 217.77432889100965 7.028460175498463 0
    endloop
  endfacet
  facet normal 0.7071067811865476 0.7071067811865476 0
    outer loop
      vertex 217.77432889100965 162.97153982450155 -3.6000000000000014
      vertex 217.77432889100965 162.97153982450155 0
      vertex 217.97153982450155 162.77432889100965 -3.6000000000000014
    endloop
  endfacet
  facet normal 0.7071067811865476 0.7071067811865476 0
    outer loop
      vertex 217.77432889100965 162.97153982450155 0
      vertex 217.97153982450155 162.77432889100965 0
      vertex 217.97153982450155 162.77432889100965 -3.6000000000000014
    endloop
  endfacet
  facet normal 0.7071067811865476 -0.7071067811865476 0
    outer loop
      vertex 217.77432889100965 165.02846017549845 -3.6000000000000014
      vertex 217.97153982450155 165.22567110899035 -3.6000000000000014
      vertex 217.97153982450155 165.22567110899035 0
    endloop
  endfacet
  facet normal 0.7071067811865476 -0.7071067811865476 0
    outer loop
      vertex 217.77432889100965 165.02846017549845 -3.6000000000000014
      vertex 217.97153982450155 165.22567110899035 0
      vertex 217.77432889100965 165.02846017549845 0
    endloop
  endfacet
  facet normal 0.5735764363510811 0.8191520442889672 0
    outer loop
      vertex 217.97153982450155 4.774328891009635 -3.6000000000000014
      vertex 217.97153982450155 4.774328891009635 0
      vertex 218.2 4.614359353944899 -3.6000000000000014
    endloop
  endfacet
  facet normal 0.5735764363510811 0.8191520442889672 0
    outer loop
      vertex 217.97153982450155 4.774328891009635 0
      vertex 218.2 4.614359353944899 0
      vertex 218.2 4.614359353944899 -3.6000000000000014
    endloop
  endfacet
  facet normal 0.5735764363510811 -0.8191520442889672 0
    outer loop
      vertex 217.97153982450155 7.225671108990365 -3.6000000000000014
      vertex 218.2 7.385640646055101 -3.6000000000000014
      vertex 218.2 7.385640646055101 0
    endloop
  endfacet
  facet normal 0.5735764363510811 -0.8191520442889672 0
    outer loop
      vertex 217.97153982450155 7.225671108990365 -3.6000000000000014
      vertex 218.2 7.385640646055101 0
      vertex 217.97153982450155 7.225671108990365 0
    endloop
  endfacet
  facet normal 0.5735764363510897 0.8191520442889613 0
    outer loop
      vertex 217.97153982450155 162.77432889100965 -3.6000000000000014
      vertex 217.97153982450155 162.77432889100965 0
      vertex 218.2 162.6143593539449 -3.6000000000000014
    endloop
  endfacet
  facet normal 0.5735764363510897 0.8191520442889613 0
    outer loop
      vertex 217.97153982450155 162.77432889100965 0
      vertex 218.2 162.6143593539449 0
      vertex 218.2 162.6143593539449 -3.6000000000000014
    endloop
  endfacet
  facet normal 0.5735764363510897 -0.8191520442889613 0
    outer loop
      vertex 217.97153982450155 165.22567110899035 -3.6000000000000014
      vertex 218.2 165.3856406460551 -3.6000000000000014
      vertex 218.2 165.3856406460551 0
    endloop
  endfacet
  facet normal 0.5735764363510897 -0.8191520442889613 0
    outer loop
      vertex 217.97153982450155 165.22567110899035 -3.6000000000000014
      vertex 218.2 165.3856406460551 0
      vertex 217.97153982450155 165.22567110899035 0
    endloop
  endfacet
  facet normal 0 0 1
    outer loop
      vertex 217.97153982450155 165.22567110899035 0
      vertex 218.2 165.3856406460551 0
      vertex 220 170 0
    endloop
  endfacet
  facet normal 0.42261826174070277 0.9063077870366485 0
    outer loop
      vertex 218.2 4.614359353944899 -3.6000000000000014
      vertex 218.2 4.614359353944899 0
      vertex 218.45276777067892 4.496491806742546 -3.6000000000000014
    endloop
  endfacet
  facet normal 0.42261826174070277 0.9063077870366485 0
    outer loop
      vertex 218.2 4.614359353944899 0
      vertex 218.45276777067892 4.496491806742546 0
      vertex 218.45276777067892 4.496491806742546 -3.6000000000000014
    endloop
  endfacet
  facet normal 0.42261826174070277 -0.9063077870366485 0
    outer loop
      vertex 218.2 7.385640646055101 -3.6000000000000014
      vertex 218.45276777067892 7.503508193257454 -3.6000000000000014
      vertex 218.45276777067892 7.503508193257454 0
    endloop
  endfacet
  facet normal 0.42261826174070277 -0.9063077870366485 0
    outer loop
      vertex 218.2 7.385640646055101 -3.6000000000000014
      vertex 218.45276777067892 7.503508193257454 0
      vertex 218.2 7.385640646055101 0
    endloop
  endfacet
  facet normal 0.42261826174074196 0.9063077870366301 0
    outer loop
      vertex 218.2 162.6143593539449 -3.6000000000000014
      vertex 218.2 162.6143593539449 0
      vertex 218.45276777067892 162.49649180674254 -3.6000000000000014
    endloop
  endfacet
  facet normal 0.42261826174074196 0.9063077870366301 0
    outer loop
      vertex 218.2 162.6143593539449 0
      vertex 218.45276777067892 162.49649180674254 0
      vertex 218.45276777067892 162.49649180674254 -3.6000000000000014
    endloop
  endfacet
  facet normal 0.42261826174074196 -0.9063077870366301 0
    outer loop
      vertex 218.2 165.3856406460551 -3.6000000000000014
      vertex 218.45276777067892 165.50350819325746 -3.6000000000000014
      vertex 218.45276777067892 165.50350819325746 0
    endloop
  endfacet
  facet normal 0.42261826174074196 -0.9063077870366301 0
    outer loop
      vertex 218.2 165.3856406460551 -3.6000000000000014
      vertex 218.45276777067892 165.50350819325746 0
      vertex 218.2 165.3856406460551 0
    endloop
  endfacet
  facet normal 0 0 1
    outer loop
      vertex 218.2 165.3856406460551 0
      vertex 218.45276777067892 165.50350819325746 0
      vertex 220 170 0
    endloop
  endfacet
  facet normal 0.25881904510249754 0.9659258262890745 0
    outer loop
      vertex 218.45276777067892 4.496491806742546 -3.6000000000000014
      vertex 218.45276777067892 4.496491806742546 0
      vertex 218.72216291573292 4.424307595180467 -3.6000000000000014
    endloop
  endfacet
  facet normal 0.25881904510249754 0.9659258262890745 0
    outer loop
      vertex 218.45276777067892 4.496491806742546 0
      vertex 218.72216291573292 4.424307595180467 0
      vertex 218.72216291573292 4.424307595180467 -3.6000000000000014
    endloop
  endfacet
  facet normal 0.25881904510249754 -0.9659258262890745 0
    outer loop
      vertex 218.45276777067892 7.503508193257454 -3.6000000000000014
      vertex 218.72216291573292 7.575692404819533 -3.6000000000000014
      vertex 218.72216291573292 7.575692404819533 0
    endloop
  endfacet
  facet normal 0.25881904510249754 -0.9659258262890745 0
    outer loop
      vertex 218.45276777067892 7.503508193257454 -3.6000000000000014
      vertex 218.72216291573292 7.575692404819533 0
      vertex 218.45276777067892 7.503508193257454 0
    endloop
  endfacet
  facet normal 0.25881904510248266 0.9659258262890783 0
    outer loop
      vertex 218.45276777067892 162.49649180674254 -3.6000000000000014
      vertex 218.45276777067892 162.49649180674254 0
      vertex 218.72216291573292 162.42430759518047 -3.6000000000000014
    endloop
  endfacet
  facet normal 0.25881904510248266 0.9659258262890783 0
    outer loop
      vertex 218.45276777067892 162.49649180674254 0
      vertex 218.72216291573292 162.42430759518047 0
      vertex 218.72216291573292 162.42430759518047 -3.6000000000000014
    endloop
  endfacet
  facet normal 0.25881904510248266 -0.9659258262890783 0
    outer loop
      vertex 218.45276777067892 165.50350819325746 -3.6000000000000014
      vertex 218.72216291573292 165.57569240481953 -3.6000000000000014
      vertex 218.72216291573292 165.57569240481953 0
    endloop
  endfacet
  facet normal 0.25881904510248266 -0.9659258262890783 0
    outer loop
      vertex 218.45276777067892 165.50350819325746 -3.6000000000000014
      vertex 218.72216291573292 165.57569240481953 0
      vertex 218.45276777067892 165.50350819325746 0
    endloop
  endfacet
  facet normal 0 0 1
    outer loop
      vertex 218.45276777067892 165.50350819325746 0
      vertex 218.72216291573292 165.57569240481953 0
      vertex 220 170 0
    endloop
  endfacet
  facet normal 0.08715574274766144 0.9961946980917452 0
    outer loop
      vertex 218.72216291573292 4.424307595180467 -3.6000000000000014
      vertex 218.72216291573292 4.424307595180467 0
      vertex 219 4.4 -3.6000000000000014
    endloop
  endfacet
  facet normal 0.08715574274766144 0.9961946980917452 0
    outer loop
      vertex 218.72216291573292 4.424307595180467 0
      vertex 219 4.4 0
      vertex 219 4.4 -3.6000000000000014
    endloop
  endfacet
  facet normal 0.08715574274766144 -0.9961946980917452 0
    outer loop
      vertex 218.72216291573292 7.575692404819533 -3.6000000000000014
      vertex 219 7.6 -3.6000000000000014
      vertex 219 7.6 0
    endloop
  endfacet
  facet normal 0.08715574274766144 -0.9961946980917452 0
    outer loop
      vertex 218.72216291573292 7.575692404819533 -3.6000000000000014
      vertex 219 7.6 0
      vertex 218.72216291573292 7.575692404819533 0
    endloop
  endfacet
  facet normal 0 0 -1
    outer loop
      vertex 218.72216291573292 7.575692404819533 -3.6000000000000014
      vertex 220.5025 8.602406338372237 -3.6000000000000014
      vertex 219 7.6 -3.6000000000000014
    endloop
  endfacet
  facet normal 0.08715574274763616 0.9961946980917474 0
    outer loop
      vertex 218.72216291573292 162.42430759518047 -3.6000000000000014
      vertex 218.72216291573292 162.42430759518047 0
      vertex 219 162.4 -3.6000000000000014
    endloop
  endfacet
  facet normal 0.08715574274763616 0.9961946980917474 0
    outer loop
      vertex 218.72216291573292 162.42430759518047 0
      vertex 219 162.4 0
      vertex 219 162.4 -3.6000000000000014
    endloop
  endfacet
  facet normal 0.08715574274763616 -0.9961946980917474 0
    outer loop
      vertex 218.72216291573292 165.57569240481953 -3.6000000000000014
      vertex 219 165.6 -3.6000000000000014
      vertex 219 165.6 0
    endloop
  endfacet
  facet normal 0.08715574274763616 -0.9961946980917474 0
    outer loop
      vertex 218.72216291573292 165.57569240481953 -3.6000000000000014
      vertex 219 165.6 0
      vertex 218.72216291573292 165.57569240481953 0
    endloop
  endfacet
  facet normal 0 0 -1
    outer loop
      vertex 218.72216291573292 165.57569240481953 -3.6000000000000014
      vertex 220.5025 166.60240633837225 -3.6000000000000014
      vertex 219 165.6 -3.6000000000000014
    endloop
  endfacet
  facet normal 0 0 1
    outer loop
      vertex 218.72216291573292 165.57569240481953 0
      vertex 219 165.6 0
      vertex 220 170 0
    endloop
  endfacet
  facet normal -0.08715574274766144 0.9961946980917452 0
    outer loop
      vertex 219 4.4 -3.6000000000000014
      vertex 219 4.4 0
      vertex 219.27783708426708 4.424307595180467 -3.6000000000000014
    endloop
  endfacet
  facet normal -0.08715574274766144 0.9961946980917452 0
    outer loop
      vertex 219 4.4 0
      vertex 219.27783708426708 4.424307595180467 0
      vertex 219.27783708426708 4.424307595180467 -3.6000000000000014
    endloop
  endfacet
  facet normal 0 0 1
    outer loop
      vertex 219 4.4 0
      vertex 224.92403876506103 4.131759111665349 0
      vertex 219.27783708426708 4.424307595180467 0
    endloop
  endfacet
  facet normal -0.08715574274766144 -0.9961946980917452 0
    outer loop
      vertex 219 7.6 -3.6000000000000014
      vertex 219.27783708426708 7.575692404819533 -3.6000000000000014
      vertex 219.27783708426708 7.575692404819533 0
    endloop
  endfacet
  facet normal -0.08715574274766144 -0.9961946980917452 0
    outer loop
      vertex 219 7.6 -3.6000000000000014
      vertex 219.27783708426708 7.575692404819533 0
      vertex 219 7.6 0
    endloop
  endfacet
  facet normal 0 0 -1
    outer loop
      vertex 219 7.6 -3.6000000000000014
      vertex 220.5025 8.602406338372237 -3.6000000000000014
      vertex 219.27783708426708 7.575692404819533 -3.6000000000000014
    endloop
  endfacet
  facet normal 0 0 1
    outer loop
      vertex 219 7.6 0
      vertex 219.27783708426708 7.575692404819533 0
      vertex 225 10 0
    endloop
  endfacet
  facet normal -0.08715574274763616 0.9961946980917474 0
    outer loop
      vertex 219 162.4 -3.6000000000000014
      vertex 219 162.4 0
      vertex 219.27783708426708 162.42430759518047 -3.6000000000000014
    endloop
  endfacet
  facet normal -0.08715574274763616 0.9961946980917474 0
    outer loop
      vertex 219 162.4 0
      vertex 219.27783708426708 162.42430759518047 0
      vertex 219.27783708426708 162.42430759518047 -3.6000000000000014
    endloop
  endfacet
  facet normal 0 0 1
    outer loop
      vertex 219 162.4 0
      vertex 225 160 0
      vertex 219.27783708426708 162.42430759518047 0
    endloop
  endfacet
  facet normal -0.08715574274763616 -0.9961946980917474 0
    outer loop
      vertex 219 165.6 -3.6000000000000014
      vertex 219.27783708426708 165.57569240481953 -3.6000000000000014
      vertex 219.27783708426708 165.57569240481953 0
    endloop
  endfacet
  facet normal -0.08715574274763616 -0.9961946980917474 0
    outer loop
      vertex 219 165.6 -3.6000000000000014
      vertex 219.27783708426708 165.57569240481953 0
      vertex 219 165.6 0
    endloop
  endfacet
  facet normal 0 0 -1
    outer loop
      vertex 219 165.6 -3.6000000000000014
      vertex 220.5025 166.60240633837225 -3.6000000000000014
      vertex 219.27783708426708 165.57569240481953 -3.6000000000000014
    endloop
  endfacet
  facet normal 0 0 1
    outer loop
      vertex 219 165.6 0
      vertex 219.27783708426708 165.57569240481953 0
      vertex 220 170 0
    endloop
  endfacet
  facet normal -0.25881904510249754 0.9659258262890745 0
    outer loop
      vertex 219.27783708426708 4.424307595180467 -3.6000000000000014
      vertex 219.27783708426708 4.424307595180467 0
      vertex 219.54723222932108 4.496491806742546 -3.6000000000000014
    endloop
  endfacet
  facet normal 0 0 -1
    outer loop
      vertex 219.27783708426708 4.424307595180467 -3.6000000000000014
      vertex 219.54723222932108 4.496491806742546 -3.6000000000000014
      vertex 220.5025 3.397593661627762 -3.6000000000000014
    endloop
  endfacet
  facet normal -0.25881904510249754 0.9659258262890745 0
    outer loop
      vertex 219.27783708426708 4.424307595180467 0
      vertex 219.54723222932108 4.496491806742546 0
      vertex 219.54723222932108 4.496491806742546 -3.6000000000000014
    endloop
  endfacet
  facet normal 0 0 1
    outer loop
      vertex 219.27783708426708 4.424307595180467 0
      vertex 224.92403876506103 4.131759111665349 0
      vertex 224.95134034370784 4.304134495199673 0
    endloop
  endfacet
  facet normal 0 0 1
    outer loop
      vertex 219.27783708426708 4.424307595180467 0
      vertex 224.95134034370784 4.304134495199673 0
      vertex 219.54723222932108 4.496491806742546 0
    endloop
  endfacet
  facet normal -0.25881904510249754 -0.9659258262890745 0
    outer loop
      vertex 219.27783708426708 7.575692404819533 -3.6000000000000014
      vertex 219.54723222932108 7.503508193257454 -3.6000000000000014
      vertex 219.54723222932108 7.503508193257454 0
    endloop
  endfacet
  facet normal -0.25881904510249754 -0.9659258262890745 0
    outer loop
      vertex 219.27783708426708 7.575692404819533 -3.6000000000000014
      vertex 219.54723222932108 7.503508193257454 0
      vertex 219.27783708426708 7.575692404819533 0
    endloop
  endfacet
  facet normal 0 0 -1
    outer loop
      vertex 219.27783708426708 7.575692404819533 -3.6000000000000014
      vertex 220.5025 8.602406338372237 -3.6000000000000014
      vertex 219.54723222932108 7.503508193257454 -3.6000000000000014
    endloop
  endfacet
  facet normal 0 0 1
    outer loop
      vertex 219.27783708426708 7.575692404819533 0
      vertex 219.54723222932108 7.503508193257454 0
      vertex 225 10 0
    endloop
  endfacet
  facet normal -0.25881904510248266 0.9659258262890783 0
    outer loop
      vertex 219.27783708426708 162.42430759518047 -3.6000000000000014
      vertex 219.27783708426708 162.42430759518047 0
      vertex 219.54723222932108 162.49649180674254 -3.6000000000000014
    endloop
  endfacet
  facet normal 0 0 -1
    outer loop
      vertex 219.27783708426708 162.42430759518047 -3.6000000000000014
      vertex 219.54723222932108 162.49649180674254 -3.6000000000000014
      vertex 220.5025 161.39759366162775 -3.6000000000000014
    endloop
  endfacet
  facet normal -0.25881904510248266 0.9659258262890783 0
    outer loop
      vertex 219.27783708426708 162.42430759518047 0
      vertex 219.54723222932108 162.49649180674254 0
      vertex 219.54723222932108 162.49649180674254 -3.6000000000000014
    endloop
  endfacet
  facet normal 0 0 1
    outer loop
      vertex 219.27783708426708 162.42430759518047 0
      vertex 225 160 0
      vertex 219.54723222932108 162.49649180674254 0
    endloop
  endfacet
  facet normal -0.25881904510248266 -0.9659258262890783 0
    outer loop
      vertex 219.27783708426708 165.57569240481953 -3.6000000000000014
      vertex 219.54723222932108 165.50350819325746 -3.6000000000000014
      vertex 219.54723222932108 165.50350819325746 0
    endloop
  endfacet
  facet normal -0.25881904510248266 -0.9659258262890783 0
    outer loop
      vertex 219.27783708426708 165.57569240481953 -3.6000000000000014
      vertex 219.54723222932108 165.50350819325746 0
      vertex 219.27783708426708 165.57569240481953 0
    endloop
  endfacet
  facet normal 0 0 -1
    outer loop
      vertex 219.27783708426708 165.57569240481953 -3.6000000000000014
      vertex 220.5025 166.60240633837225 -3.6000000000000014
      vertex 219.54723222932108 165.50350819325746 -3.6000000000000014
    endloop
  endfacet
  facet normal 0 0 1
    outer loop
      vertex 219.27783708426708 165.57569240481953 0
      vertex 219.54723222932108 165.50350819325746 0
      vertex 220 170 0
    endloop
  endfacet
  facet normal -0.42261826174070277 0.9063077870366485 0
    outer loop
      vertex 219.54723222932108 4.496491806742546 -3.6000000000000014
      vertex 219.54723222932108 4.496491806742546 0
      vertex 219.8 4.614359353944899 -3.6000000000000014
    endloop
  endfacet
  facet normal 0 0 -1
    outer loop
      vertex 219.54723222932108 4.496491806742546 -3.6000000000000014
      vertex 219.8 4.614359353944899 -3.6000000000000014
      vertex 220.5025 3.397593661627762 -3.6000000000000014
    endloop
  endfacet
  facet normal -0.42261826174070277 0.9063077870366485 0
    outer loop
      vertex 219.54723222932108 4.496491806742546 0
      vertex 219.8 4.614359353944899 0
      vertex 219.8 4.614359353944899 -3.6000000000000014
    endloop
  endfacet
  facet normal 0 0 1
    outer loop
      vertex 219.54723222932108 4.496491806742546 0
      vertex 224.95134034370784 4.304134495199673 0
      vertex 224.97260947684137 4.477357683661733 0
    endloop
  endfacet
  facet normal 0 0 1
    outer loop
      vertex 219.54723222932108 4.496491806742546 0
      vertex 224.97260947684137 4.477357683661733 0
      vertex 219.8 4.614359353944899 0
    endloop
  endfacet
  facet normal -0.42261826174070277 -0.9063077870366485 0
    outer loop
      vertex 219.54723222932108 7.503508193257454 -3.6000000000000014
      vertex 219.8 7.385640646055101 -3.6000000000000014
      vertex 219.8 7.385640646055101 0
    endloop
  endfacet
  facet normal -0.42261826174070277 -0.9063077870366485 0
    outer loop
      vertex 219.54723222932108 7.503508193257454 -3.6000000000000014
      vertex 219.8 7.385640646055101 0
      vertex 219.54723222932108 7.503508193257454 0
    endloop
  endfacet
  facet normal 0 0 -1
    outer loop
      vertex 219.54723222932108 7.503508193257454 -3.6000000000000014
      vertex 220.5025 8.602406338372237 -3.6000000000000014
      vertex 219.8 7.385640646055101 -3.6000000000000014
    endloop
  endfacet
  facet normal 0 0 1
    outer loop
      vertex 219.54723222932108 7.503508193257454 0
      vertex 219.8 7.385640646055101 0
      vertex 225 10 0
    endloop
  endfacet
  facet normal -0.42261826174074196 0.9063077870366301 0
    outer loop
      vertex 219.54723222932108 162.49649180674254 -3.6000000000000014
      vertex 219.54723222932108 162.49649180674254 0
      vertex 219.8 162.6143593539449 -3.6000000000000014
    endloop
  endfacet
  facet normal 0 0 -1
    outer loop
      vertex 219.54723222932108 162.49649180674254 -3.6000000000000014
      vertex 219.8 162.6143593539449 -3.6000000000000014
      vertex 220.5025 161.39759366162775 -3.6000000000000014
    endloop
  endfacet
  facet normal -0.42261826174074196 0.9063077870366301 0
    outer loop
      vertex 219.54723222932108 162.49649180674254 0
      vertex 219.8 162.6143593539449 0
      vertex 219.8 162.6143593539449 -3.6000000000000014
    endloop
  endfacet
  facet normal 0 0 1
    outer loop
      vertex 219.54723222932108 162.49649180674254 0
      vertex 225 160 0
      vertex 219.8 162.6143593539449 0
    endloop
  endfacet
  facet normal -0.42261826174074196 -0.9063077870366301 0
    outer loop
      vertex 219.54723222932108 165.50350819325746 -3.6000000000000014
      vertex 219.8 165.3856406460551 -3.6000000000000014
      vertex 219.8 165.3856406460551 0
    endloop
  endfacet
  facet normal -0.42261826174074196 -0.9063077870366301 0
    outer loop
      vertex 219.54723222932108 165.50350819325746 -3.6000000000000014
      vertex 219.8 165.3856406460551 0
      vertex 219.54723222932108 165.50350819325746 0
    endloop
  endfacet
  facet normal 0 0 -1
    outer loop
      vertex 219.54723222932108 165.50350819325746 -3.6000000000000014
      vertex 220.5025 166.60240633837225 -3.6000000000000014
      vertex 219.8 165.3856406460551 -3.6000000000000014
    endloop
  endfacet
  facet normal 0 0 1
    outer loop
      vertex 219.54723222932108 165.50350819325746 0
      vertex 219.8 165.3856406460551 0
      vertex 220 170 0
    endloop
  endfacet
  facet normal -0.5735764363510811 0.8191520442889672 0
    outer loop
      vertex 219.8 4.614359353944899 -3.6000000000000014
      vertex 219.8 4.614359353944899 0
      vertex 220.02846017549845 4.774328891009635 -3.6000000000000014
    endloop
  endfacet
  facet normal 0 0 -1
    outer loop
      vertex 219.8 4.614359353944899 -3.6000000000000014
      vertex 220.02846017549845 4.774328891009635 -3.6000000000000014
      vertex 220.5025 3.397593661627762 -3.6000000000000014
    endloop
  endfacet
  facet normal -0.5735764363510811 0.8191520442889672 0
    outer loop
      vertex 219.8 4.614359353944899 0
      vertex 220.02846017549845 4.774328891009635 0
      vertex 220.02846017549845 4.774328891009635 -3.6000000000000014
    endloop
  endfacet
  facet normal 0 0 1
    outer loop
      vertex 219.8 4.614359353944899 0
      vertex 224.97260947684137 4.477357683661733 0
      vertex 220.02846017549845 4.774328891009635 0
    endloop
  endfacet
  facet normal -0.5735764363510811 -0.8191520442889672 0
    outer loop
      vertex 219.8 7.385640646055101 -3.6000000000000014
      vertex 220.02846017549845 7.225671108990365 -3.6000000000000014
      vertex 220.02846017549845 7.225671108990365 0
    endloop
  endfacet
  facet normal -0.5735764363510811 -0.8191520442889672 0
    outer loop
      vertex 219.8 7.385640646055101 -3.6000000000000014
      vertex 220.02846017549845 7.225671108990365 0
      vertex 219.8 7.385640646055101 0
    endloop
  endfacet
  facet normal 0 0 -1
    outer loop
      vertex 219.8 7.385640646055101 -3.6000000000000014
      vertex 220.5025 8.602406338372237 -3.6000000000000014
      vertex 220.02846017549845 7.225671108990365 -3.6000000000000014
    endloop
  endfacet
  facet normal 0 0 1
    outer loop
      vertex 219.8 7.385640646055101 0
      vertex 220.02846017549845 7.225671108990365 0
      vertex 225 10 0
    endloop
  endfacet
  facet normal -0.5735764363510897 0.8191520442889613 0
    outer loop
      vertex 219.8 162.6143593539449 -3.6000000000000014
      vertex 219.8 162.6143593539449 0
      vertex 220.02846017549845 162.77432889100965 -3.6000000000000014
    endloop
  endfacet
  facet normal 0 0 -1
    outer loop
      vertex 219.8 162.6143593539449 -3.6000000000000014
      vertex 220.02846017549845 162.77432889100965 -3.6000000000000014
      vertex 220.5025 161.39759366162775 -3.6000000000000014
    endloop
  endfacet
  facet normal -0.5735764363510897 0.8191520442889613 0
    outer loop
      vertex 219.8 162.6143593539449 0
      vertex 220.02846017549845 162.77432889100965 0
      vertex 220.02846017549845 162.77432889100965 -3.6000000000000014
    endloop
  endfacet
  facet normal 0 0 1
    outer loop
      vertex 219.8 162.6143593539449 0
      vertex 225 160 0
      vertex 220.02846017549845 162.77432889100965 0
    endloop
  endfacet
  facet normal -0.5735764363510897 -0.8191520442889613 0
    outer loop
      vertex 219.8 165.3856406460551 -3.6000000000000014
      vertex 220.02846017549845 165.22567110899035 -3.6000000000000014
      vertex 220.02846017549845 165.22567110899035 0
    endloop
  endfacet
  facet normal -0.5735764363510897 -0.8191520442889613 0
    outer loop
      vertex 219.8 165.3856406460551 -3.6000000000000014
      vertex 220.02846017549845 165.22567110899035 0
      vertex 219.8 165.3856406460551 0
    endloop
  endfacet
  facet normal 0 0 -1
    outer loop
      vertex 219.8 165.3856406460551 -3.6000000000000014
      vertex 220.5025 166.60240633837225 -3.6000000000000014
      vertex 220.02846017549845 165.22567110899035 -3.6000000000000014
    endloop
  endfacet
  facet normal 0 0 1
    outer loop
      vertex 219.8 165.3856406460551 0
      vertex 220.02846017549845 165.22567110899035 0
      vertex 220 170 0
    endloop
  endfacet
  facet normal 0.017452406437283925 -0.9998476951563912 0
    outer loop
      vertex 220 0 -6.1
      vertex 220.1744974835125 0.0030458649045215225 -6.1
      vertex 220 0 0
    endloop
  endfacet
  facet normal 0 0 -1
    outer loop
      vertex 220 0 -6.1
      vertex 220.5025 3.397593661627762 -6.1
      vertex 220.1744974835125 0.0030458649045215225 -6.1
    endloop
  endfacet
  facet normal 0.017452406437283925 -0.9998476951563912 0
    outer loop
      vertex 220 0 0
      vertex 220.1744974835125 0.0030458649045215225 -6.1
      vertex 220.1744974835125 0.0030458649045215225 0
    endloop
  endfacet
  facet normal 0.017452406437283925 0.9998476951563912 0
    outer loop
      vertex 220 170 -6.1
      vertex 220 170 0
      vertex 220.1744974835125 169.99695413509548 0
    endloop
  endfacet
  facet normal 0.017452406437283925 0.9998476951563912 0
    outer loop
      vertex 220 170 -6.1
      vertex 220.1744974835125 169.99695413509548 0
      vertex 220.1744974835125 169.99695413509548 -6.1
    endloop
  endfacet
  facet normal 0 0 1
    outer loop
      vertex 220 170 0
      vertex 220.02846017549845 165.22567110899035 0
      vertex 220.22567110899035 165.02846017549845 0
    endloop
  endfacet
  facet normal 0 0 1
    outer loop
      vertex 220 170 0
      vertex 220.22567110899035 165.02846017549845 0
      vertex 220.3856406460551 164.8 0
    endloop
  endfacet
  facet normal 0 0 1
    outer loop
      vertex 220 170 0
      vertex 220.3856406460551 164.8 0
      vertex 220.50350819325746 164.54723222932108 0
    endloop
  endfacet
  facet normal 0 0 1
    outer loop
      vertex 220 170 0
      vertex 220.50350819325746 164.54723222932108 0
      vertex 220.57569240481953 164.27783708426708 0
    endloop
  endfacet
  facet normal 0 0 1
    outer loop
      vertex 220 170 0
      vertex 220.57569240481953 164.27783708426708 0
      vertex 225 160 0
    endloop
  endfacet
  facet normal 0 0 1
    outer loop
      vertex 220 170 0
      vertex 225 160 0
      vertex 220.1744974835125 169.99695413509548 0
    endloop
  endfacet
  facet normal -0.7071067811865476 0.7071067811865476 0
    outer loop
      vertex 220.02846017549845 4.774328891009635 -3.6000000000000014
      vertex 220.02846017549845 4.774328891009635 0
      vertex 220.22567110899035 4.971539824501537 -3.6000000000000014
    endloop
  endfacet
  facet normal 0 0 -1
    outer loop
      vertex 220.02846017549845 4.774328891009635 -3.6000000000000014
      vertex 220.22567110899035 4.971539824501537 -3.6000000000000014
      vertex 220.5025 3.397593661627762 -3.6000000000000014
    endloop
  endfacet
  facet normal -0.7071067811865476 0.7071067811865476 0
    outer loop
      vertex 220.02846017549845 4.774328891009635 0
      vertex 220.22567110899035 4.971539824501537 0
      vertex 220.22567110899035 4.971539824501537 -3.6000000000000014
    endloop
  endfacet
  facet normal 0 0 1
    outer loop
      vertex 220.02846017549845 4.774328891009635 0
      vertex 224.97260947684137 4.477357683661733 0
      vertex 224.98782025129913 4.651217631279374 0
    endloop
  endfacet
  facet normal 0 0 1
    outer loop
      vertex 220.02846017549845 4.774328891009635 0
      vertex 224.98782025129913 4.651217631279374 0
      vertex 224.99695413509548 4.825502516487495 0
    endloop
  endfacet
  facet normal 0 0 1
    outer loop
      vertex 220.02846017549845 4.774328891009635 0
      vertex 224.99695413509548 4.825502516487495 0
      vertex 220.22567110899035 4.971539824501537 0
    endloop
  endfacet
  facet normal -0.7071067811865476 -0.7071067811865476 0
    outer loop
      vertex 220.02846017549845 7.225671108990365 -3.6000000000000014
      vertex 220.22567110899035 7.028460175498463 -3.6000000000000014
      vertex 220.22567110899035 7.028460175498463 0
    endloop
  endfacet
  facet normal -0.7071067811865476 -0.7071067811865476 0
    outer loop
      vertex 220.02846017549845 7.225671108990365 -3.6000000000000014
      vertex 220.22567110899035 7.028460175498463 0
      vertex 220.02846017549845 7.225671108990365 0
    endloop
  endfacet
  facet normal 0 0 -1
    outer loop
      vertex 220.02846017549845 7.225671108990365 -3.6000000000000014
      vertex 220.5025 8.602406338372237 -3.6000000000000014
      vertex 220.22567110899035 7.028460175498463 -3.6000000000000014
    endloop
  endfacet
  facet normal 0 0 1
    outer loop
      vertex 220.02846017549845 7.225671108990365 0
      vertex 220.22567110899035 7.028460175498463 0
      vertex 225 10 0
    endloop
  endfacet
  facet normal -0.7071067811865476 0.7071067811865476 0
    outer loop
      vertex 220.02846017549845 162.77432889100965 -3.6000000000000014
      vertex 220.02846017549845 162.77432889100965 0
      vertex 220.22567110899035 162.97153982450155 -3.6000000000000014
    endloop
  endfacet
  facet normal 0 0 -1
    outer loop
      vertex 220.02846017549845 162.77432889100965 -3.6000000000000014
      vertex 220.22567110899035 162.97153982450155 -3.6000000000000014
      vertex 220.5025 161.39759366162775 -3.6000000000000014
    endloop
  endfacet
  facet normal -0.7071067811865476 0.7071067811865476 0
    outer loop
      vertex 220.02846017549845 162.77432889100965 0
      vertex 220.22567110899035 162.97153982450155 0
      vertex 220.22567110899035 162.97153982450155 -3.6000000000000014
    endloop
  endfacet
  facet normal 0 0 1
    outer loop
      vertex 220.02846017549845 162.77432889100965 0
      vertex 225 160 0
      vertex 220.22567110899035 162.97153982450155 0
    endloop
  endfacet
  facet normal -0.7071067811865476 -0.7071067811865476 0
    outer loop
      vertex 220.02846017549845 165.22567110899035 -3.6000000000000014
      vertex 220.22567110899035 165.02846017549845 -3.6000000000000014
      vertex 220.22567110899035 165.02846017549845 0
    endloop
  endfacet
  facet normal -0.7071067811865476 -0.7071067811865476 0
    outer loop
      vertex 220.02846017549845 165.22567110899035 -3.6000000000000014
      vertex 220.22567110899035 165.02846017549845 0
      vertex 220.02846017549845 165.22567110899035 0
    endloop
  endfacet
  facet normal 0 0 -1
    outer loop
      vertex 220.02846017549845 165.22567110899035 -3.6000000000000014
      vertex 220.5025 166.60240633837225 -3.6000000000000014
      vertex 220.22567110899035 165.02846017549845 -3.6000000000000014
    endloop
  endfacet
  facet normal 0.05233595624294237 -0.9986295347545739 0
    outer loop
      vertex 220.1744974835125 0.0030458649045215225 -6.1
      vertex 220.34878236872063 0.01217974870087879 -6.1
      vertex 220.1744974835125 0.0030458649045215225 0
    endloop
  endfacet
  facet normal 0 0 -1
    outer loop
      vertex 220.1744974835125 0.0030458649045215225 -6.1
      vertex 220.5025 3.397593661627762 -6.1
      vertex 220.34878236872063 0.01217974870087879 -6.1
    endloop
  endfacet
  facet normal 0.05233595624294237 -0.9986295347545739 0
    outer loop
      vertex 220.1744974835125 0.0030458649045215225 0
      vertex 220.34878236872063 0.01217974870087879 -6.1
      vertex 220.34878236872063 0.01217974870087879 0
    endloop
  endfacet
  facet normal 0.05233595624291192 0.9986295347545756 0
    outer loop
      vertex 220.1744974835125 169.99695413509548 -6.1
      vertex 220.1744974835125 169.99695413509548 0
      vertex 220.34878236872063 169.98782025129913 0
    endloop
  endfacet
  facet normal 0.05233595624291192 0.9986295347545756 0
    outer loop
      vertex 220.1744974835125 169.99695413509548 -6.1
      vertex 220.34878236872063 169.98782025129913 0
      vertex 220.34878236872063 169.98782025129913 -6.1
    endloop
  endfacet
  facet normal 0 0 1
    outer loop
      vertex 220.1744974835125 169.99695413509548 0
      vertex 225 160 0
      vertex 220.34878236872063 169.98782025129913 0
    endloop
  endfacet
  facet normal -0.8191520442889876 0.5735764363510524 0
    outer loop
      vertex 220.22567110899035 4.971539824501537 -3.6000000000000014
      vertex 220.22567110899035 4.971539824501537 0
      vertex 220.3856406460551 5.2 -3.6000000000000014
    endloop
  endfacet
  facet normal 0 0 -1
    outer loop
      vertex 220.22567110899035 4.971539824501537 -3.6000000000000014
      vertex 220.3856406460551 5.2 -3.6000000000000014
      vertex 220.5025 3.397593661627762 -3.6000000000000014
    endloop
  endfacet
  facet normal -0.8191520442889876 0.5735764363510524 0
    outer loop
      vertex 220.22567110899035 4.971539824501537 0
      vertex 220.3856406460551 5.2 0
      vertex 220.3856406460551 5.2 -3.6000000000000014
    endloop
  endfacet
  facet normal 0 0 1
    outer loop
      vertex 220.22567110899035 4.971539824501537 0
      vertex 224.99695413509548 4.825502516487495 0
      vertex 225 5 0
    endloop
  endfacet
  facet normal 0 0 1
    outer loop
      vertex 220.22567110899035 4.971539824501537 0
      vertex 225 5 0
      vertex 220.3856406460551 5.2 0
    endloop
  endfacet
  facet normal -0.8191520442889876 -0.5735764363510524 0
    outer loop
      vertex 220.22567110899035 7.028460175498463 -3.6000000000000014
      vertex 220.3856406460551 6.8 -3.6000000000000014
      vertex 220.3856406460551 6.8 0
    endloop
  endfacet
  facet normal -0.8191520442889876 -0.5735764363510524 0
    outer loop
      vertex 220.22567110899035 7.028460175498463 -3.6000000000000014
      vertex 220.3856406460551 6.8 0
      vertex 220.22567110899035 7.028460175498463 0
    endloop
  endfacet
  facet normal 0 0 -1
    outer loop
      vertex 220.22567110899035 7.028460175498463 -3.6000000000000014
      vertex 220.5025 8.602406338372237 -3.6000000000000014
      vertex 220.3856406460551 6.8 -3.6000000000000014
    endloop
  endfacet
  facet normal 0 0 1
    outer loop
      vertex 220.22567110899035 7.028460175498463 0
      vertex 220.3856406460551 6.8 0
      vertex 225 10 0
    endloop
  endfacet
  facet normal -0.8191520442889613 0.5735764363510897 0
    outer loop
      vertex 220.22567110899035 162.97153982450155 -3.6000000000000014
      vertex 220.22567110899035 162.97153982450155 0
      vertex 220.3856406460551 163.2 -3.6000000000000014
    endloop
  endfacet
  facet normal 0 0 -1
    outer loop
      vertex 220.22567110899035 162.97153982450155 -3.6000000000000014
      vertex 220.3856406460551 163.2 -3.6000000000000014
      vertex 220.5025 161.39759366162775 -3.6000000000000014
    endloop
  endfacet
  facet normal -0.8191520442889613 0.5735764363510897 0
    outer loop
      vertex 220.22567110899035 162.97153982450155 0
      vertex 220.3856406460551 163.2 0
      vertex 220.3856406460551 163.2 -3.6000000000000014
    endloop
  endfacet
  facet normal 0 0 1
    outer loop
      vertex 220.22567110899035 162.97153982450155 0
      vertex 225 160 0
      vertex 220.3856406460551 163.2 0
    endloop
  endfacet
  facet normal -0.8191520442889613 -0.5735764363510897 0
    outer loop
      vertex 220.22567110899035 165.02846017549845 -3.6000000000000014
      vertex 220.3856406460551 164.8 -3.6000000000000014
      vertex 220.3856406460551 164.8 0
    endloop
  endfacet
  facet normal -0.8191520442889613 -0.5735764363510897 0
    outer loop
      vertex 220.22567110899035 165.02846017549845 -3.6000000000000014
      vertex 220.3856406460551 164.8 0
      vertex 220.22567110899035 165.02846017549845 0
    endloop
  endfacet
  facet normal 0 0 -1
    outer loop
      vertex 220.22567110899035 165.02846017549845 -3.6000000000000014
      vertex 220.5025 166.60240633837225 -3.6000000000000014
      vertex 220.3856406460551 164.8 -3.6000000000000014
    endloop
  endfacet
  facet normal 0 0 -1
    outer loop
      vertex 220.34878236872063 0.01217974870087879 -6.1
      vertex 220.5025 3.397593661627762 -6.1
      vertex 220.52264231633828 0.02739052315863333 -6.1
    endloop
  endfacet
  facet normal 0.0871557427476569 -0.9961946980917455 0
    outer loop
      vertex 220.34878236872063 0.01217974870087879 -6.1
      vertex 220.52264231633828 0.02739052315863333 -6.1
      vertex 220.34878236872063 0.01217974870087879 0
    endloop
  endfacet
  facet normal 0.0871557427476569 -0.9961946980917455 0
    outer loop
      vertex 220.34878236872063 0.01217974870087879 0
      vertex 220.52264231633828 0.02739052315863333 -6.1
      vertex 220.52264231633828 0.02739052315863333 0
    endloop
  endfacet
  facet normal 0.087155742747667 0.9961946980917448 0
    outer loop
      vertex 220.34878236872063 169.98782025129913 -6.1
      vertex 220.34878236872063 169.98782025129913 0
      vertex 220.52264231633828 169.97260947684137 0
    endloop
  endfacet
  facet normal 0.087155742747667 0.9961946980917448 0
    outer loop
      vertex 220.34878236872063 169.98782025129913 -6.1
      vertex 220.52264231633828 169.97260947684137 0
      vertex 220.52264231633828 169.97260947684137 -6.1
    endloop
  endfacet
  facet normal 0 0 1
    outer loop
      vertex 220.34878236872063 169.98782025129913 0
      vertex 225 160 0
      vertex 220.52264231633828 169.97260947684137 0
    endloop
  endfacet
  facet normal -0.9063077870366306 0.42261826174074074 0
    outer loop
      vertex 220.3856406460551 5.2 -3.6000000000000014
      vertex 220.3856406460551 5.2 0
      vertex 220.50350819325746 5.45276777067893 -3.6000000000000014
    endloop
  endfacet
  facet normal 0 0 -1
    outer loop
      vertex 220.3856406460551 5.2 -3.6000000000000014
      vertex 220.50350819325746 5.45276777067893 -3.6000000000000014
      vertex 222.005 6 -3.6000000000000014
    endloop
  endfacet
  facet normal 0 0 -1
    outer loop
      vertex 220.3856406460551 5.2 -3.6000000000000014
      vertex 222.005 6 -3.6000000000000014
      vertex 220.5025 3.397593661627762 -3.6000000000000014
    endloop
  endfacet
  facet normal -0.9063077870366306 0.42261826174074074 0
    outer loop
      vertex 220.3856406460551 5.2 0
      vertex 220.50350819325746 5.45276777067893 0
      vertex 220.50350819325746 5.45276777067893 -3.6000000000000014
    endloop
  endfacet
  facet normal 0 0 1
    outer loop
      vertex 220.3856406460551 5.2 0
      vertex 225 5 0
      vertex 220.50350819325746 5.45276777067893 0
    endloop
  endfacet
  facet normal 0 0 -1
    outer loop
      vertex 220.3856406460551 6.8 -3.6000000000000014
      vertex 220.5025 8.602406338372237 -3.6000000000000014
      vertex 220.50350819325746 6.54723222932107 -3.6000000000000014
    endloop
  endfacet
  facet normal -0.9063077870366306 -0.42261826174074074 0
    outer loop
      vertex 220.3856406460551 6.8 -3.6000000000000014
      vertex 220.50350819325746 6.54723222932107 -3.6000000000000014
      vertex 220.50350819325746 6.54723222932107 0
    endloop
  endfacet
  facet normal -0.9063077870366306 -0.42261826174074074 0
    outer loop
      vertex 220.3856406460551 6.8 -3.6000000000000014
      vertex 220.50350819325746 6.54723222932107 0
      vertex 220.3856406460551 6.8 0
    endloop
  endfacet
  facet normal 0 0 1
    outer loop
      vertex 220.3856406460551 6.8 0
      vertex 220.50350819325746 6.54723222932107 0
      vertex 225 10 0
    endloop
  endfacet
  facet normal -0.9063077870366301 0.42261826174074196 0
    outer loop
      vertex 220.3856406460551 163.2 -3.6000000000000014
      vertex 220.3856406460551 163.2 0
      vertex 220.50350819325746 163.45276777067892 -3.6000000000000014
    endloop
  endfacet
  facet normal 0 0 -1
    outer loop
      vertex 220.3856406460551 163.2 -3.6000000000000014
      vertex 220.50350819325746 163.45276777067892 -3.6000000000000014
      vertex 222.005 164 -3.6000000000000014
    endloop
  endfacet
  facet normal 0 0 -1
    outer loop
      vertex 220.3856406460551 163.2 -3.6000000000000014
      vertex 222.005 164 -3.6000000000000014
      vertex 220.5025 161.39759366162775 -3.6000000000000014
    endloop
  endfacet
  facet normal -0.9063077870366301 0.42261826174074196 0
    outer loop
      vertex 220.3856406460551 163.2 0
      vertex 220.50350819325746 163.45276777067892 0
      vertex 220.50350819325746 163.45276777067892 -3.6000000000000014
    endloop
  endfacet
  facet normal 0 0 1
    outer loop
      vertex 220.3856406460551 163.2 0
      vertex 225 160 0
      vertex 220.50350819325746 163.45276777067892 0
    endloop
  endfacet
  facet normal 0 0 -1
    outer loop
      vertex 220.3856406460551 164.8 -3.6000000000000014
      vertex 220.5025 166.60240633837225 -3.6000000000000014
      vertex 220.50350819325746 164.54723222932108 -3.6000000000000014
    endloop
  endfacet
  facet normal -0.9063077870366301 -0.42261826174074196 0
    outer loop
      vertex 220.3856406460551 164.8 -3.6000000000000014
      vertex 220.50350819325746 164.54723222932108 -3.6000000000000014
      vertex 220.50350819325746 164.54723222932108 0
    endloop
  endfacet
  facet normal -0.9063077870366301 -0.42261826174074196 0
    outer loop
      vertex 220.3856406460551 164.8 -3.6000000000000014
      vertex 220.50350819325746 164.54723222932108 0
      vertex 220.3856406460551 164.8 0
    endloop
  endfacet
  facet normal -0.8660254037844389 0.49999999999999944 0
    outer loop
      vertex 220.5025 3.397593661627762 -6.1
      vertex 220.5025 3.397593661627762 -3.6000000000000014
      vertex 222.005 6 -6.1
    endloop
  endfacet
  facet normal 0 0 -1
    outer loop
      vertex 220.5025 3.397593661627762 -6.1
      vertex 222.005 6 -6.1
      vertex 220.52264231633828 0.02739052315863333 -6.1
    endloop
  endfacet
  facet normal -0.8660254037844389 0.49999999999999944 0
    outer loop
      vertex 220.5025 3.397593661627762 -3.6000000000000014
      vertex 222.005 6 -3.6000000000000014
      vertex 222.005 6 -6.1
    endloop
  endfacet
  facet normal 0 0 -1
    outer loop
      vertex 220.5025 8.602406338372237 -6.1
      vertex 220.5025 161.39759366162775 -6.1
      vertex 222.005 164 -6.1
    endloop
  endfacet
  facet normal -0.8660254037844389 -0.4999999999999996 0
    outer loop
      vertex 220.5025 8.602406338372237 -6.1
      vertex 222.005 6 -6.1
      vertex 222.005 6 -3.6000000000000014
    endloop
  endfacet
  facet normal -0.8660254037844389 -0.4999999999999996 0
    outer loop
      vertex 220.5025 8.602406338372237 -6.1
      vertex 222.005 6 -3.6000000000000014
      vertex 220.5025 8.602406338372237 -3.6000000000000014
    endloop
  endfacet
  facet normal 0 0 -1
    outer loop
      vertex 220.5025 8.602406338372237 -6.1
      vertex 222.005 164 -6.1
      vertex 222.005 6 -6.1
    endloop
  endfacet
  facet normal 0 0 -1
    outer loop
      vertex 220.5025 8.602406338372237 -3.6000000000000014
      vertex 222.005 6 -3.6000000000000014
      vertex 220.50350819325746 6.54723222932107 -3.6000000000000014
    endloop
  endfacet
  facet normal -0.8660254037844398 0.49999999999999806 0
    outer loop
      vertex 220.5025 161.39759366162775 -6.1
      vertex 220.5025 161.39759366162775 -3.6000000000000014
      vertex 222.005 164 -6.1
    endloop
  endfacet
  facet normal -0.8660254037844398 0.49999999999999806 0
    outer loop
      vertex 220.5025 161.39759366162775 -3.6000000000000014
      vertex 222.005 164 -3.6000000000000014
      vertex 222.005 164 -6.1
    endloop
  endfacet
  facet normal 0 0 -1
    outer loop
      vertex 220.5025 166.60240633837225 -6.1
      vertex 220.52264231633828 169.97260947684137 -6.1
      vertex 220.69586550480034 169.95134034370784 -6.1
    endloop
  endfacet
  facet normal 0 0 -1
    outer loop
      vertex 220.5025 166.60240633837225 -6.1
      vertex 220.69586550480034 169.95134034370784 -6.1
      vertex 220.86824088833464 169.92403876506103 -6.1
    endloop
  endfacet
  facet normal 0 0 -1
    outer loop
      vertex 220.5025 166.60240633837225 -6.1
      vertex 220.86824088833464 169.92403876506103 -6.1
      vertex 221.0395584540888 169.89073800366901 -6.1
    endloop
  endfacet
  facet normal 0 0 -1
    outer loop
      vertex 220.5025 166.60240633837225 -6.1
      vertex 221.0395584540888 169.89073800366901 -6.1
      vertex 221.20960947799833 169.85147863138 -6.1
    endloop
  endfacet
  facet normal 0 0 -1
    outer loop
      vertex 220.5025 166.60240633837225 -6.1
      vertex 221.20960947799833 169.85147863138 -6.1
      vertex 221.37818677908498 169.8063084796916 -6.1
    endloop
  endfacet
  facet normal 0 0 -1
    outer loop
      vertex 220.5025 166.60240633837225 -6.1
      vertex 221.37818677908498 169.8063084796916 -6.1
      vertex 221.54508497187473 169.75528258147577 -6.1
    endloop
  endfacet
  facet normal 0 0 -1
    outer loop
      vertex 220.5025 166.60240633837225 -6.1
      vertex 221.54508497187473 169.75528258147577 -6.1
      vertex 221.71010071662835 169.69846310392956 -6.1
    endloop
  endfacet
  facet normal 0 0 -1
    outer loop
      vertex 220.5025 166.60240633837225 -6.1
      vertex 221.71010071662835 169.69846310392956 -6.1
      vertex 221.87303296707955 169.63591927283395 -6.1
    endloop
  endfacet
  facet normal 0 0 -1
    outer loop
      vertex 220.5025 166.60240633837225 -6.1
      vertex 221.87303296707955 169.63591927283395 -6.1
      vertex 222.033683215379 169.567727288213 -6.1
    endloop
  endfacet
  facet normal -0.8660254037844398 -0.49999999999999806 0
    outer loop
      vertex 220.5025 166.60240633837225 -6.1
      vertex 222.005 164 -6.1
      vertex 222.005 164 -3.6000000000000014
    endloop
  endfacet
  facet normal -0.8660254037844398 -0.49999999999999806 0
    outer loop
      vertex 220.5025 166.60240633837225 -6.1
      vertex 222.005 164 -3.6000000000000014
      vertex 220.5025 166.60240633837225 -3.6000000000000014
    endloop
  endfacet
  facet normal 0 0 -1
    outer loop
      vertex 220.5025 166.60240633837225 -6.1
      vertex 222.033683215379 169.567727288213 -6.1
      vertex 222.005 164 -6.1
    endloop
  endfacet
  facet normal 0 0 -1
    outer loop
      vertex 220.5025 166.60240633837225 -3.6000000000000014
      vertex 222.005 164 -3.6000000000000014
      vertex 220.50350819325746 164.54723222932108 -3.6000000000000014
    endloop
  endfacet
  facet normal -0.9659258262890728 0.2588190451025042 0
    outer loop
      vertex 220.50350819325746 5.45276777067893 -3.6000000000000014
      vertex 220.50350819325746 5.45276777067893 0
      vertex 220.57569240481953 5.722162915732912 -3.6000000000000014
    endloop
  endfacet
  facet normal 0 0 -1
    outer loop
      vertex 220.50350819325746 5.45276777067893 -3.6000000000000014
      vertex 220.57569240481953 5.722162915732912 -3.6000000000000014
      vertex 222.005 6 -3.6000000000000014
    endloop
  endfacet
  facet normal -0.9659258262890728 0.2588190451025042 0
    outer loop
      vertex 220.50350819325746 5.45276777067893 0
      vertex 220.57569240481953 5.722162915732912 0
      vertex 220.57569240481953 5.722162915732912 -3.6000000000000014
    endloop
  endfacet
  facet normal 0 0 1
    outer loop
      vertex 220.50350819325746 5.45276777067893 0
      vertex 225 5 0
      vertex 220.57569240481953 5.722162915732912 0
    endloop
  endfacet
  facet normal -0.9659258262890728 -0.2588190451025042 0
    outer loop
      vertex 220.50350819325746 6.54723222932107 -3.6000000000000014
      vertex 220.57569240481953 6.277837084267088 -3.6000000000000014
      vertex 220.57569240481953 6.277837084267088 0
    endloop
  endfacet
  facet normal -0.9659258262890728 -0.2588190451025042 0
    outer loop
      vertex 220.50350819325746 6.54723222932107 -3.6000000000000014
      vertex 220.57569240481953 6.277837084267088 0
      vertex 220.50350819325746 6.54723222932107 0
    endloop
  endfacet
  facet normal 0 0 -1
    outer loop
      vertex 220.50350819325746 6.54723222932107 -3.6000000000000014
      vertex 222.005 6 -3.6000000000000014
      vertex 220.57569240481953 6.277837084267088 -3.6000000000000014
    endloop
  endfacet
  facet normal 0 0 1
    outer loop
      vertex 220.50350819325746 6.54723222932107 0
      vertex 220.57569240481953 6.277837084267088 0
      vertex 225 10 0
    endloop
  endfacet
  facet normal -0.9659258262890783 0.25881904510248266 0
    outer loop
      vertex 220.50350819325746 163.45276777067892 -3.6000000000000014
      vertex 220.50350819325746 163.45276777067892 0
      vertex 220.57569240481953 163.72216291573292 -3.6000000000000014
    endloop
  endfacet
  facet normal 0 0 -1
    outer loop
      vertex 220.50350819325746 163.45276777067892 -3.6000000000000014
      vertex 220.57569240481953 163.72216291573292 -3.6000000000000014
      vertex 222.005 164 -3.6000000000000014
    endloop
  endfacet
  facet normal -0.9659258262890783 0.25881904510248266 0
    outer loop
      vertex 220.50350819325746 163.45276777067892 0
      vertex 220.57569240481953 163.72216291573292 0
      vertex 220.57569240481953 163.72216291573292 -3.6000000000000014
    endloop
  endfacet
  facet normal 0 0 1
    outer loop
      vertex 220.50350819325746 163.45276777067892 0
      vertex 225 160 0
      vertex 220.57569240481953 163.72216291573292 0
    endloop
  endfacet
  facet normal -0.9659258262890783 -0.25881904510248266 0
    outer loop
      vertex 220.50350819325746 164.54723222932108 -3.6000000000000014
      vertex 220.57569240481953 164.27783708426708 -3.6000000000000014
      vertex 220.57569240481953 164.27783708426708 0
    endloop
  endfacet
  facet normal -0.9659258262890783 -0.25881904510248266 0
    outer loop
      vertex 220.50350819325746 164.54723222932108 -3.6000000000000014
      vertex 220.57569240481953 164.27783708426708 0
      vertex 220.50350819325746 164.54723222932108 0
    endloop
  endfacet
  facet normal 0 0 -1
    outer loop
      vertex 220.50350819325746 164.54723222932108 -3.6000000000000014
      vertex 222.005 164 -3.6000000000000014
      vertex 220.57569240481953 164.27783708426708 -3.6000000000000014
    endloop
  endfacet
  facet normal 0.121869343405147 -0.992546151641322 0
    outer loop
      vertex 220.52264231633828 0.02739052315863333 -6.1
      vertex 220.69586550480034 0.04865965629214841 -6.1
      vertex 220.52264231633828 0.02739052315863333 0
    endloop
  endfacet
  facet normal 0 0 -1
    outer loop
      vertex 220.52264231633828 0.02739052315863333 -6.1
      vertex 222.005 6 -6.1
      vertex 220.69586550480034 0.04865965629214841 -6.1
    endloop
  endfacet
  facet normal 0.121869343405147 -0.992546151641322 0
    outer loop
      vertex 220.52264231633828 0.02739052315863333 0
      vertex 220.69586550480034 0.04865965629214841 -6.1
      vertex 220.69586550480034 0.04865965629214841 0
    endloop
  endfacet
  facet normal 0.12186934340522726 0.9925461516413122 0
    outer loop
      vertex 220.52264231633828 169.97260947684137 -6.1
      vertex 220.52264231633828 169.97260947684137 0
      vertex 220.69586550480034 169.95134034370784 0
    endloop
  endfacet
  facet normal 0.12186934340522726 0.9925461516413122 0
    outer loop
      vertex 220.52264231633828 169.97260947684137 -6.1
      vertex 220.69586550480034 169.95134034370784 0
      vertex 220.69586550480034 169.95134034370784 -6.1
    endloop
  endfacet
  facet normal 0 0 1
    outer loop
      vertex 220.52264231633828 169.97260947684137 0
      vertex 225 160 0
      vertex 220.69586550480034 169.95134034370784 0
    endloop
  endfacet
  facet normal -0.9961946980917479 0.08715574274763258 0
    outer loop
      vertex 220.57569240481953 5.722162915732912 -3.6000000000000014
      vertex 220.57569240481953 5.722162915732912 0
      vertex 220.6 6 -3.6000000000000014
    endloop
  endfacet
  facet normal 0 0 -1
    outer loop
      vertex 220.57569240481953 5.722162915732912 -3.6000000000000014
      vertex 220.6 6 -3.6000000000000014
      vertex 222.005 6 -3.6000000000000014
    endloop
  endfacet
  facet normal -0.9961946980917479 0.08715574274763258 0
    outer loop
      vertex 220.57569240481953 5.722162915732912 0
      vertex 220.6 6 0
      vertex 220.6 6 -3.6000000000000014
    endloop
  endfacet
  facet normal 0 0 1
    outer loop
      vertex 220.57569240481953 5.722162915732912 0
      vertex 225 5 0
      vertex 220.6 6 0
    endloop
  endfacet
  facet normal -0.9961946980917479 -0.08715574274763258 0
    outer loop
      vertex 220.57569240481953 6.277837084267088 -3.6000000000000014
      vertex 220.6 6 -3.6000000000000014
      vertex 220.6 6 0
    endloop
  endfacet
  facet normal -0.9961946980917479 -0.08715574274763258 0
    outer loop
      vertex 220.57569240481953 6.277837084267088 -3.6000000000000014
      vertex 220.6 6 0
      vertex 220.57569240481953 6.277837084267088 0
    endloop
  endfacet
  facet normal 0 0 -1
    outer loop
      vertex 220.57569240481953 6.277837084267088 -3.6000000000000014
      vertex 222.005 6 -3.6000000000000014
      vertex 220.6 6 -3.6000000000000014
    endloop
  endfacet
  facet normal 0 0 1
    outer loop
      vertex 220.57569240481953 6.277837084267088 0
      vertex 220.6 6 0
      vertex 225 10 0
    endloop
  endfacet
  facet normal -0.9961946980917474 0.08715574274763616 0
    outer loop
      vertex 220.57569240481953 163.72216291573292 -3.6000000000000014
      vertex 220.57569240481953 163.72216291573292 0
      vertex 220.6 164 -3.6000000000000014
    endloop
  endfacet
  facet normal 0 0 -1
    outer loop
      vertex 220.57569240481953 163.72216291573292 -3.6000000000000014
      vertex 220.6 164 -3.6000000000000014
      vertex 222.005 164 -3.6000000000000014
    endloop
  endfacet
  facet normal -0.9961946980917474 0.08715574274763616 0
    outer loop
      vertex 220.57569240481953 163.72216291573292 0
      vertex 220.6 164 0
      vertex 220.6 164 -3.6000000000000014
    endloop
  endfacet
  facet normal 0 0 1
    outer loop
      vertex 220.57569240481953 163.72216291573292 0
      vertex 225 160 0
      vertex 220.6 164 0
    endloop
  endfacet
  facet normal -0.9961946980917474 -0.08715574274763616 0
    outer loop
      vertex 220.57569240481953 164.27783708426708 -3.6000000000000014
      vertex 220.6 164 -3.6000000000000014
      vertex 220.6 164 0
    endloop
  endfacet
  facet normal -0.9961946980917474 -0.08715574274763616 0
    outer loop
      vertex 220.57569240481953 164.27783708426708 -3.6000000000000014
      vertex 220.6 164 0
      vertex 220.57569240481953 164.27783708426708 0
    endloop
  endfacet
  facet normal 0 0 -1
    outer loop
      vertex 220.57569240481953 164.27783708426708 -3.6000000000000014
      vertex 222.005 164 -3.6000000000000014
      vertex 220.6 164 -3.6000000000000014
    endloop
  endfacet
  facet normal 0 0 1
    outer loop
      vertex 220.57569240481953 164.27783708426708 0
      vertex 220.6 164 0
      vertex 225 160 0
    endloop
  endfacet
  facet normal 0 0 1
    outer loop
      vertex 220.6 6 0
      vertex 225 5 0
      vertex 225 10 0
    endloop
  endfacet
  facet normal 0.156434465040254 -0.9876883405951341 0
    outer loop
      vertex 220.69586550480034 0.04865965629214841 -6.1
      vertex 220.86824088833464 0.07596123493896023 -6.1
      vertex 220.69586550480034 0.04865965629214841 0
    endloop
  endfacet
  facet normal 0 0 -1
    outer loop
      vertex 220.69586550480034 0.04865965629214841 -6.1
      vertex 222.005 6 -6.1
      vertex 220.86824088833464 0.07596123493896023 -6.1
    endloop
  endfacet
  facet normal 0.156434465040254 -0.9876883405951341 0
    outer loop
      vertex 220.69586550480034 0.04865965629214841 0
      vertex 220.86824088833464 0.07596123493896023 -6.1
      vertex 220.86824088833464 0.07596123493896023 0
    endloop
  endfacet
  facet normal 0.1564344650402639 0.9876883405951324 0
    outer loop
      vertex 220.69586550480034 169.95134034370784 -6.1
      vertex 220.69586550480034 169.95134034370784 0
      vertex 220.86824088833464 169.92403876506103 0
    endloop
  endfacet
  facet normal 0.1564344650402639 0.9876883405951324 0
    outer loop
      vertex 220.69586550480034 169.95134034370784 -6.1
      vertex 220.86824088833464 169.92403876506103 0
      vertex 220.86824088833464 169.92403876506103 -6.1
    endloop
  endfacet
  facet normal 0 0 1
    outer loop
      vertex 220.69586550480034 169.95134034370784 0
      vertex 225 160 0
      vertex 220.86824088833464 169.92403876506103 0
    endloop
  endfacet
  facet normal 0.1908089953765337 -0.981627183447666 0
    outer loop
      vertex 220.86824088833464 0.07596123493896023 -6.1
      vertex 221.0395584540888 0.10926199633097156 -6.1
      vertex 220.86824088833464 0.07596123493896023 0
    endloop
  endfacet
  facet normal 0 0 -1
    outer loop
      vertex 220.86824088833464 0.07596123493896023 -6.1
      vertex 222.005 6 -6.1
      vertex 221.0395584540888 0.10926199633097156 -6.1
    endloop
  endfacet
  facet normal 0.1908089953765337 -0.981627183447666 0
    outer loop
      vertex 220.86824088833464 0.07596123493896023 0
      vertex 221.0395584540888 0.10926199633097156 -6.1
      vertex 221.0395584540888 0.10926199633097156 0
    endloop
  endfacet
  facet normal 0.19080899537654358 0.9816271834476643 0
    outer loop
      vertex 220.86824088833464 169.92403876506103 -6.1
      vertex 220.86824088833464 169.92403876506103 0
      vertex 221.0395584540888 169.89073800366901 0
    endloop
  endfacet
  facet normal 0.19080899537654358 0.9816271834476643 0
    outer loop
      vertex 220.86824088833464 169.92403876506103 -6.1
      vertex 221.0395584540888 169.89073800366901 0
      vertex 221.0395584540888 169.89073800366901 -6.1
    endloop
  endfacet
  facet normal 0 0 1
    outer loop
      vertex 220.86824088833464 169.92403876506103 0
      vertex 225 160 0
      vertex 221.0395584540888 169.89073800366901 0
    endloop
  endfacet
  facet normal 0.22495105434387377 -0.9743700647852334 0
    outer loop
      vertex 221.0395584540888 0.10926199633097156 -6.1
      vertex 221.20960947799833 0.14852136862001775 -6.1
      vertex 221.0395584540888 0.10926199633097156 0
    endloop
  endfacet
  facet normal 0 0 -1
    outer loop
      vertex 221.0395584540888 0.10926199633097156 -6.1
      vertex 222.005 6 -6.1
      vertex 221.20960947799833 0.14852136862001775 -6.1
    endloop
  endfacet
  facet normal 0.22495105434387377 -0.9743700647852334 0
    outer loop
      vertex 221.0395584540888 0.10926199633097156 0
      vertex 221.20960947799833 0.14852136862001775 -6.1
      vertex 221.20960947799833 0.14852136862001775 0
    endloop
  endfacet
  facet normal 0.22495105434375298 0.9743700647852611 0
    outer loop
      vertex 221.0395584540888 169.89073800366901 -6.1
      vertex 221.0395584540888 169.89073800366901 0
      vertex 221.20960947799833 169.85147863138 0
    endloop
  endfacet
  facet normal 0.22495105434375298 0.9743700647852611 0
    outer loop
      vertex 221.0395584540888 169.89073800366901 -6.1
      vertex 221.20960947799833 169.85147863138 0
      vertex 221.20960947799833 169.85147863138 -6.1
    endloop
  endfacet
  facet normal 0 0 1
    outer loop
      vertex 221.0395584540888 169.89073800366901 0
      vertex 225 160 0
      vertex 221.20960947799833 169.85147863138 0
    endloop
  endfacet
  facet normal 0.2588190451025199 -0.9659258262890685 0
    outer loop
      vertex 221.20960947799833 0.14852136862001775 -6.1
      vertex 221.37818677908498 0.19369152030840553 -6.1
      vertex 221.20960947799833 0.14852136862001775 0
    endloop
  endfacet
  facet normal 0 0 -1
    outer loop
      vertex 221.20960947799833 0.14852136862001775 -6.1
      vertex 222.005 6 -6.1
      vertex 221.37818677908498 0.19369152030840553 -6.1
    endloop
  endfacet
  facet normal 0.2588190451025199 -0.9659258262890685 0
    outer loop
      vertex 221.20960947799833 0.14852136862001775 0
      vertex 221.37818677908498 0.19369152030840553 -6.1
      vertex 221.37818677908498 0.19369152030840553 0
    endloop
  endfacet
  facet normal 0.25881904510248666 0.9659258262890774 0
    outer loop
      vertex 221.20960947799833 169.85147863138 -6.1
      vertex 221.20960947799833 169.85147863138 0
      vertex 221.37818677908498 169.8063084796916 0
    endloop
  endfacet
  facet normal 0.25881904510248666 0.9659258262890774 0
    outer loop
      vertex 221.20960947799833 169.85147863138 -6.1
      vertex 221.37818677908498 169.8063084796916 0
      vertex 221.37818677908498 169.8063084796916 -6.1
    endloop
  endfacet
  facet normal 0 0 1
    outer loop
      vertex 221.20960947799833 169.85147863138 0
      vertex 225 160 0
      vertex 221.37818677908498 169.8063084796916 0
    endloop
  endfacet
  facet normal 0.29237170472273455 -0.9563047559630361 0
    outer loop
      vertex 221.37818677908498 0.19369152030840553 -6.1
      vertex 221.54508497187473 0.24471741852423268 -6.1
      vertex 221.37818677908498 0.19369152030840553 0
    endloop
  endfacet
  facet normal 0 0 -1
    outer loop
      vertex 221.37818677908498 0.19369152030840553 -6.1
      vertex 222.005 6 -6.1
      vertex 221.54508497187473 0.24471741852423268 -6.1
    endloop
  endfacet
  facet normal 0.29237170472273455 -0.9563047559630361 0
    outer loop
      vertex 221.37818677908498 0.19369152030840553 0
      vertex 221.54508497187473 0.24471741852423268 -6.1
      vertex 221.54508497187473 0.24471741852423268 0
    endloop
  endfacet
  facet normal 0.2923717047228043 0.9563047559630147 0
    outer loop
      vertex 221.37818677908498 169.8063084796916 -6.1
      vertex 221.37818677908498 169.8063084796916 0
      vertex 221.54508497187473 169.75528258147577 0
    endloop
  endfacet
  facet normal 0.2923717047228043 0.9563047559630147 0
    outer loop
      vertex 221.37818677908498 169.8063084796916 -6.1
      vertex 221.54508497187473 169.75528258147577 0
      vertex 221.54508497187473 169.75528258147577 -6.1
    endloop
  endfacet
  facet normal 0 0 1
    outer loop
      vertex 221.37818677908498 169.8063084796916 0
      vertex 225 160 0
      vertex 221.54508497187473 169.75528258147577 0
    endloop
  endfacet
  facet normal 0.3255681544571315 -0.9455185755993255 0
    outer loop
      vertex 221.54508497187473 0.24471741852423268 -6.1
      vertex 221.71010071662835 0.3015368960704574 -6.1
      vertex 221.54508497187473 0.24471741852423268 0
    endloop
  endfacet
  facet normal 0 0 -1
    outer loop
      vertex 221.54508497187473 0.24471741852423268 -6.1
      vertex 222.005 6 -6.1
      vertex 221.71010071662835 0.3015368960704574 -6.1
    endloop
  endfacet
  facet normal 0.3255681544571315 -0.9455185755993255 0
    outer loop
      vertex 221.54508497187473 0.24471741852423268 0
      vertex 221.71010071662835 0.3015368960704574 -6.1
      vertex 221.71010071662835 0.3015368960704574 0
    endloop
  endfacet
  facet normal 0.3255681544570723 0.9455185755993458 0
    outer loop
      vertex 221.54508497187473 169.75528258147577 -6.1
      vertex 221.54508497187473 169.75528258147577 0
      vertex 221.71010071662835 169.69846310392956 0
    endloop
  endfacet
  facet normal 0.3255681544570723 0.9455185755993458 0
    outer loop
      vertex 221.54508497187473 169.75528258147577 -6.1
      vertex 221.71010071662835 169.69846310392956 0
      vertex 221.71010071662835 169.69846310392956 -6.1
    endloop
  endfacet
  facet normal 0 0 1
    outer loop
      vertex 221.54508497187473 169.75528258147577 0
      vertex 225 160 0
      vertex 221.71010071662835 169.69846310392956 0
    endloop
  endfacet
  facet normal 0.35836794954532303 -0.9335804264971931 0
    outer loop
      vertex 221.71010071662835 0.3015368960704574 -6.1
      vertex 221.87303296707955 0.3640807271660629 -6.1
      vertex 221.71010071662835 0.3015368960704574 0
    endloop
  endfacet
  facet normal 0 0 -1
    outer loop
      vertex 221.71010071662835 0.3015368960704574 -6.1
      vertex 222.005 6 -6.1
      vertex 221.87303296707955 0.3640807271660629 -6.1
    endloop
  endfacet
  facet normal 0.35836794954532303 -0.9335804264971931 0
    outer loop
      vertex 221.71010071662835 0.3015368960704574 0
      vertex 221.87303296707955 0.3640807271660629 -6.1
      vertex 221.87303296707955 0.3640807271660629 0
    endloop
  endfacet
  facet normal 0.3583679495453452 0.9335804264971845 0
    outer loop
      vertex 221.71010071662835 169.69846310392956 -6.1
      vertex 221.71010071662835 169.69846310392956 0
      vertex 221.87303296707955 169.63591927283395 0
    endloop
  endfacet
  facet normal 0.3583679495453452 0.9335804264971845 0
    outer loop
      vertex 221.71010071662835 169.69846310392956 -6.1
      vertex 221.87303296707955 169.63591927283395 0
      vertex 221.87303296707955 169.63591927283395 -6.1
    endloop
  endfacet
  facet normal 0 0 1
    outer loop
      vertex 221.71010071662835 169.69846310392956 0
      vertex 225 160 0
      vertex 221.87303296707955 169.63591927283395 0
    endloop
  endfacet
  facet normal 0 0 -1
    outer loop
      vertex 221.87303296707955 0.3640807271660629 -6.1
      vertex 222.005 6 -6.1
      vertex 222.033683215379 0.4322727117869958 -6.1
    endloop
  endfacet
  facet normal 0.3907311284892625 -0.920504853452445 0
    outer loop
      vertex 221.87303296707955 0.3640807271660629 -6.1
      vertex 222.033683215379 0.4322727117869958 -6.1
      vertex 221.87303296707955 0.3640807271660629 0
    endloop
  endfacet
  facet normal 0.3907311284892625 -0.920504853452445 0
    outer loop
      vertex 221.87303296707955 0.3640807271660629 0
      vertex 222.033683215379 0.4322727117869958 -6.1
      vertex 222.033683215379 0.4322727117869958 0
    endloop
  endfacet
  facet normal 0.39073112848928837 0.920504853452434 0
    outer loop
      vertex 221.87303296707955 169.63591927283395 -6.1
      vertex 221.87303296707955 169.63591927283395 0
      vertex 222.033683215379 169.567727288213 0
    endloop
  endfacet
  facet normal 0.39073112848928837 0.920504853452434 0
    outer loop
      vertex 221.87303296707955 169.63591927283395 -6.1
      vertex 222.033683215379 169.567727288213 0
      vertex 222.033683215379 169.567727288213 -6.1
    endloop
  endfacet
  facet normal 0 0 1
    outer loop
      vertex 221.87303296707955 169.63591927283395 0
      vertex 225 160 0
      vertex 222.033683215379 169.567727288213 0
    endloop
  endfacet
  facet normal 0 0 -1
    outer loop
      vertex 222.005 6 -6.1
      vertex 222.005 164 -6.1
      vertex 222.033683215379 0.4322727117869958 -6.1
    endloop
  endfacet
  facet normal 0 0 -1
    outer loop
      vertex 222.005 164 -6.1
      vertex 222.033683215379 169.567727288213 -6.1
      vertex 222.033683215379 0.4322727117869958 -6.1
    endloop
  endfacet
  facet normal 0 0 -1
    outer loop
      vertex 222.033683215379 0.4322727117869958 -6.1
      vertex 222.033683215379 169.567727288213 -6.1
      vertex 222.19185573394537 0.506029768504165 -6.1
    endloop
  endfacet
  facet normal 0.42261826174072414 -0.9063077870366385 0
    outer loop
      vertex 222.033683215379 0.4322727117869958 -6.1
      vertex 222.19185573394537 0.506029768504165 -6.1
      vertex 222.033683215379 0.4322727117869958 0
    endloop
  endfacet
  facet normal 0.42261826174072414 -0.9063077870366385 0
    outer loop
      vertex 222.033683215379 0.4322727117869958 0
      vertex 222.19185573394537 0.506029768504165 -6.1
      vertex 222.19185573394537 0.506029768504165 0
    endloop
  endfacet
  facet normal 0.4226182617407282 0.9063077870366365 0
    outer loop
      vertex 222.033683215379 169.567727288213 -6.1
      vertex 222.033683215379 169.567727288213 0
      vertex 222.19185573394537 169.49397023149584 0
    endloop
  endfacet
  facet normal 0 0 -1
    outer loop
      vertex 222.033683215379 169.567727288213 -6.1
      vertex 222.19185573394537 169.49397023149584 -6.1
      vertex 222.19185573394537 0.506029768504165 -6.1
    endloop
  endfacet
  facet normal 0.4226182617407282 0.9063077870366365 0
    outer loop
      vertex 222.033683215379 169.567727288213 -6.1
      vertex 222.19185573394537 169.49397023149584 0
      vertex 222.19185573394537 169.49397023149584 -6.1
    endloop
  endfacet
  facet normal 0 0 1
    outer loop
      vertex 222.033683215379 169.567727288213 0
      vertex 225 160 0
      vertex 222.19185573394537 169.49397023149584 0
    endloop
  endfacet
  facet normal 0 0 -1
    outer loop
      vertex 222.19185573394537 0.506029768504165 -6.1
      vertex 222.19185573394537 169.49397023149584 -6.1
      vertex 222.34735781392945 0.5852620357053651 -6.1
    endloop
  endfacet
  facet normal 0.4539904997395274 -0.8910065241883778 0
    outer loop
      vertex 222.19185573394537 0.506029768504165 -6.1
      vertex 222.34735781392945 0.5852620357053651 -6.1
      vertex 222.19185573394537 0.506029768504165 0
    endloop
  endfacet
  facet normal 0.4539904997395274 -0.8910065241883778 0
    outer loop
      vertex 222.19185573394537 0.506029768504165 0
      vertex 222.34735781392945 0.5852620357053651 -6.1
      vertex 222.34735781392945 0.5852620357053651 0
    endloop
  endfacet
  facet normal 0.4539904997395556 0.8910065241883633 0
    outer loop
      vertex 222.19185573394537 169.49397023149584 -6.1
      vertex 222.19185573394537 169.49397023149584 0
      vertex 222.34735781392945 169.41473796429463 0
    endloop
  endfacet
  facet normal 0 0 -1
    outer loop
      vertex 222.19185573394537 169.49397023149584 -6.1
      vertex 222.34735781392945 169.41473796429463 -6.1
      vertex 222.34735781392945 0.5852620357053651 -6.1
    endloop
  endfacet
  facet normal 0.4539904997395556 0.8910065241883633 0
    outer loop
      vertex 222.19185573394537 169.49397023149584 -6.1
      vertex 222.34735781392945 169.41473796429463 0
      vertex 222.34735781392945 169.41473796429463 -6.1
    endloop
  endfacet
  facet normal 0 0 1
    outer loop
      vertex 222.19185573394537 169.49397023149584 0
      vertex 225 160 0
      vertex 222.34735781392945 169.41473796429463 0
    endloop
  endfacet
  facet normal 0 0 -1
    outer loop
      vertex 222.34735781392945 0.5852620357053651 -6.1
      vertex 222.34735781392945 169.41473796429463 -6.1
      vertex 222.5 0.6698729810778072 -6.1
    endloop
  endfacet
  facet normal 0.4848096202463279 -0.8746197071394007 0
    outer loop
      vertex 222.34735781392945 0.5852620357053651 -6.1
      vertex 222.5 0.6698729810778072 -6.1
      vertex 222.34735781392945 0.5852620357053651 0
    endloop
  endfacet
  facet normal 0.4848096202463279 -0.8746197071394007 0
    outer loop
      vertex 222.34735781392945 0.5852620357053651 0
      vertex 222.5 0.6698729810778072 -6.1
      vertex 222.5 0.6698729810778072 0
    endloop
  endfacet
  facet normal 0.4848096202463474 0.87461970713939 0
    outer loop
      vertex 222.34735781392945 169.41473796429463 -6.1
      vertex 222.34735781392945 169.41473796429463 0
      vertex 222.5 169.33012701892218 0
    endloop
  endfacet
  facet normal 0 0 -1
    outer loop
      vertex 222.34735781392945 169.41473796429463 -6.1
      vertex 222.5 169.33012701892218 -6.1
      vertex 222.5 0.6698729810778072 -6.1
    endloop
  endfacet
  facet normal 0.4848096202463474 0.87461970713939 0
    outer loop
      vertex 222.34735781392945 169.41473796429463 -6.1
      vertex 222.5 169.33012701892218 0
      vertex 222.5 169.33012701892218 -6.1
    endloop
  endfacet
  facet normal 0 0 1
    outer loop
      vertex 222.34735781392945 169.41473796429463 0
      vertex 225 160 0
      vertex 222.5 169.33012701892218 0
    endloop
  endfacet
  facet normal 0 0 -1
    outer loop
      vertex 222.5 0.6698729810778072 -6.1
      vertex 222.5 169.33012701892218 -6.1
      vertex 222.64959632116603 0.7597595192178703 -6.1
    endloop
  endfacet
  facet normal 0.5150380749100407 -0.8571673007021204 0
    outer loop
      vertex 222.5 0.6698729810778072 -6.1
      vertex 222.64959632116603 0.7597595192178703 -6.1
      vertex 222.5 0.6698729810778072 0
    endloop
  endfacet
  facet normal 0.5150380749100407 -0.8571673007021204 0
    outer loop
      vertex 222.5 0.6698729810778072 0
      vertex 222.64959632116603 0.7597595192178703 -6.1
      vertex 222.64959632116603 0.7597595192178703 0
    endloop
  endfacet
  facet normal 0.5150380749100445 0.8571673007021181 0
    outer loop
      vertex 222.5 169.33012701892218 -6.1
      vertex 222.5 169.33012701892218 0
      vertex 222.64959632116603 169.24024048078212 0
    endloop
  endfacet
  facet normal 0 0 -1
    outer loop
      vertex 222.5 169.33012701892218 -6.1
      vertex 222.64959632116603 169.24024048078212 -6.1
      vertex 222.64959632116603 0.7597595192178703 -6.1
    endloop
  endfacet
  facet normal 0.5150380749100445 0.8571673007021181 0
    outer loop
      vertex 222.5 169.33012701892218 -6.1
      vertex 222.64959632116603 169.24024048078212 0
      vertex 222.64959632116603 169.24024048078212 -6.1
    endloop
  endfacet
  facet normal 0 0 1
    outer loop
      vertex 222.5 169.33012701892218 0
      vertex 225 160 0
      vertex 222.64959632116603 169.24024048078212 0
    endloop
  endfacet
  facet normal 0 0 -1
    outer loop
      vertex 222.64959632116603 0.7597595192178703 -6.1
      vertex 222.64959632116603 169.24024048078212 -6.1
      vertex 222.79596451735372 0.8548121372247923 -6.1
    endloop
  endfacet
  facet normal 0.5446390350150687 -0.8386705679453968 0
    outer loop
      vertex 222.64959632116603 0.7597595192178703 -6.1
      vertex 222.79596451735372 0.8548121372247923 -6.1
      vertex 222.64959632116603 0.7597595192178703 0
    endloop
  endfacet
  facet normal 0.5446390350150687 -0.8386705679453968 0
    outer loop
      vertex 222.64959632116603 0.7597595192178703 0
      vertex 222.79596451735372 0.8548121372247923 -6.1
      vertex 222.79596451735372 0.8548121372247923 0
    endloop
  endfacet
  facet normal 0.5446390350150508 0.8386705679454086 0
    outer loop
      vertex 222.64959632116603 169.24024048078212 -6.1
      vertex 222.64959632116603 169.24024048078212 0
      vertex 222.79596451735372 169.1451878627752 0
    endloop
  endfacet
  facet normal 0 0 -1
    outer loop
      vertex 222.64959632116603 169.24024048078212 -6.1
      vertex 222.79596451735372 169.1451878627752 -6.1
      vertex 222.79596451735372 0.8548121372247923 -6.1
    endloop
  endfacet
  facet normal 0.5446390350150508 0.8386705679454086 0
    outer loop
      vertex 222.64959632116603 169.24024048078212 -6.1
      vertex 222.79596451735372 169.1451878627752 0
      vertex 222.79596451735372 169.1451878627752 -6.1
    endloop
  endfacet
  facet normal 0 0 1
    outer loop
      vertex 222.64959632116603 169.24024048078212 0
      vertex 225 160 0
      vertex 222.79596451735372 169.1451878627752 0
    endloop
  endfacet
  facet normal 0 0 -1
    outer loop
      vertex 222.79596451735372 0.8548121372247923 -6.1
      vertex 222.79596451735372 169.1451878627752 -6.1
      vertex 222.93892626146237 0.9549150281252627 -6.1
    endloop
  endfacet
  facet normal 0.5735764363510025 -0.8191520442890223 0
    outer loop
      vertex 222.79596451735372 0.8548121372247923 -6.1
      vertex 222.93892626146237 0.9549150281252627 -6.1
      vertex 222.79596451735372 0.8548121372247923 0
    endloop
  endfacet
  facet normal 0.5735764363510025 -0.8191520442890223 0
    outer loop
      vertex 222.79596451735372 0.8548121372247923 0
      vertex 222.93892626146237 0.9549150281252627 -6.1
      vertex 222.93892626146237 0.9549150281252627 0
    endloop
  endfacet
  facet normal 0.5735764363510127 0.8191520442890151 0
    outer loop
      vertex 222.79596451735372 169.1451878627752 -6.1
      vertex 222.79596451735372 169.1451878627752 0
      vertex 222.93892626146237 169.04508497187473 0
    endloop
  endfacet
  facet normal 0 0 -1
    outer loop
      vertex 222.79596451735372 169.1451878627752 -6.1
      vertex 222.93892626146237 169.04508497187473 -6.1
      vertex 222.93892626146237 0.9549150281252627 -6.1
    endloop
  endfacet
  facet normal 0.5735764363510127 0.8191520442890151 0
    outer loop
      vertex 222.79596451735372 169.1451878627752 -6.1
      vertex 222.93892626146237 169.04508497187473 0
      vertex 222.93892626146237 169.04508497187473 -6.1
    endloop
  endfacet
  facet normal 0 0 1
    outer loop
      vertex 222.79596451735372 169.1451878627752 0
      vertex 225 160 0
      vertex 222.93892626146237 169.04508497187473 0
    endloop
  endfacet
  facet normal 0 0 -1
    outer loop
      vertex 222.93892626146237 0.9549150281252627 -6.1
      vertex 222.93892626146237 169.04508497187473 -6.1
      vertex 223.0783073766283 1.0599462319663906 -6.1
    endloop
  endfacet
  facet normal 0.6018150231520719 -0.7986355100472752 0
    outer loop
      vertex 222.93892626146237 0.9549150281252627 -6.1
      vertex 223.0783073766283 1.0599462319663906 -6.1
      vertex 222.93892626146237 0.9549150281252627 0
    endloop
  endfacet
  facet normal 0.6018150231520719 -0.7986355100472752 0
    outer loop
      vertex 222.93892626146237 0.9549150281252627 0
      vertex 223.0783073766283 1.0599462319663906 -6.1
      vertex 223.0783073766283 1.0599462319663906 0
    endloop
  endfacet
  facet normal 0.6018150231520507 0.798635510047291 0
    outer loop
      vertex 222.93892626146237 169.04508497187473 -6.1
      vertex 222.93892626146237 169.04508497187473 0
      vertex 223.0783073766283 168.9400537680336 0
    endloop
  endfacet
  facet normal 0 0 -1
    outer loop
      vertex 222.93892626146237 169.04508497187473 -6.1
      vertex 223.0783073766283 168.9400537680336 -6.1
      vertex 223.0783073766283 1.0599462319663906 -6.1
    endloop
  endfacet
  facet normal 0.6018150231520507 0.798635510047291 0
    outer loop
      vertex 222.93892626146237 169.04508497187473 -6.1
      vertex 223.0783073766283 168.9400537680336 0
      vertex 223.0783073766283 168.9400537680336 -6.1
    endloop
  endfacet
  facet normal 0 0 1
    outer loop
      vertex 222.93892626146237 169.04508497187473 0
      vertex 225 160 0
      vertex 223.0783073766283 168.9400537680336 0
    endloop
  endfacet
  facet normal 0 0 -1
    outer loop
      vertex 223.0783073766283 1.0599462319663906 -6.1
      vertex 223.0783073766283 168.9400537680336 -6.1
      vertex 223.2139380484327 1.16977778440511 -6.1
    endloop
  endfacet
  facet normal 0.629320391049793 -0.7771459614570068 0
    outer loop
      vertex 223.0783073766283 1.0599462319663906 -6.1
      vertex 223.2139380484327 1.16977778440511 -6.1
      vertex 223.0783073766283 1.0599462319663906 0
    endloop
  endfacet
  facet normal 0.629320391049793 -0.7771459614570068 0
    outer loop
      vertex 223.0783073766283 1.0599462319663906 0
      vertex 223.2139380484327 1.16977778440511 -6.1
      vertex 223.2139380484327 1.16977778440511 0
    endloop
  endfacet
  facet normal 0.629320391049796 0.7771459614570044 0
    outer loop
      vertex 223.0783073766283 168.9400537680336 -6.1
      vertex 223.0783073766283 168.9400537680336 0
      vertex 223.2139380484327 168.8302222155949 0
    endloop
  endfacet
  facet normal 0 0 -1
    outer loop
      vertex 223.0783073766283 168.9400537680336 -6.1
      vertex 223.2139380484327 168.8302222155949 -6.1
      vertex 223.2139380484327 1.16977778440511 -6.1
    endloop
  endfacet
  facet normal 0.629320391049796 0.7771459614570044 0
    outer loop
      vertex 223.0783073766283 168.9400537680336 -6.1
      vertex 223.2139380484327 168.8302222155949 0
      vertex 223.2139380484327 168.8302222155949 -6.1
    endloop
  endfacet
  facet normal 0 0 1
    outer loop
      vertex 223.0783073766283 168.9400537680336 0
      vertex 225 160 0
      vertex 223.2139380484327 168.8302222155949 0
    endloop
  endfacet
  facet normal 0 0 -1
    outer loop
      vertex 223.2139380484327 1.16977778440511 -6.1
      vertex 223.2139380484327 168.8302222155949 -6.1
      vertex 223.34565303179428 1.284275872613029 -6.1
    endloop
  endfacet
  facet normal 0.6560590289905599 -0.7547095802227262 0
    outer loop
      vertex 223.2139380484327 1.16977778440511 -6.1
      vertex 223.34565303179428 1.284275872613029 -6.1
      vertex 223.2139380484327 1.16977778440511 0
    endloop
  endfacet
  facet normal 0.6560590289905599 -0.7547095802227262 0
    outer loop
      vertex 223.2139380484327 1.16977778440511 0
      vertex 223.34565303179428 1.284275872613029 -6.1
      vertex 223.34565303179428 1.284275872613029 0
    endloop
  endfacet
  facet normal 0.6560590289905295 0.7547095802227527 0
    outer loop
      vertex 223.2139380484327 168.8302222155949 -6.1
      vertex 223.2139380484327 168.8302222155949 0
      vertex 223.34565303179428 168.71572412738698 0
    endloop
  endfacet
  facet normal 0 0 -1
    outer loop
      vertex 223.2139380484327 168.8302222155949 -6.1
      vertex 223.34565303179428 168.71572412738698 -6.1
      vertex 223.34565303179428 1.284275872613029 -6.1
    endloop
  endfacet
  facet normal 0.6560590289905295 0.7547095802227527 0
    outer loop
      vertex 223.2139380484327 168.8302222155949 -6.1
      vertex 223.34565303179428 168.71572412738698 0
      vertex 223.34565303179428 168.71572412738698 -6.1
    endloop
  endfacet
  facet normal 0 0 1
    outer loop
      vertex 223.2139380484327 168.8302222155949 0
      vertex 225 160 0
      vertex 223.34565303179428 168.71572412738698 0
    endloop
  endfacet
  facet normal 0 0 -1
    outer loop
      vertex 223.34565303179428 1.284275872613029 -6.1
      vertex 223.34565303179428 168.71572412738698 -6.1
      vertex 223.47329185229498 1.4033009983067442 -6.1
    endloop
  endfacet
  facet normal 0.6819983600625059 -0.7313537016191636 0
    outer loop
      vertex 223.34565303179428 1.284275872613029 -6.1
      vertex 223.47329185229498 1.4033009983067442 -6.1
      vertex 223.34565303179428 1.284275872613029 0
    endloop
  endfacet
  facet normal 0.6819983600625059 -0.7313537016191636 0
    outer loop
      vertex 223.34565303179428 1.284275872613029 0
      vertex 223.47329185229498 1.4033009983067442 -6.1
      vertex 223.47329185229498 1.4033009983067442 0
    endloop
  endfacet
  facet normal 0.6819983600625344 0.7313537016191369 0
    outer loop
      vertex 223.34565303179428 168.71572412738698 -6.1
      vertex 223.34565303179428 168.71572412738698 0
      vertex 223.47329185229498 168.59669900169325 0
    endloop
  endfacet
  facet normal 0 0 -1
    outer loop
      vertex 223.34565303179428 168.71572412738698 -6.1
      vertex 223.47329185229498 168.59669900169325 -6.1
      vertex 223.47329185229498 1.4033009983067442 -6.1
    endloop
  endfacet
  facet normal 0.6819983600625344 0.7313537016191369 0
    outer loop
      vertex 223.34565303179428 168.71572412738698 -6.1
      vertex 223.47329185229498 168.59669900169325 0
      vertex 223.47329185229498 168.59669900169325 -6.1
    endloop
  endfacet
  facet normal 0 0 1
    outer loop
      vertex 223.34565303179428 168.71572412738698 0
      vertex 225 160 0
      vertex 223.47329185229498 168.59669900169325 0
    endloop
  endfacet
  facet normal 0 0 -1
    outer loop
      vertex 223.47329185229498 1.4033009983067442 -6.1
      vertex 223.47329185229498 168.59669900169325 -6.1
      vertex 223.59669900169325 1.5267081477050137 -6.1
    endloop
  endfacet
  facet normal 0.707106781186531 -0.707106781186564 0
    outer loop
      vertex 223.47329185229498 1.4033009983067442 -6.1
      vertex 223.59669900169325 1.5267081477050137 -6.1
      vertex 223.47329185229498 1.4033009983067442 0
    endloop
  endfacet
  facet normal 0.707106781186531 -0.707106781186564 0
    outer loop
      vertex 223.47329185229498 1.4033009983067442 0
      vertex 223.59669900169325 1.5267081477050137 -6.1
      vertex 223.59669900169325 1.5267081477050137 0
    endloop
  endfacet
  facet normal 0.7071067811865476 0.7071067811865476 0
    outer loop
      vertex 223.47329185229498 168.59669900169325 -6.1
      vertex 223.47329185229498 168.59669900169325 0
      vertex 223.59669900169325 168.47329185229498 0
    endloop
  endfacet
  facet normal 0 0 -1
    outer loop
      vertex 223.47329185229498 168.59669900169325 -6.1
      vertex 223.59669900169325 168.47329185229498 -6.1
      vertex 223.59669900169325 1.5267081477050137 -6.1
    endloop
  endfacet
  facet normal 0.7071067811865476 0.7071067811865476 0
    outer loop
      vertex 223.47329185229498 168.59669900169325 -6.1
      vertex 223.59669900169325 168.47329185229498 0
      vertex 223.59669900169325 168.47329185229498 -6.1
    endloop
  endfacet
  facet normal 0 0 1
    outer loop
      vertex 223.47329185229498 168.59669900169325 0
      vertex 225 160 0
      vertex 223.59669900169325 168.47329185229498 0
    endloop
  endfacet
  facet normal 0 0 -1
    outer loop
      vertex 223.59669900169325 1.5267081477050137 -6.1
      vertex 223.59669900169325 168.47329185229498 -6.1
      vertex 223.71572412738698 1.6543469682057088 -6.1
    endloop
  endfacet
  facet normal 0.731353701619144 -0.6819983600625268 0
    outer loop
      vertex 223.59669900169325 1.5267081477050137 -6.1
      vertex 223.71572412738698 1.6543469682057088 -6.1
      vertex 223.59669900169325 1.5267081477050137 0
    endloop
  endfacet
  facet normal 0.731353701619144 -0.6819983600625268 0
    outer loop
      vertex 223.59669900169325 1.5267081477050137 0
      vertex 223.71572412738698 1.6543469682057088 -6.1
      vertex 223.71572412738698 1.6543469682057088 0
    endloop
  endfacet
  facet normal 0.7313537016191369 0.6819983600625344 0
    outer loop
      vertex 223.59669900169325 168.47329185229498 -6.1
      vertex 223.59669900169325 168.47329185229498 0
      vertex 223.71572412738698 168.34565303179428 0
    endloop
  endfacet
  facet normal 0 0 -1
    outer loop
      vertex 223.59669900169325 168.47329185229498 -6.1
      vertex 223.71572412738698 168.34565303179428 -6.1
      vertex 223.71572412738698 1.6543469682057088 -6.1
    endloop
  endfacet
  facet normal 0.7313537016191369 0.6819983600625344 0
    outer loop
      vertex 223.59669900169325 168.47329185229498 -6.1
      vertex 223.71572412738698 168.34565303179428 0
      vertex 223.71572412738698 168.34565303179428 -6.1
    endloop
  endfacet
  facet normal 0 0 1
    outer loop
      vertex 223.59669900169325 168.47329185229498 0
      vertex 225 160 0
      vertex 223.71572412738698 168.34565303179428 0
    endloop
  endfacet
  facet normal 0 0 -1
    outer loop
      vertex 223.71572412738698 1.6543469682057088 -6.1
      vertex 223.71572412738698 168.34565303179428 -6.1
      vertex 223.8302222155949 1.7860619515673037 -6.1
    endloop
  endfacet
  facet normal 0.7547095802227999 -0.6560590289904753 0
    outer loop
      vertex 223.71572412738698 1.6543469682057088 -6.1
      vertex 223.8302222155949 1.7860619515673037 -6.1
      vertex 223.71572412738698 1.6543469682057088 0
    endloop
  endfacet
  facet normal 0.7547095802227999 -0.6560590289904753 0
    outer loop
      vertex 223.71572412738698 1.6543469682057088 0
      vertex 223.8302222155949 1.7860619515673037 -6.1
      vertex 223.8302222155949 1.7860619515673037 0
    endloop
  endfacet
  facet normal 0.7547095802227527 0.6560590289905295 0
    outer loop
      vertex 223.71572412738698 168.34565303179428 -6.1
      vertex 223.71572412738698 168.34565303179428 0
      vertex 223.8302222155949 168.2139380484327 0
    endloop
  endfacet
  facet normal 0 0 -1
    outer loop
      vertex 223.71572412738698 168.34565303179428 -6.1
      vertex 223.8302222155949 168.2139380484327 -6.1
      vertex 223.8302222155949 1.7860619515673037 -6.1
    endloop
  endfacet
  facet normal 0.7547095802227527 0.6560590289905295 0
    outer loop
      vertex 223.71572412738698 168.34565303179428 -6.1
      vertex 223.8302222155949 168.2139380484327 0
      vertex 223.8302222155949 168.2139380484327 -6.1
    endloop
  endfacet
  facet normal 0 0 1
    outer loop
      vertex 223.71572412738698 168.34565303179428 0
      vertex 225 160 0
      vertex 223.8302222155949 168.2139380484327 0
    endloop
  endfacet
  facet normal 0 0 -1
    outer loop
      vertex 223.8302222155949 1.7860619515673037 -6.1
      vertex 223.8302222155949 168.2139380484327 -6.1
      vertex 223.9400537680336 1.9216926233717087 -6.1
    endloop
  endfacet
  facet normal 0.7771459614569681 -0.6293203910498408 0
    outer loop
      vertex 223.8302222155949 1.7860619515673037 -6.1
      vertex 223.9400537680336 1.9216926233717087 -6.1
      vertex 223.8302222155949 1.7860619515673037 0
    endloop
  endfacet
  facet normal 0.7771459614569681 -0.6293203910498408 0
    outer loop
      vertex 223.8302222155949 1.7860619515673037 0
      vertex 223.9400537680336 1.9216926233717087 -6.1
      vertex 223.9400537680336 1.9216926233717087 0
    endloop
  endfacet
  facet normal 0.7771459614570044 0.629320391049796 0
    outer loop
      vertex 223.8302222155949 168.2139380484327 -6.1
      vertex 223.8302222155949 168.2139380484327 0
      vertex 223.9400537680336 168.0783073766283 0
    endloop
  endfacet
  facet normal 0 0 -1
    outer loop
      vertex 223.8302222155949 168.2139380484327 -6.1
      vertex 223.9400537680336 168.0783073766283 -6.1
      vertex 223.9400537680336 1.9216926233717087 -6.1
    endloop
  endfacet
  facet normal 0.7771459614570044 0.629320391049796 0
    outer loop
      vertex 223.8302222155949 168.2139380484327 -6.1
      vertex 223.9400537680336 168.0783073766283 0
      vertex 223.9400537680336 168.0783073766283 -6.1
    endloop
  endfacet
  facet normal 0 0 1
    outer loop
      vertex 223.8302222155949 168.2139380484327 0
      vertex 225 160 0
      vertex 223.9400537680336 168.0783073766283 0
    endloop
  endfacet
  facet normal 0 0 -1
    outer loop
      vertex 223.9400537680336 1.9216926233717087 -6.1
      vertex 223.9400537680336 168.0783073766283 -6.1
      vertex 224.04508497187473 2.061073738537634 -6.1
    endloop
  endfacet
  facet normal 0.7986355100473067 -0.60181502315203 0
    outer loop
      vertex 223.9400537680336 1.9216926233717087 -6.1
      vertex 224.04508497187473 2.061073738537634 -6.1
      vertex 223.9400537680336 1.9216926233717087 0
    endloop
  endfacet
  facet normal 0.7986355100473067 -0.60181502315203 0
    outer loop
      vertex 223.9400537680336 1.9216926233717087 0
      vertex 224.04508497187473 2.061073738537634 -6.1
      vertex 224.04508497187473 2.061073738537634 0
    endloop
  endfacet
  facet normal 0.798635510047291 0.6018150231520507 0
    outer loop
      vertex 223.9400537680336 168.0783073766283 -6.1
      vertex 223.9400537680336 168.0783073766283 0
      vertex 224.04508497187473 167.93892626146237 0
    endloop
  endfacet
  facet normal 0 0 -1
    outer loop
      vertex 223.9400537680336 168.0783073766283 -6.1
      vertex 224.04508497187473 167.93892626146237 -6.1
      vertex 224.04508497187473 2.061073738537634 -6.1
    endloop
  endfacet
  facet normal 0.798635510047291 0.6018150231520507 0
    outer loop
      vertex 223.9400537680336 168.0783073766283 -6.1
      vertex 224.04508497187473 167.93892626146237 0
      vertex 224.04508497187473 167.93892626146237 -6.1
    endloop
  endfacet
  facet normal 0 0 1
    outer loop
      vertex 223.9400537680336 168.0783073766283 0
      vertex 225 160 0
      vertex 224.04508497187473 167.93892626146237 0
    endloop
  endfacet
  facet normal 0 0 -1
    outer loop
      vertex 224.04508497187473 2.061073738537634 -6.1
      vertex 224.04508497187473 167.93892626146237 -6.1
      vertex 224.1451878627752 2.2040354826462654 -6.1
    endloop
  endfacet
  facet normal 0.8191520442889867 -0.5735764363510535 0
    outer loop
      vertex 224.04508497187473 2.061073738537634 -6.1
      vertex 224.1451878627752 2.2040354826462654 -6.1
      vertex 224.04508497187473 2.061073738537634 0
    endloop
  endfacet
  facet normal 0.8191520442889867 -0.5735764363510535 0
    outer loop
      vertex 224.04508497187473 2.061073738537634 0
      vertex 224.1451878627752 2.2040354826462654 -6.1
      vertex 224.1451878627752 2.2040354826462654 0
    endloop
  endfacet
  facet normal 0.8191520442890151 0.5735764363510127 0
    outer loop
      vertex 224.04508497187473 167.93892626146237 -6.1
      vertex 224.04508497187473 167.93892626146237 0
      vertex 224.1451878627752 167.79596451735372 0
    endloop
  endfacet
  facet normal 0 0 -1
    outer loop
      vertex 224.04508497187473 167.93892626146237 -6.1
      vertex 224.1451878627752 167.79596451735372 -6.1
      vertex 224.1451878627752 2.2040354826462654 -6.1
    endloop
  endfacet
  facet normal 0.8191520442890151 0.5735764363510127 0
    outer loop
      vertex 224.04508497187473 167.93892626146237 -6.1
      vertex 224.1451878627752 167.79596451735372 0
      vertex 224.1451878627752 167.79596451735372 -6.1
    endloop
  endfacet
  facet normal 0 0 1
    outer loop
      vertex 224.04508497187473 167.93892626146237 0
      vertex 225 160 0
      vertex 224.1451878627752 167.79596451735372 0
    endloop
  endfacet
  facet normal 0 0 -1
    outer loop
      vertex 224.1451878627752 2.2040354826462654 -6.1
      vertex 224.1451878627752 167.79596451735372 -6.1
      vertex 224.24024048078212 2.3504036788339757 -6.1
    endloop
  endfacet
  facet normal 0.8386705679454356 -0.544639035015009 0
    outer loop
      vertex 224.1451878627752 2.2040354826462654 -6.1
      vertex 224.24024048078212 2.3504036788339757 -6.1
      vertex 224.1451878627752 2.2040354826462654 0
    endloop
  endfacet
  facet normal 0.8386705679454356 -0.544639035015009 0
    outer loop
      vertex 224.1451878627752 2.2040354826462654 0
      vertex 224.24024048078212 2.3504036788339757 -6.1
      vertex 224.24024048078212 2.3504036788339757 0
    endloop
  endfacet
  facet normal 0.8386705679454086 0.5446390350150508 0
    outer loop
      vertex 224.1451878627752 167.79596451735372 -6.1
      vertex 224.1451878627752 167.79596451735372 0
      vertex 224.24024048078212 167.64959632116603 0
    endloop
  endfacet
  facet normal 0 0 -1
    outer loop
      vertex 224.1451878627752 167.79596451735372 -6.1
      vertex 224.24024048078212 167.64959632116603 -6.1
      vertex 224.24024048078212 2.3504036788339757 -6.1
    endloop
  endfacet
  facet normal 0.8386705679454086 0.5446390350150508 0
    outer loop
      vertex 224.1451878627752 167.79596451735372 -6.1
      vertex 224.24024048078212 167.64959632116603 0
      vertex 224.24024048078212 167.64959632116603 -6.1
    endloop
  endfacet
  facet normal 0 0 1
    outer loop
      vertex 224.1451878627752 167.79596451735372 0
      vertex 225 160 0
      vertex 224.24024048078212 167.64959632116603 0
    endloop
  endfacet
  facet normal 0 0 -1
    outer loop
      vertex 224.24024048078212 2.3504036788339757 -6.1
      vertex 224.24024048078212 167.64959632116603 -6.1
      vertex 224.33012701892218 2.5 -6.1
    endloop
  endfacet
  facet normal 0.8571673007021101 -0.515038074910058 0
    outer loop
      vertex 224.24024048078212 2.3504036788339757 -6.1
      vertex 224.33012701892218 2.5 -6.1
      vertex 224.24024048078212 2.3504036788339757 0
    endloop
  endfacet
  facet normal 0.8571673007021101 -0.515038074910058 0
    outer loop
      vertex 224.24024048078212 2.3504036788339757 0
      vertex 224.33012701892218 2.5 -6.1
      vertex 224.33012701892218 2.5 0
    endloop
  endfacet
  facet normal 0.8571673007021181 0.5150380749100445 0
    outer loop
      vertex 224.24024048078212 167.64959632116603 -6.1
      vertex 224.24024048078212 167.64959632116603 0
      vertex 224.33012701892218 167.5 0
    endloop
  endfacet
  facet normal 0 0 -1
    outer loop
      vertex 224.24024048078212 167.64959632116603 -6.1
      vertex 224.33012701892218 167.5 -6.1
      vertex 224.33012701892218 2.5 -6.1
    endloop
  endfacet
  facet normal 0.8571673007021181 0.5150380749100445 0
    outer loop
      vertex 224.24024048078212 167.64959632116603 -6.1
      vertex 224.33012701892218 167.5 0
      vertex 224.33012701892218 167.5 -6.1
    endloop
  endfacet
  facet normal 0 0 1
    outer loop
      vertex 224.24024048078212 167.64959632116603 0
      vertex 225 160 0
      vertex 224.33012701892218 167.5 0
    endloop
  endfacet
  facet normal 0 0 -1
    outer loop
      vertex 224.33012701892218 2.5 -6.1
      vertex 224.33012701892218 167.5 -6.1
      vertex 224.41473796429463 2.652642186070546 -6.1
    endloop
  endfacet
  facet normal 0.874619707139383 -0.48480962024636043 0
    outer loop
      vertex 224.33012701892218 2.5 -6.1
      vertex 224.41473796429463 2.652642186070546 -6.1
      vertex 224.33012701892218 2.5 0
    endloop
  endfacet
  facet normal 0.874619707139383 -0.48480962024636043 0
    outer loop
      vertex 224.33012701892218 2.5 0
      vertex 224.41473796429463 2.652642186070546 -6.1
      vertex 224.41473796429463 2.652642186070546 0
    endloop
  endfacet
  facet normal 0.87461970713939 0.4848096202463474 0
    outer loop
      vertex 224.33012701892218 167.5 -6.1
      vertex 224.33012701892218 167.5 0
      vertex 224.41473796429463 167.34735781392945 0
    endloop
  endfacet
  facet normal 0 0 -1
    outer loop
      vertex 224.33012701892218 167.5 -6.1
      vertex 224.41473796429463 167.34735781392945 -6.1
      vertex 224.41473796429463 2.652642186070546 -6.1
    endloop
  endfacet
  facet normal 0.87461970713939 0.4848096202463474 0
    outer loop
      vertex 224.33012701892218 167.5 -6.1
      vertex 224.41473796429463 167.34735781392945 0
      vertex 224.41473796429463 167.34735781392945 -6.1
    endloop
  endfacet
  facet normal 0 0 1
    outer loop
      vertex 224.33012701892218 167.5 0
      vertex 225 160 0
      vertex 224.41473796429463 167.34735781392945 0
    endloop
  endfacet
  facet normal 0 0 -1
    outer loop
      vertex 224.41473796429463 2.652642186070546 -6.1
      vertex 224.41473796429463 167.34735781392945 -6.1
      vertex 224.49397023149584 2.808144266054613 -6.1
    endloop
  endfacet
  facet normal 0.8910065241883544 -0.4539904997395731 0
    outer loop
      vertex 224.41473796429463 2.652642186070546 -6.1
      vertex 224.49397023149584 2.808144266054613 -6.1
      vertex 224.41473796429463 2.652642186070546 0
    endloop
  endfacet
  facet normal 0.8910065241883544 -0.4539904997395731 0
    outer loop
      vertex 224.41473796429463 2.652642186070546 0
      vertex 224.49397023149584 2.808144266054613 -6.1
      vertex 224.49397023149584 2.808144266054613 0
    endloop
  endfacet
  facet normal 0.8910065241883633 0.4539904997395556 0
    outer loop
      vertex 224.41473796429463 167.34735781392945 -6.1
      vertex 224.41473796429463 167.34735781392945 0
      vertex 224.49397023149584 167.19185573394537 0
    endloop
  endfacet
  facet normal 0 0 -1
    outer loop
      vertex 224.41473796429463 167.34735781392945 -6.1
      vertex 224.49397023149584 167.19185573394537 -6.1
      vertex 224.49397023149584 2.808144266054613 -6.1
    endloop
  endfacet
  facet normal 0.8910065241883633 0.4539904997395556 0
    outer loop
      vertex 224.41473796429463 167.34735781392945 -6.1
      vertex 224.49397023149584 167.19185573394537 0
      vertex 224.49397023149584 167.19185573394537 -6.1
    endloop
  endfacet
  facet normal 0 0 1
    outer loop
      vertex 224.41473796429463 167.34735781392945 0
      vertex 225 160 0
      vertex 224.49397023149584 167.19185573394537 0
    endloop
  endfacet
  facet normal 0 0 -1
    outer loop
      vertex 224.49397023149584 2.808144266054613 -6.1
      vertex 224.49397023149584 167.19185573394537 -6.1
      vertex 224.567727288213 2.966316784620999 -6.1
    endloop
  endfacet
  facet normal 0.9063077870366484 -0.42261826174070294 0
    outer loop
      vertex 224.49397023149584 2.808144266054613 -6.1
      vertex 224.567727288213 2.966316784620999 -6.1
      vertex 224.49397023149584 2.808144266054613 0
    endloop
  endfacet
  facet normal 0.9063077870366484 -0.42261826174070294 0
    outer loop
      vertex 224.49397023149584 2.808144266054613 0
      vertex 224.567727288213 2.966316784620999 -6.1
      vertex 224.567727288213 2.966316784620999 0
    endloop
  endfacet
  facet normal 0.9063077870366365 0.4226182617407282 0
    outer loop
      vertex 224.49397023149584 167.19185573394537 -6.1
      vertex 224.49397023149584 167.19185573394537 0
      vertex 224.567727288213 167.033683215379 0
    endloop
  endfacet
  facet normal 0 0 -1
    outer loop
      vertex 224.49397023149584 167.19185573394537 -6.1
      vertex 224.567727288213 167.033683215379 -6.1
      vertex 224.567727288213 2.966316784620999 -6.1
    endloop
  endfacet
  facet normal 0.9063077870366365 0.4226182617407282 0
    outer loop
      vertex 224.49397023149584 167.19185573394537 -6.1
      vertex 224.567727288213 167.033683215379 0
      vertex 224.567727288213 167.033683215379 -6.1
    endloop
  endfacet
  facet normal 0 0 1
    outer loop
      vertex 224.49397023149584 167.19185573394537 0
      vertex 225 160 0
      vertex 224.567727288213 167.033683215379 0
    endloop
  endfacet
  facet normal 0 0 -1
    outer loop
      vertex 224.567727288213 2.966316784620999 -6.1
      vertex 224.567727288213 167.033683215379 -6.1
      vertex 224.63591927283395 3.12696703292044 -6.1
    endloop
  endfacet
  facet normal 0.920504853452429 -0.39073112848930025 0
    outer loop
      vertex 224.567727288213 2.966316784620999 -6.1
      vertex 224.63591927283395 3.12696703292044 -6.1
      vertex 224.567727288213 2.966316784620999 0
    endloop
  endfacet
  facet normal 0.920504853452429 -0.39073112848930025 0
    outer loop
      vertex 224.567727288213 2.966316784620999 0
      vertex 224.63591927283395 3.12696703292044 -6.1
      vertex 224.63591927283395 3.12696703292044 0
    endloop
  endfacet
  facet normal 0.920504853452434 0.39073112848928837 0
    outer loop
      vertex 224.567727288213 167.033683215379 -6.1
      vertex 224.567727288213 167.033683215379 0
      vertex 224.63591927283395 166.87303296707955 0
    endloop
  endfacet
  facet normal 0 0 -1
    outer loop
      vertex 224.567727288213 167.033683215379 -6.1
      vertex 224.63591927283395 166.87303296707955 -6.1
      vertex 224.63591927283395 3.12696703292044 -6.1
    endloop
  endfacet
  facet normal 0.920504853452434 0.39073112848928837 0
    outer loop
      vertex 224.567727288213 167.033683215379 -6.1
      vertex 224.63591927283395 166.87303296707955 0
      vertex 224.63591927283395 166.87303296707955 -6.1
    endloop
  endfacet
  facet normal 0 0 1
    outer loop
      vertex 224.567727288213 167.033683215379 0
      vertex 225 160 0
      vertex 224.63591927283395 166.87303296707955 0
    endloop
  endfacet
  facet normal 0 0 -1
    outer loop
      vertex 224.63591927283395 3.12696703292044 -6.1
      vertex 224.63591927283395 166.87303296707955 -6.1
      vertex 224.69846310392956 3.2898992833716565 -6.1
    endloop
  endfacet
  facet normal 0.933580426497192 -0.3583679495453256 0
    outer loop
      vertex 224.63591927283395 3.12696703292044 -6.1
      vertex 224.69846310392956 3.2898992833716565 -6.1
      vertex 224.63591927283395 3.12696703292044 0
    endloop
  endfacet
  facet normal 0.933580426497192 -0.3583679495453256 0
    outer loop
      vertex 224.63591927283395 3.12696703292044 0
      vertex 224.69846310392956 3.2898992833716565 -6.1
      vertex 224.69846310392956 3.2898992833716565 0
    endloop
  endfacet
  facet normal 0.9335804264971845 0.3583679495453452 0
    outer loop
      vertex 224.63591927283395 166.87303296707955 -6.1
      vertex 224.63591927283395 166.87303296707955 0
      vertex 224.69846310392956 166.71010071662835 0
    endloop
  endfacet
  facet normal 0 0 -1
    outer loop
      vertex 224.63591927283395 166.87303296707955 -6.1
      vertex 224.69846310392956 166.71010071662835 -6.1
      vertex 224.69846310392956 3.2898992833716565 -6.1
    endloop
  endfacet
  facet normal 0.9335804264971845 0.3583679495453452 0
    outer loop
      vertex 224.63591927283395 166.87303296707955 -6.1
      vertex 224.69846310392956 166.71010071662835 0
      vertex 224.69846310392956 166.71010071662835 -6.1
    endloop
  endfacet
  facet normal 0 0 1
    outer loop
      vertex 224.63591927283395 166.87303296707955 0
      vertex 225 160 0
      vertex 224.69846310392956 166.71010071662835 0
    endloop
  endfacet
  facet normal 0 0 -1
    outer loop
      vertex 224.69846310392956 3.2898992833716565 -6.1
      vertex 224.69846310392956 166.71010071662835 -6.1
      vertex 224.75528258147577 3.4549150281252627 -6.1
    endloop
  endfacet
  facet normal 0.945518575599339 -0.32556815445709186 0
    outer loop
      vertex 224.69846310392956 3.2898992833716565 -6.1
      vertex 224.75528258147577 3.4549150281252627 -6.1
      vertex 224.69846310392956 3.2898992833716565 0
    endloop
  endfacet
  facet normal 0.945518575599339 -0.32556815445709186 0
    outer loop
      vertex 224.69846310392956 3.2898992833716565 0
      vertex 224.75528258147577 3.4549150281252627 -6.1
      vertex 224.75528258147577 3.4549150281252627 0
    endloop
  endfacet
  facet normal 0.9455185755993458 0.3255681544570723 0
    outer loop
      vertex 224.69846310392956 166.71010071662835 -6.1
      vertex 224.69846310392956 166.71010071662835 0
      vertex 224.75528258147577 166.54508497187473 0
    endloop
  endfacet
  facet normal 0 0 -1
    outer loop
      vertex 224.69846310392956 166.71010071662835 -6.1
      vertex 224.75528258147577 166.54508497187473 -6.1
      vertex 224.75528258147577 3.4549150281252627 -6.1
    endloop
  endfacet
  facet normal 0.9455185755993458 0.3255681544570723 0
    outer loop
      vertex 224.69846310392956 166.71010071662835 -6.1
      vertex 224.75528258147577 166.54508497187473 0
      vertex 224.75528258147577 166.54508497187473 -6.1
    endloop
  endfacet
  facet normal 0 0 1
    outer loop
      vertex 224.69846310392956 166.71010071662835 0
      vertex 225 160 0
      vertex 224.75528258147577 166.54508497187473 0
    endloop
  endfacet
  facet normal 0 0 -1
    outer loop
      vertex 224.75528258147577 3.4549150281252627 -6.1
      vertex 224.75528258147577 166.54508497187473 -6.1
      vertex 224.8063084796916 3.621813220915004 -6.1
    endloop
  endfacet
  facet normal 0.956304755963013 -0.29237170472281004 0
    outer loop
      vertex 224.75528258147577 3.4549150281252627 -6.1
      vertex 224.8063084796916 3.621813220915004 -6.1
      vertex 224.75528258147577 3.4549150281252627 0
    endloop
  endfacet
  facet normal 0.956304755963013 -0.29237170472281004 0
    outer loop
      vertex 224.75528258147577 3.4549150281252627 0
      vertex 224.8063084796916 3.621813220915004 -6.1
      vertex 224.8063084796916 3.621813220915004 0
    endloop
  endfacet
  facet normal 0.9563047559630147 0.2923717047228043 0
    outer loop
      vertex 224.75528258147577 166.54508497187473 -6.1
      vertex 224.75528258147577 166.54508497187473 0
      vertex 224.8063084796916 166.37818677908498 0
    endloop
  endfacet
  facet normal 0 0 -1
    outer loop
      vertex 224.75528258147577 166.54508497187473 -6.1
      vertex 224.8063084796916 166.37818677908498 -6.1
      vertex 224.8063084796916 3.621813220915004 -6.1
    endloop
  endfacet
  facet normal 0.9563047559630147 0.2923717047228043 0
    outer loop
      vertex 224.75528258147577 166.54508497187473 -6.1
      vertex 224.8063084796916 166.37818677908498 0
      vertex 224.8063084796916 166.37818677908498 -6.1
    endloop
  endfacet
  facet normal 0 0 1
    outer loop
      vertex 224.75528258147577 166.54508497187473 0
      vertex 225 160 0
      vertex 224.8063084796916 166.37818677908498 0
    endloop
  endfacet
  facet normal 0 0 -1
    outer loop
      vertex 224.8063084796916 3.621813220915004 -6.1
      vertex 224.8063084796916 166.37818677908498 -6.1
      vertex 224.85147863138 3.7903905220016614 -6.1
    endloop
  endfacet
  facet normal 0.9659258262890775 -0.258819045102486 0
    outer loop
      vertex 224.8063084796916 3.621813220915004 -6.1
      vertex 224.85147863138 3.7903905220016614 -6.1
      vertex 224.8063084796916 3.621813220915004 0
    endloop
  endfacet
  facet normal 0.9659258262890775 -0.258819045102486 0
    outer loop
      vertex 224.8063084796916 3.621813220915004 0
      vertex 224.85147863138 3.7903905220016614 -6.1
      vertex 224.85147863138 3.7903905220016614 0
    endloop
  endfacet
  facet normal 0.9659258262890774 0.25881904510248666 0
    outer loop
      vertex 224.8063084796916 166.37818677908498 -6.1
      vertex 224.8063084796916 166.37818677908498 0
      vertex 224.85147863138 166.20960947799833 0
    endloop
  endfacet
  facet normal 0 0 -1
    outer loop
      vertex 224.8063084796916 166.37818677908498 -6.1
      vertex 224.85147863138 166.20960947799833 -6.1
      vertex 224.85147863138 3.7903905220016614 -6.1
    endloop
  endfacet
  facet normal 0.9659258262890774 0.25881904510248666 0
    outer loop
      vertex 224.8063084796916 166.37818677908498 -6.1
      vertex 224.85147863138 166.20960947799833 0
      vertex 224.85147863138 166.20960947799833 -6.1
    endloop
  endfacet
  facet normal 0 0 1
    outer loop
      vertex 224.8063084796916 166.37818677908498 0
      vertex 225 160 0
      vertex 224.85147863138 166.20960947799833 0
    endloop
  endfacet
  facet normal 0 0 -1
    outer loop
      vertex 224.85147863138 3.7903905220016614 -6.1
      vertex 224.85147863138 166.20960947799833 -6.1
      vertex 224.89073800366901 3.9604415459112032 -6.1
    endloop
  endfacet
  facet normal 0.9743700647852626 -0.22495105434374627 0
    outer loop
      vertex 224.85147863138 3.7903905220016614 -6.1
      vertex 224.89073800366901 3.9604415459112032 -6.1
      vertex 224.85147863138 3.7903905220016614 0
    endloop
  endfacet
  facet normal 0.9743700647852626 -0.22495105434374627 0
    outer loop
      vertex 224.85147863138 3.7903905220016614 0
      vertex 224.89073800366901 3.9604415459112032 -6.1
      vertex 224.89073800366901 3.9604415459112032 0
    endloop
  endfacet
  facet normal 0.9743700647852611 0.22495105434375298 0
    outer loop
      vertex 224.85147863138 166.20960947799833 -6.1
      vertex 224.85147863138 166.20960947799833 0
      vertex 224.89073800366901 166.0395584540888 0
    endloop
  endfacet
  facet normal 0 0 -1
    outer loop
      vertex 224.85147863138 166.20960947799833 -6.1
      vertex 224.89073800366901 166.0395584540888 -6.1
      vertex 224.89073800366901 3.9604415459112032 -6.1
    endloop
  endfacet
  facet normal 0.9743700647852611 0.22495105434375298 0
    outer loop
      vertex 224.85147863138 166.20960947799833 -6.1
      vertex 224.89073800366901 166.0395584540888 0
      vertex 224.89073800366901 166.0395584540888 -6.1
    endloop
  endfacet
  facet normal 0 0 1
    outer loop
      vertex 224.85147863138 166.20960947799833 0
      vertex 225 160 0
      vertex 224.89073800366901 166.0395584540888 0
    endloop
  endfacet
  facet normal 0 0 -1
    outer loop
      vertex 224.89073800366901 3.9604415459112032 -6.1
      vertex 224.89073800366901 166.0395584540888 -6.1
      vertex 224.92403876506103 4.131759111665349 -6.1
    endloop
  endfacet
  facet normal 0.9816271834476631 -0.19080899537654974 0
    outer loop
      vertex 224.89073800366901 3.9604415459112032 -6.1
      vertex 224.92403876506103 4.131759111665349 -6.1
      vertex 224.89073800366901 3.9604415459112032 0
    endloop
  endfacet
  facet normal 0.9816271834476631 -0.19080899537654974 0
    outer loop
      vertex 224.89073800366901 3.9604415459112032 0
      vertex 224.92403876506103 4.131759111665349 -6.1
      vertex 224.92403876506103 4.131759111665349 0
    endloop
  endfacet
  facet normal 0.9816271834476643 0.19080899537654358 0
    outer loop
      vertex 224.89073800366901 166.0395584540888 -6.1
      vertex 224.89073800366901 166.0395584540888 0
      vertex 224.92403876506103 165.86824088833464 0
    endloop
  endfacet
  facet normal 0 0 -1
    outer loop
      vertex 224.89073800366901 166.0395584540888 -6.1
      vertex 224.92403876506103 165.86824088833464 -6.1
      vertex 224.92403876506103 4.131759111665349 -6.1
    endloop
  endfacet
  facet normal 0.9816271834476643 0.19080899537654358 0
    outer loop
      vertex 224.89073800366901 166.0395584540888 -6.1
      vertex 224.92403876506103 165.86824088833464 0
      vertex 224.92403876506103 165.86824088833464 -6.1
    endloop
  endfacet
  facet normal 0 0 1
    outer loop
      vertex 224.89073800366901 166.0395584540888 0
      vertex 225 160 0
      vertex 224.92403876506103 165.86824088833464 0
    endloop
  endfacet
  facet normal 0 0 -1
    outer loop
      vertex 224.92403876506103 4.131759111665349 -6.1
      vertex 224.92403876506103 165.86824088833464 -6.1
      vertex 224.95134034370784 4.304134495199673 -6.1
    endloop
  endfacet
  facet normal 0.9876883405951357 -0.15643446504024425 0
    outer loop
      vertex 224.92403876506103 4.131759111665349 -6.1
      vertex 224.95134034370784 4.304134495199673 -6.1
      vertex 224.92403876506103 4.131759111665349 0
    endloop
  endfacet
  facet normal 0.9876883405951357 -0.15643446504024425 0
    outer loop
      vertex 224.92403876506103 4.131759111665349 0
      vertex 224.95134034370784 4.304134495199673 -6.1
      vertex 224.95134034370784 4.304134495199673 0
    endloop
  endfacet
  facet normal 0.9876883405951324 0.1564344650402639 0
    outer loop
      vertex 224.92403876506103 165.86824088833464 -6.1
      vertex 224.92403876506103 165.86824088833464 0
      vertex 224.95134034370784 165.69586550480034 0
    endloop
  endfacet
  facet normal 0 0 -1
    outer loop
      vertex 224.92403876506103 165.86824088833464 -6.1
      vertex 224.95134034370784 165.69586550480034 -6.1
      vertex 224.95134034370784 4.304134495199673 -6.1
    endloop
  endfacet
  facet normal 0.9876883405951324 0.1564344650402639 0
    outer loop
      vertex 224.92403876506103 165.86824088833464 -6.1
      vertex 224.95134034370784 165.69586550480034 0
      vertex 224.95134034370784 165.69586550480034 -6.1
    endloop
  endfacet
  facet normal 0 0 1
    outer loop
      vertex 224.92403876506103 165.86824088833464 0
      vertex 225 160 0
      vertex 224.95134034370784 165.69586550480034 0
    endloop
  endfacet
  facet normal 0 0 -1
    outer loop
      vertex 224.95134034370784 4.304134495199673 -6.1
      vertex 224.95134034370784 165.69586550480034 -6.1
      vertex 224.97260947684137 4.477357683661733 -6.1
    endloop
  endfacet
  facet normal 0.9925461516413122 -0.12186934340522726 0
    outer loop
      vertex 224.95134034370784 4.304134495199673 -6.1
      vertex 224.97260947684137 4.477357683661733 -6.1
      vertex 224.95134034370784 4.304134495199673 0
    endloop
  endfacet
  facet normal 0.9925461516413122 -0.12186934340522726 0
    outer loop
      vertex 224.95134034370784 4.304134495199673 0
      vertex 224.97260947684137 4.477357683661733 -6.1
      vertex 224.97260947684137 4.477357683661733 0
    endloop
  endfacet
  facet normal 0.9925461516413122 0.12186934340522726 0
    outer loop
      vertex 224.95134034370784 165.69586550480034 -6.1
      vertex 224.95134034370784 165.69586550480034 0
      vertex 224.97260947684137 165.52264231633828 0
    endloop
  endfacet
  facet normal 0 0 -1
    outer loop
      vertex 224.95134034370784 165.69586550480034 -6.1
      vertex 224.97260947684137 165.52264231633828 -6.1
      vertex 224.97260947684137 4.477357683661733 -6.1
    endloop
  endfacet
  facet normal 0.9925461516413122 0.12186934340522726 0
    outer loop
      vertex 224.95134034370784 165.69586550480034 -6.1
      vertex 224.97260947684137 165.52264231633828 0
      vertex 224.97260947684137 165.52264231633828 -6.1
    endloop
  endfacet
  facet normal 0 0 1
    outer loop
      vertex 224.95134034370784 165.69586550480034 0
      vertex 225 160 0
      vertex 224.97260947684137 165.52264231633828 0
    endloop
  endfacet
  facet normal 0 0 -1
    outer loop
      vertex 224.97260947684137 4.477357683661733 -6.1
      vertex 224.97260947684137 165.52264231633828 -6.1
      vertex 224.98782025129913 4.651217631279374 -6.1
    endloop
  endfacet
  facet normal 0.9961946980917447 -0.08715574274766832 0
    outer loop
      vertex 224.97260947684137 4.477357683661733 -6.1
      vertex 224.98782025129913 4.651217631279374 -6.1
      vertex 224.97260947684137 4.477357683661733 0
    endloop
  endfacet
  facet normal 0.9961946980917447 -0.08715574274766832 0
    outer loop
      vertex 224.97260947684137 4.477357683661733 0
      vertex 224.98782025129913 4.651217631279374 -6.1
      vertex 224.98782025129913 4.651217631279374 0
    endloop
  endfacet
  facet normal 0.9961946980917448 0.087155742747667 0
    outer loop
      vertex 224.97260947684137 165.52264231633828 -6.1
      vertex 224.97260947684137 165.52264231633828 0
      vertex 224.98782025129913 165.34878236872063 0
    endloop
  endfacet
  facet normal 0 0 -1
    outer loop
      vertex 224.97260947684137 165.52264231633828 -6.1
      vertex 224.98782025129913 165.34878236872063 -6.1
      vertex 224.98782025129913 4.651217631279374 -6.1
    endloop
  endfacet
  facet normal 0.9961946980917448 0.087155742747667 0
    outer loop
      vertex 224.97260947684137 165.52264231633828 -6.1
      vertex 224.98782025129913 165.34878236872063 0
      vertex 224.98782025129913 165.34878236872063 -6.1
    endloop
  endfacet
  facet normal 0 0 1
    outer loop
      vertex 224.97260947684137 165.52264231633828 0
      vertex 225 160 0
      vertex 224.98782025129913 165.34878236872063 0
    endloop
  endfacet
  facet normal 0 0 -1
    outer loop
      vertex 224.98782025129913 4.651217631279374 -6.1
      vertex 224.98782025129913 165.34878236872063 -6.1
      vertex 224.99695413509548 4.825502516487495 -6.1
    endloop
  endfacet
  facet normal 0.9986295347545756 -0.05233595624291272 0
    outer loop
      vertex 224.98782025129913 4.651217631279374 -6.1
      vertex 224.99695413509548 4.825502516487495 -6.1
      vertex 224.98782025129913 4.651217631279374 0
    endloop
  endfacet
  facet normal 0.9986295347545756 -0.05233595624291272 0
    outer loop
      vertex 224.98782025129913 4.651217631279374 0
      vertex 224.99695413509548 4.825502516487495 -6.1
      vertex 224.99695413509548 4.825502516487495 0
    endloop
  endfacet
  facet normal 0.9986295347545756 0.05233595624291192 0
    outer loop
      vertex 224.98782025129913 165.34878236872063 -6.1
      vertex 224.98782025129913 165.34878236872063 0
      vertex 224.99695413509548 165.1744974835125 0
    endloop
  endfacet
  facet normal 0 0 -1
    outer loop
      vertex 224.98782025129913 165.34878236872063 -6.1
      vertex 224.99695413509548 165.1744974835125 -6.1
      vertex 224.99695413509548 4.825502516487495 -6.1
    endloop
  endfacet
  facet normal 0.9986295347545756 0.05233595624291192 0
    outer loop
      vertex 224.98782025129913 165.34878236872063 -6.1
      vertex 224.99695413509548 165.1744974835125 0
      vertex 224.99695413509548 165.1744974835125 -6.1
    endloop
  endfacet
  facet normal 0 0 1
    outer loop
      vertex 224.98782025129913 165.34878236872063 0
      vertex 225 160 0
      vertex 224.99695413509548 165.1744974835125 0
    endloop
  endfacet
  facet normal 0 0 -1
    outer loop
      vertex 224.99695413509548 4.825502516487495 -6.1
      vertex 224.99695413509548 165.1744974835125 -6.1
      vertex 225 5 -6.1
    endloop
  endfacet
  facet normal 0.9998476951563912 -0.017452406437284455 0
    outer loop
      vertex 224.99695413509548 4.825502516487495 -6.1
      vertex 225 5 -6.1
      vertex 224.99695413509548 4.825502516487495 0
    endloop
  endfacet
  facet normal 0.9998476951563912 -0.017452406437284455 0
    outer loop
      vertex 224.99695413509548 4.825502516487495 0
      vertex 225 5 -6.1
      vertex 225 5 0
    endloop
  endfacet
  facet normal 0.9998476951563912 0.017452406437283925 0
    outer loop
      vertex 224.99695413509548 165.1744974835125 -6.1
      vertex 224.99695413509548 165.1744974835125 0
      vertex 225 165 0
    endloop
  endfacet
  facet normal 0 0 -1
    outer loop
      vertex 224.99695413509548 165.1744974835125 -6.1
      vertex 225 165 -6.1
      vertex 225 5 -6.1
    endloop
  endfacet
  facet normal 0.9998476951563912 0.017452406437283925 0
    outer loop
      vertex 224.99695413509548 165.1744974835125 -6.1
      vertex 225 165 0
      vertex 225 165 -6.1
    endloop
  endfacet
  facet normal 0 0 1
    outer loop
      vertex 224.99695413509548 165.1744974835125 0
      vertex 225 160 0
      vertex 225 165 0
    endloop
  endfacet
  facet normal 1 0 0
    outer loop
      vertex 225 5 -6.1
      vertex 225 10 -5.5
      vertex 225 5 0
    endloop
  endfacet
  facet normal 1 0 0
    outer loop
      vertex 225 5 -6.1
      vertex 225 165 -6.1
      vertex 225 10 -5.5
    endloop
  endfacet
  facet normal 1 0 0
    outer loop
      vertex 225 5 0
      vertex 225 10 -5.5
      vertex 225 10 0
    endloop
  endfacet
  facet normal 1 0 0
    outer loop
      vertex 225 10 -5.5
      vertex 225 165 -6.1
      vertex 225 160 -5.5
    endloop
  endfacet
  facet normal 1 0 0
    outer loop
      vertex 225 160 -5.5
      vertex 225 165 -6.1
      vertex 225 165 0
    endloop
  endfacet
  facet normal 1 0 0
    outer loop
      vertex 225 160 -5.5
      vertex 225 165 0
      vertex 225 160 0
    endloop
  endfacet
endsolid OpenSCAD_Model
