solid OpenSCAD_Model
  facet normal -1 0 0
    outer loop
      vertex 0 5 0
      vertex 0 5 19
      vertex 0 165 19
    endloop
  endfacet
  facet normal 0 0 -1
    outer loop
      vertex 0 5 0
      vertex 0 165 0
      vertex 0.0030458649045215225 4.825502516487495 0
    endloop
  endfacet
  facet normal -1 0 0
    outer loop
      vertex 0 5 0
      vertex 0 165 19
      vertex 0 165 0
    endloop
  endfacet
  facet normal -0.9998476951563912 -0.01745240643728446 0
    outer loop
      vertex 0 5 0
      vertex 0.0030458649045215225 4.825502516487495 0
      vertex 0 5 19
    endloop
  endfacet
  facet normal -0.9998476951563912 -0.01745240643728446 0
    outer loop
      vertex 0 5 19
      vertex 0.0030458649045215225 4.825502516487495 0
      vertex 0.0030458649045215225 4.825502516487495 19
    endloop
  endfacet
  facet normal 0 0 1
    outer loop
      vertex 0 5 19
      vertex 0.0030458649045215225 4.825502516487495 19
      vertex 0 165 19
    endloop
  endfacet
  facet normal -0.9998476951563912 0.017452406437283928 0
    outer loop
      vertex 0 165 0
      vertex 0 165 19
      vertex 0.0030458649045215225 165.1744974835125 19
    endloop
  endfacet
  facet normal 0 0 -1
    outer loop
      vertex 0 165 0
      vertex 0.0030458649045215225 165.1744974835125 0
      vertex 0.0030458649045215225 4.825502516487495 0
    endloop
  endfacet
  facet normal -0.9998476951563912 0.017452406437283928 0
    outer loop
      vertex 0 165 0
      vertex 0.0030458649045215225 165.1744974835125 19
      vertex 0.0030458649045215225 165.1744974835125 0
    endloop
  endfacet
  facet normal 0 0 1
    outer loop
      vertex 0 165 19
      vertex 0.0030458649045215225 4.825502516487495 19
      vertex 0.0030458649045215225 165.1744974835125 19
    endloop
  endfacet
  facet normal 0 0 -1
    outer loop
      vertex 0.0030458649045215225 4.825502516487495 0
      vertex 0.0030458649045215225 165.1744974835125 0
      vertex 0.01217974870087879 4.651217631279374 0
    endloop
  endfacet
  facet normal -0.9986295347545738 -0.052335956242943155 0
    outer loop
      vertex 0.0030458649045215225 4.825502516487495 0
      vertex 0.01217974870087879 4.651217631279374 0
      vertex 0.0030458649045215225 4.825502516487495 19
    endloop
  endfacet
  facet normal -0.9986295347545738 -0.052335956242943155 0
    outer loop
      vertex 0.0030458649045215225 4.825502516487495 19
      vertex 0.01217974870087879 4.651217631279374 0
      vertex 0.01217974870087879 4.651217631279374 19
    endloop
  endfacet
  facet normal 0 0 1
    outer loop
      vertex 0.0030458649045215225 4.825502516487495 19
      vertex 0.01217974870087879 4.651217631279374 19
      vertex 0.0030458649045215225 165.1744974835125 19
    endloop
  endfacet
  facet normal -0.998629534754574 0.052335956242942364 0
    outer loop
      vertex 0.0030458649045215225 165.1744974835125 0
      vertex 0.0030458649045215225 165.1744974835125 19
      vertex 0.01217974870087879 165.34878236872063 19
    endloop
  endfacet
  facet normal 0 0 -1
    outer loop
      vertex 0.0030458649045215225 165.1744974835125 0
      vertex 0.01217974870087879 165.34878236872063 0
      vertex 0.01217974870087879 4.651217631279374 0
    endloop
  endfacet
  facet normal -0.998629534754574 0.052335956242942364 0
    outer loop
      vertex 0.0030458649045215225 165.1744974835125 0
      vertex 0.01217974870087879 165.34878236872063 19
      vertex 0.01217974870087879 165.34878236872063 0
    endloop
  endfacet
  facet normal 0 0 1
    outer loop
      vertex 0.0030458649045215225 165.1744974835125 19
      vertex 0.01217974870087879 4.651217631279374 19
      vertex 0.01217974870087879 165.34878236872063 19
    endloop
  endfacet
  facet normal 0 0 -1
    outer loop
      vertex 0.01217974870087879 4.651217631279374 0
      vertex 0.01217974870087879 165.34878236872063 0
      vertex 0.02739052315863333 4.477357683661733 0
    endloop
  endfacet
  facet normal -0.9961946980917454 -0.08715574274765824 0
    outer loop
      vertex 0.01217974870087879 4.651217631279374 0
      vertex 0.02739052315863333 4.477357683661733 0
      vertex 0.01217974870087879 4.651217631279374 19
    endloop
  endfacet
  facet normal -0.9961946980917454 -0.08715574274765824 0
    outer loop
      vertex 0.01217974870087879 4.651217631279374 19
      vertex 0.02739052315863333 4.477357683661733 0
      vertex 0.02739052315863333 4.477357683661733 19
    endloop
  endfacet
  facet normal 0 0 1
    outer loop
      vertex 0.01217974870087879 4.651217631279374 19
      vertex 0.02739052315863333 4.477357683661733 19
      vertex 0.01217974870087879 165.34878236872063 19
    endloop
  endfacet
  facet normal -0.9961946980917457 0.08715574274765692 0
    outer loop
      vertex 0.01217974870087879 165.34878236872063 0
      vertex 0.01217974870087879 165.34878236872063 19
      vertex 0.02739052315863333 165.52264231633828 19
    endloop
  endfacet
  facet normal 0 0 -1
    outer loop
      vertex 0.01217974870087879 165.34878236872063 0
      vertex 0.02739052315863333 165.52264231633828 0
      vertex 0.02739052315863333 4.477357683661733 0
    endloop
  endfacet
  facet normal -0.9961946980917457 0.08715574274765692 0
    outer loop
      vertex 0.01217974870087879 165.34878236872063 0
      vertex 0.02739052315863333 165.52264231633828 19
      vertex 0.02739052315863333 165.52264231633828 0
    endloop
  endfacet
  facet normal 0 0 1
    outer loop
      vertex 0.01217974870087879 165.34878236872063 19
      vertex 0.02739052315863333 4.477357683661733 19
      vertex 0.02739052315863333 165.52264231633828 19
    endloop
  endfacet
  facet normal 0 0 -1
    outer loop
      vertex 0.02739052315863333 4.477357683661733 0
      vertex 0.02739052315863333 165.52264231633828 0
      vertex 0.04865965629214841 4.304134495199673 0
    endloop
  endfacet
  facet normal -0.9925461516413222 -0.12186934340514705 0
    outer loop
      vertex 0.02739052315863333 4.477357683661733 0
      vertex 0.04865965629214841 4.304134495199673 0
      vertex 0.02739052315863333 4.477357683661733 19
    endloop
  endfacet
  facet normal -0.9925461516413222 -0.12186934340514705 0
    outer loop
      vertex 0.02739052315863333 4.477357683661733 19
      vertex 0.04865965629214841 4.304134495199673 0
      vertex 0.04865965629214841 4.304134495199673 19
    endloop
  endfacet
  facet normal 0 0 1
    outer loop
      vertex 0.02739052315863333 4.477357683661733 19
      vertex 0.04865965629214841 4.304134495199673 19
      vertex 0.02739052315863333 165.52264231633828 19
    endloop
  endfacet
  facet normal -0.9925461516413222 0.12186934340514705 0
    outer loop
      vertex 0.02739052315863333 165.52264231633828 0
      vertex 0.02739052315863333 165.52264231633828 19
      vertex 0.04865965629214841 165.69586550480034 19
    endloop
  endfacet
  facet normal 0 0 -1
    outer loop
      vertex 0.02739052315863333 165.52264231633828 0
      vertex 0.04865965629214841 165.69586550480034 0
      vertex 0.04865965629214841 4.304134495199673 0
    endloop
  endfacet
  facet normal -0.9925461516413222 0.12186934340514705 0
    outer loop
      vertex 0.02739052315863333 165.52264231633828 0
      vertex 0.04865965629214841 165.69586550480034 19
      vertex 0.04865965629214841 165.69586550480034 0
    endloop
  endfacet
  facet normal 0 0 1
    outer loop
      vertex 0.02739052315863333 165.52264231633828 19
      vertex 0.04865965629214841 4.304134495199673 19
      vertex 0.04865965629214841 165.69586550480034 19
    endloop
  endfacet
  facet normal 0 0 -1
    outer loop
      vertex 0.04865965629214841 4.304134495199673 0
      vertex 0.04865965629214841 165.69586550480034 0
      vertex 0.07596123493896023 4.131759111665349 0
    endloop
  endfacet
  facet normal -0.9876883405951372 -0.15643446504023434 0
    outer loop
      vertex 0.04865965629214841 4.304134495199673 0
      vertex 0.07596123493896023 4.131759111665349 0
      vertex 0.04865965629214841 4.304134495199673 19
    endloop
  endfacet
  facet normal -0.9876883405951372 -0.15643446504023434 0
    outer loop
      vertex 0.04865965629214841 4.304134495199673 19
      vertex 0.07596123493896023 4.131759111665349 0
      vertex 0.07596123493896023 4.131759111665349 19
    endloop
  endfacet
  facet normal 0 0 1
    outer loop
      vertex 0.04865965629214841 4.304134495199673 19
      vertex 0.07596123493896023 4.131759111665349 19
      vertex 0.04865965629214841 165.69586550480034 19
    endloop
  endfacet
  facet normal -0.9876883405951341 0.156434465040254 0
    outer loop
      vertex 0.04865965629214841 165.69586550480034 0
      vertex 0.04865965629214841 165.69586550480034 19
      vertex 0.07596123493896023 165.86824088833464 19
    endloop
  endfacet
  facet normal 0 0 -1
    outer loop
      vertex 0.04865965629214841 165.69586550480034 0
      vertex 0.07596123493896023 165.86824088833464 0
      vertex 0.07596123493896023 4.131759111665349 0
    endloop
  endfacet
  facet normal -0.9876883405951341 0.156434465040254 0
    outer loop
      vertex 0.04865965629214841 165.69586550480034 0
      vertex 0.07596123493896023 165.86824088833464 19
      vertex 0.07596123493896023 165.86824088833464 0
    endloop
  endfacet
  facet normal 0 0 1
    outer loop
      vertex 0.04865965629214841 165.69586550480034 19
      vertex 0.07596123493896023 4.131759111665349 19
      vertex 0.07596123493896023 165.86824088833464 19
    endloop
  endfacet
  facet normal 0 0 -1
    outer loop
      vertex 0.07596123493896023 4.131759111665349 0
      vertex 0.07596123493896023 165.86824088833464 0
      vertex 0.10926199633097156 3.9604415459112032 0
    endloop
  endfacet
  facet normal -0.9816271834476651 -0.19080899537653995 0
    outer loop
      vertex 0.07596123493896023 4.131759111665349 0
      vertex 0.10926199633097156 3.9604415459112032 0
      vertex 0.07596123493896023 4.131759111665349 19
    endloop
  endfacet
  facet normal -0.9816271834476651 -0.19080899537653995 0
    outer loop
      vertex 0.07596123493896023 4.131759111665349 19
      vertex 0.10926199633097156 3.9604415459112032 0
      vertex 0.10926199633097156 3.9604415459112032 19
    endloop
  endfacet
  facet normal 0 0 1
    outer loop
      vertex 0.07596123493896023 4.131759111665349 19
      vertex 0.10926199633097156 3.9604415459112032 19
      vertex 0.07596123493896023 165.86824088833464 19
    endloop
  endfacet
  facet normal -0.9816271834476662 0.19080899537653373 0
    outer loop
      vertex 0.07596123493896023 165.86824088833464 0
      vertex 0.07596123493896023 165.86824088833464 19
      vertex 0.10926199633097156 166.0395584540888 19
    endloop
  endfacet
  facet normal 0 0 -1
    outer loop
      vertex 0.07596123493896023 165.86824088833464 0
      vertex 0.10926199633097156 166.0395584540888 0
      vertex 0.10926199633097156 3.9604415459112032 0
    endloop
  endfacet
  facet normal -0.9816271834476662 0.19080899537653373 0
    outer loop
      vertex 0.07596123493896023 165.86824088833464 0
      vertex 0.10926199633097156 166.0395584540888 19
      vertex 0.10926199633097156 166.0395584540888 0
    endloop
  endfacet
  facet normal 0 0 1
    outer loop
      vertex 0.07596123493896023 165.86824088833464 19
      vertex 0.10926199633097156 3.9604415459112032 19
      vertex 0.10926199633097156 166.0395584540888 19
    endloop
  endfacet
  facet normal 0 0 -1
    outer loop
      vertex 0.10926199633097156 3.9604415459112032 0
      vertex 0.10926199633097156 166.0395584540888 0
      vertex 0.14852136862001775 3.7903905220016614 0
    endloop
  endfacet
  facet normal -0.9743700647852348 -0.22495105434386709 0
    outer loop
      vertex 0.10926199633097156 3.9604415459112032 0
      vertex 0.14852136862001775 3.7903905220016614 0
      vertex 0.10926199633097156 3.9604415459112032 19
    endloop
  endfacet
  facet normal -0.9743700647852348 -0.22495105434386709 0
    outer loop
      vertex 0.10926199633097156 3.9604415459112032 19
      vertex 0.14852136862001775 3.7903905220016614 0
      vertex 0.14852136862001775 3.7903905220016614 19
    endloop
  endfacet
  facet normal 0 0 1
    outer loop
      vertex 0.10926199633097156 3.9604415459112032 19
      vertex 0.14852136862001775 3.7903905220016614 19
      vertex 0.10926199633097156 166.0395584540888 19
    endloop
  endfacet
  facet normal -0.9743700647852332 0.22495105434387377 0
    outer loop
      vertex 0.10926199633097156 166.0395584540888 0
      vertex 0.10926199633097156 166.0395584540888 19
      vertex 0.14852136862001775 166.20960947799833 19
    endloop
  endfacet
  facet normal 0 0 -1
    outer loop
      vertex 0.10926199633097156 166.0395584540888 0
      vertex 0.14852136862001775 166.20960947799833 0
      vertex 0.14852136862001775 3.7903905220016614 0
    endloop
  endfacet
  facet normal -0.9743700647852332 0.22495105434387377 0
    outer loop
      vertex 0.10926199633097156 166.0395584540888 0
      vertex 0.14852136862001775 166.20960947799833 19
      vertex 0.14852136862001775 166.20960947799833 0
    endloop
  endfacet
  facet normal 0 0 1
    outer loop
      vertex 0.10926199633097156 166.0395584540888 19
      vertex 0.14852136862001775 3.7903905220016614 19
      vertex 0.14852136862001775 166.20960947799833 19
    endloop
  endfacet
  facet normal 0 0 -1
    outer loop
      vertex 0.14852136862001775 3.7903905220016614 0
      vertex 0.14852136862001775 166.20960947799833 0
      vertex 0.19369152030840553 3.621813220915004 0
    endloop
  endfacet
  facet normal -0.9659258262890686 -0.25881904510251924 0
    outer loop
      vertex 0.14852136862001775 3.7903905220016614 0
      vertex 0.19369152030840553 3.621813220915004 0
      vertex 0.14852136862001775 3.7903905220016614 19
    endloop
  endfacet
  facet normal -0.9659258262890686 -0.25881904510251924 0
    outer loop
      vertex 0.14852136862001775 3.7903905220016614 19
      vertex 0.19369152030840553 3.621813220915004 0
      vertex 0.19369152030840553 3.621813220915004 19
    endloop
  endfacet
  facet normal 0 0 1
    outer loop
      vertex 0.14852136862001775 3.7903905220016614 19
      vertex 0.19369152030840553 3.621813220915004 19
      vertex 0.14852136862001775 166.20960947799833 19
    endloop
  endfacet
  facet normal -0.9659258262890686 0.2588190451025199 0
    outer loop
      vertex 0.14852136862001775 166.20960947799833 0
      vertex 0.14852136862001775 166.20960947799833 19
      vertex 0.19369152030840553 166.37818677908498 19
    endloop
  endfacet
  facet normal 0 0 -1
    outer loop
      vertex 0.14852136862001775 166.20960947799833 0
      vertex 0.19369152030840553 166.37818677908498 0
      vertex 0.19369152030840553 3.621813220915004 0
    endloop
  endfacet
  facet normal -0.9659258262890686 0.2588190451025199 0
    outer loop
      vertex 0.14852136862001775 166.20960947799833 0
      vertex 0.19369152030840553 166.37818677908498 19
      vertex 0.19369152030840553 166.37818677908498 0
    endloop
  endfacet
  facet normal 0 0 1
    outer loop
      vertex 0.14852136862001775 166.20960947799833 19
      vertex 0.19369152030840553 3.621813220915004 19
      vertex 0.19369152030840553 166.37818677908498 19
    endloop
  endfacet
  facet normal 0 0 -1
    outer loop
      vertex 0.19369152030840553 3.621813220915004 0
      vertex 0.19369152030840553 166.37818677908498 0
      vertex 0.24471741852423268 3.4549150281252627 0
    endloop
  endfacet
  facet normal -0.9563047559630344 -0.29237170472274027 0
    outer loop
      vertex 0.19369152030840553 3.621813220915004 0
      vertex 0.24471741852423268 3.4549150281252627 0
      vertex 0.19369152030840553 3.621813220915004 19
    endloop
  endfacet
  facet normal -0.9563047559630344 -0.29237170472274027 0
    outer loop
      vertex 0.19369152030840553 3.621813220915004 19
      vertex 0.24471741852423268 3.4549150281252627 0
      vertex 0.24471741852423268 3.4549150281252627 19
    endloop
  endfacet
  facet normal 0 0 1
    outer loop
      vertex 0.19369152030840553 3.621813220915004 19
      vertex 0.24471741852423268 3.4549150281252627 19
      vertex 0.19369152030840553 166.37818677908498 19
    endloop
  endfacet
  facet normal -0.9563047559630362 0.2923717047227346 0
    outer loop
      vertex 0.19369152030840553 166.37818677908498 0
      vertex 0.19369152030840553 166.37818677908498 19
      vertex 0.24471741852423268 166.54508497187473 19
    endloop
  endfacet
  facet normal 0 0 -1
    outer loop
      vertex 0.19369152030840553 166.37818677908498 0
      vertex 0.24471741852423268 166.54508497187473 0
      vertex 0.24471741852423268 3.4549150281252627 0
    endloop
  endfacet
  facet normal -0.9563047559630362 0.2923717047227346 0
    outer loop
      vertex 0.19369152030840553 166.37818677908498 0
      vertex 0.24471741852423268 166.54508497187473 19
      vertex 0.24471741852423268 166.54508497187473 0
    endloop
  endfacet
  facet normal 0 0 1
    outer loop
      vertex 0.19369152030840553 166.37818677908498 19
      vertex 0.24471741852423268 3.4549150281252627 19
      vertex 0.24471741852423268 166.54508497187473 19
    endloop
  endfacet
  facet normal 0 0 -1
    outer loop
      vertex 0.24471741852423268 3.4549150281252627 0
      vertex 0.24471741852423268 166.54508497187473 0
      vertex 0.3015368960704574 3.2898992833716565 0
    endloop
  endfacet
  facet normal -0.9455185755993188 -0.32556815445715104 0
    outer loop
      vertex 0.24471741852423268 3.4549150281252627 0
      vertex 0.3015368960704574 3.2898992833716565 0
      vertex 0.24471741852423268 3.4549150281252627 19
    endloop
  endfacet
  facet normal -0.9455185755993188 -0.32556815445715104 0
    outer loop
      vertex 0.24471741852423268 3.4549150281252627 19
      vertex 0.3015368960704574 3.2898992833716565 0
      vertex 0.3015368960704574 3.2898992833716565 19
    endloop
  endfacet
  facet normal 0 0 1
    outer loop
      vertex 0.24471741852423268 3.4549150281252627 19
      vertex 0.3015368960704574 3.2898992833716565 19
      vertex 0.24471741852423268 166.54508497187473 19
    endloop
  endfacet
  facet normal -0.9455185755993256 0.3255681544571315 0
    outer loop
      vertex 0.24471741852423268 166.54508497187473 0
      vertex 0.24471741852423268 166.54508497187473 19
      vertex 0.3015368960704574 166.71010071662835 19
    endloop
  endfacet
  facet normal 0 0 -1
    outer loop
      vertex 0.24471741852423268 166.54508497187473 0
      vertex 0.3015368960704574 166.71010071662835 0
      vertex 0.3015368960704574 3.2898992833716565 0
    endloop
  endfacet
  facet normal -0.9455185755993256 0.3255681544571315 0
    outer loop
      vertex 0.24471741852423268 166.54508497187473 0
      vertex 0.3015368960704574 166.71010071662835 19
      vertex 0.3015368960704574 166.71010071662835 0
    endloop
  endfacet
  facet normal 0 0 1
    outer loop
      vertex 0.24471741852423268 166.54508497187473 19
      vertex 0.3015368960704574 3.2898992833716565 19
      vertex 0.3015368960704574 166.71010071662835 19
    endloop
  endfacet
  facet normal 0 0 -1
    outer loop
      vertex 0.3015368960704574 3.2898992833716565 0
      vertex 0.3015368960704574 166.71010071662835 0
      vertex 0.3640807271660629 3.12696703292044 0
    endloop
  endfacet
  facet normal -0.9335804264972006 -0.35836794954530343 0
    outer loop
      vertex 0.3015368960704574 3.2898992833716565 0
      vertex 0.3640807271660629 3.12696703292044 0
      vertex 0.3015368960704574 3.2898992833716565 19
    endloop
  endfacet
  facet normal -0.9335804264972006 -0.35836794954530343 0
    outer loop
      vertex 0.3015368960704574 3.2898992833716565 19
      vertex 0.3640807271660629 3.12696703292044 0
      vertex 0.3640807271660629 3.12696703292044 19
    endloop
  endfacet
  facet normal 0 0 1
    outer loop
      vertex 0.3015368960704574 3.2898992833716565 19
      vertex 0.3640807271660629 3.12696703292044 19
      vertex 0.3015368960704574 166.71010071662835 19
    endloop
  endfacet
  facet normal -0.9335804264971931 0.35836794954532303 0
    outer loop
      vertex 0.3015368960704574 166.71010071662835 0
      vertex 0.3015368960704574 166.71010071662835 19
      vertex 0.3640807271660629 166.87303296707955 19
    endloop
  endfacet
  facet normal 0 0 -1
    outer loop
      vertex 0.3015368960704574 166.71010071662835 0
      vertex 0.3640807271660629 166.87303296707955 0
      vertex 0.3640807271660629 3.12696703292044 0
    endloop
  endfacet
  facet normal -0.9335804264971931 0.35836794954532303 0
    outer loop
      vertex 0.3015368960704574 166.71010071662835 0
      vertex 0.3640807271660629 166.87303296707955 19
      vertex 0.3640807271660629 166.87303296707955 0
    endloop
  endfacet
  facet normal 0 0 1
    outer loop
      vertex 0.3015368960704574 166.71010071662835 19
      vertex 0.3640807271660629 3.12696703292044 19
      vertex 0.3640807271660629 166.87303296707955 19
    endloop
  endfacet
  facet normal 0 0 -1
    outer loop
      vertex 0.3640807271660629 3.12696703292044 0
      vertex 0.3640807271660629 166.87303296707955 0
      vertex 0.4322727117869958 2.966316784620999 0
    endloop
  endfacet
  facet normal -0.92050485345244 -0.39073112848927444 0
    outer loop
      vertex 0.3640807271660629 3.12696703292044 0
      vertex 0.4322727117869958 2.966316784620999 0
      vertex 0.3640807271660629 3.12696703292044 19
    endloop
  endfacet
  facet normal -0.92050485345244 -0.39073112848927444 0
    outer loop
      vertex 0.3640807271660629 3.12696703292044 19
      vertex 0.4322727117869958 2.966316784620999 0
      vertex 0.4322727117869958 2.966316784620999 19
    endloop
  endfacet
  facet normal 0 0 1
    outer loop
      vertex 0.3640807271660629 3.12696703292044 19
      vertex 0.4322727117869958 2.966316784620999 19
      vertex 0.3640807271660629 166.87303296707955 19
    endloop
  endfacet
  facet normal -0.9205048534524451 0.39073112848926256 0
    outer loop
      vertex 0.3640807271660629 166.87303296707955 0
      vertex 0.3640807271660629 166.87303296707955 19
      vertex 0.4322727117869958 167.033683215379 19
    endloop
  endfacet
  facet normal 0 0 -1
    outer loop
      vertex 0.3640807271660629 166.87303296707955 0
      vertex 0.4322727117869958 167.033683215379 0
      vertex 0.4322727117869958 2.966316784620999 0
    endloop
  endfacet
  facet normal -0.9205048534524451 0.39073112848926256 0
    outer loop
      vertex 0.3640807271660629 166.87303296707955 0
      vertex 0.4322727117869958 167.033683215379 19
      vertex 0.4322727117869958 167.033683215379 0
    endloop
  endfacet
  facet normal 0 0 1
    outer loop
      vertex 0.3640807271660629 166.87303296707955 19
      vertex 0.4322727117869958 2.966316784620999 19
      vertex 0.4322727117869958 167.033683215379 19
    endloop
  endfacet
  facet normal 0 0 -1
    outer loop
      vertex 0.4322727117869958 2.966316784620999 0
      vertex 0.4322727117869958 167.033683215379 0
      vertex 0.506029768504165 2.808144266054613 0
    endloop
  endfacet
  facet normal -0.9063077870366502 -0.4226182617406987 0
    outer loop
      vertex 0.4322727117869958 2.966316784620999 0
      vertex 0.506029768504165 2.808144266054613 0
      vertex 0.4322727117869958 2.966316784620999 19
    endloop
  endfacet
  facet normal -0.9063077870366502 -0.4226182617406987 0
    outer loop
      vertex 0.4322727117869958 2.966316784620999 19
      vertex 0.506029768504165 2.808144266054613 0
      vertex 0.506029768504165 2.808144266054613 19
    endloop
  endfacet
  facet normal 0 0 1
    outer loop
      vertex 0.4322727117869958 2.966316784620999 19
      vertex 0.506029768504165 2.808144266054613 19
      vertex 0.4322727117869958 167.033683215379 19
    endloop
  endfacet
  facet normal -0.9063077870366385 0.4226182617407241 0
    outer loop
      vertex 0.4322727117869958 167.033683215379 0
      vertex 0.4322727117869958 167.033683215379 19
      vertex 0.506029768504165 167.19185573394537 19
    endloop
  endfacet
  facet normal 0 0 -1
    outer loop
      vertex 0.4322727117869958 167.033683215379 0
      vertex 0.506029768504165 167.19185573394537 0
      vertex 0.506029768504165 2.808144266054613 0
    endloop
  endfacet
  facet normal -0.9063077870366385 0.4226182617407241 0
    outer loop
      vertex 0.4322727117869958 167.033683215379 0
      vertex 0.506029768504165 167.19185573394537 19
      vertex 0.506029768504165 167.19185573394537 0
    endloop
  endfacet
  facet normal 0 0 1
    outer loop
      vertex 0.4322727117869958 167.033683215379 19
      vertex 0.506029768504165 2.808144266054613 19
      vertex 0.506029768504165 167.19185573394537 19
    endloop
  endfacet
  facet normal 0 0 -1
    outer loop
      vertex 0.506029768504165 2.808144266054613 0
      vertex 0.506029768504165 167.19185573394537 0
      vertex 0.5852620357053651 2.652642186070546 0
    endloop
  endfacet
  facet normal -0.8910065241883689 -0.45399049973954486 0
    outer loop
      vertex 0.506029768504165 2.808144266054613 0
      vertex 0.5852620357053651 2.652642186070546 0
      vertex 0.506029768504165 2.808144266054613 19
    endloop
  endfacet
  facet normal -0.8910065241883689 -0.45399049973954486 0
    outer loop
      vertex 0.506029768504165 2.808144266054613 19
      vertex 0.5852620357053651 2.652642186070546 0
      vertex 0.5852620357053651 2.652642186070546 19
    endloop
  endfacet
  facet normal 0 0 1
    outer loop
      vertex 0.506029768504165 2.808144266054613 19
      vertex 0.5852620357053651 2.652642186070546 19
      vertex 0.506029768504165 167.19185573394537 19
    endloop
  endfacet
  facet normal -0.8910065241883778 0.4539904997395274 0
    outer loop
      vertex 0.506029768504165 167.19185573394537 0
      vertex 0.506029768504165 167.19185573394537 19
      vertex 0.5852620357053651 167.34735781392945 19
    endloop
  endfacet
  facet normal 0 0 -1
    outer loop
      vertex 0.506029768504165 167.19185573394537 0
      vertex 0.5852620357053651 167.34735781392945 0
      vertex 0.5852620357053651 2.652642186070546 0
    endloop
  endfacet
  facet normal -0.8910065241883778 0.4539904997395274 0
    outer loop
      vertex 0.506029768504165 167.19185573394537 0
      vertex 0.5852620357053651 167.34735781392945 19
      vertex 0.5852620357053651 167.34735781392945 0
    endloop
  endfacet
  facet normal 0 0 1
    outer loop
      vertex 0.506029768504165 167.19185573394537 19
      vertex 0.5852620357053651 2.652642186070546 19
      vertex 0.5852620357053651 167.34735781392945 19
    endloop
  endfacet
  facet normal 0 0 -1
    outer loop
      vertex 0.5852620357053651 2.652642186070546 0
      vertex 0.5852620357053651 167.34735781392945 0
      vertex 0.6698729810778072 2.5 0
    endloop
  endfacet
  facet normal -0.8746197071393936 -0.4848096202463409 0
    outer loop
      vertex 0.5852620357053651 2.652642186070546 0
      vertex 0.6698729810778072 2.5 0
      vertex 0.5852620357053651 2.652642186070546 19
    endloop
  endfacet
  facet normal -0.8746197071393936 -0.4848096202463409 0
    outer loop
      vertex 0.5852620357053651 2.652642186070546 19
      vertex 0.6698729810778072 2.5 0
      vertex 0.6698729810778072 2.5 19
    endloop
  endfacet
  facet normal 0 0 1
    outer loop
      vertex 0.5852620357053651 2.652642186070546 19
      vertex 0.6698729810778072 2.5 19
      vertex 0.5852620357053651 167.34735781392945 19
    endloop
  endfacet
  facet normal -0.8746197071394008 0.48480962024632795 0
    outer loop
      vertex 0.5852620357053651 167.34735781392945 0
      vertex 0.5852620357053651 167.34735781392945 19
      vertex 0.6698729810778072 167.5 19
    endloop
  endfacet
  facet normal 0 0 -1
    outer loop
      vertex 0.5852620357053651 167.34735781392945 0
      vertex 0.6698729810778072 167.5 0
      vertex 0.6698729810778072 2.5 0
    endloop
  endfacet
  facet normal -0.8746197071394008 0.48480962024632795 0
    outer loop
      vertex 0.5852620357053651 167.34735781392945 0
      vertex 0.6698729810778072 167.5 19
      vertex 0.6698729810778072 167.5 0
    endloop
  endfacet
  facet normal 0 0 1
    outer loop
      vertex 0.5852620357053651 167.34735781392945 19
      vertex 0.6698729810778072 2.5 19
      vertex 0.6698729810778072 167.5 19
    endloop
  endfacet
  facet normal 0 0 -1
    outer loop
      vertex 0.6698729810778072 2.5 0
      vertex 0.6698729810778072 167.5 0
      vertex 0.7597595192178703 2.3504036788339757 0
    endloop
  endfacet
  facet normal -0.8571673007021123 -0.5150380749100543 0
    outer loop
      vertex 0.6698729810778072 2.5 0
      vertex 0.7597595192178703 2.3504036788339757 0
      vertex 0.6698729810778072 2.5 19
    endloop
  endfacet
  facet normal -0.8571673007021123 -0.5150380749100543 0
    outer loop
      vertex 0.6698729810778072 2.5 19
      vertex 0.7597595192178703 2.3504036788339757 0
      vertex 0.7597595192178703 2.3504036788339757 19
    endloop
  endfacet
  facet normal 0 0 1
    outer loop
      vertex 0.6698729810778072 2.5 19
      vertex 0.7597595192178703 2.3504036788339757 19
      vertex 0.6698729810778072 167.5 19
    endloop
  endfacet
  facet normal -0.8571673007021205 0.5150380749100408 0
    outer loop
      vertex 0.6698729810778072 167.5 0
      vertex 0.6698729810778072 167.5 19
      vertex 0.7597595192178703 167.64959632116603 19
    endloop
  endfacet
  facet normal 0 0 -1
    outer loop
      vertex 0.6698729810778072 167.5 0
      vertex 0.7597595192178703 167.64959632116603 0
      vertex 0.7597595192178703 2.3504036788339757 0
    endloop
  endfacet
  facet normal -0.8571673007021205 0.5150380749100408 0
    outer loop
      vertex 0.6698729810778072 167.5 0
      vertex 0.7597595192178703 167.64959632116603 19
      vertex 0.7597595192178703 167.64959632116603 0
    endloop
  endfacet
  facet normal 0 0 1
    outer loop
      vertex 0.6698729810778072 167.5 19
      vertex 0.7597595192178703 2.3504036788339757 19
      vertex 0.7597595192178703 167.64959632116603 19
    endloop
  endfacet
  facet normal 0 0 -1
    outer loop
      vertex 0.7597595192178703 2.3504036788339757 0
      vertex 0.7597595192178703 167.64959632116603 0
      vertex 0.8548121372247923 2.2040354826462654 0
    endloop
  endfacet
  facet normal -0.838670567945424 -0.544639035015027 0
    outer loop
      vertex 0.7597595192178703 2.3504036788339757 0
      vertex 0.8548121372247923 2.2040354826462654 0
      vertex 0.7597595192178703 2.3504036788339757 19
    endloop
  endfacet
  facet normal -0.838670567945424 -0.544639035015027 0
    outer loop
      vertex 0.7597595192178703 2.3504036788339757 19
      vertex 0.8548121372247923 2.2040354826462654 0
      vertex 0.8548121372247923 2.2040354826462654 19
    endloop
  endfacet
  facet normal 0 0 1
    outer loop
      vertex 0.7597595192178703 2.3504036788339757 19
      vertex 0.8548121372247923 2.2040354826462654 19
      vertex 0.7597595192178703 167.64959632116603 19
    endloop
  endfacet
  facet normal -0.838670567945397 0.5446390350150688 0
    outer loop
      vertex 0.7597595192178703 167.64959632116603 0
      vertex 0.7597595192178703 167.64959632116603 19
      vertex 0.8548121372247923 167.79596451735372 19
    endloop
  endfacet
  facet normal 0 0 -1
    outer loop
      vertex 0.7597595192178703 167.64959632116603 0
      vertex 0.8548121372247923 167.79596451735372 0
      vertex 0.8548121372247923 2.2040354826462654 0
    endloop
  endfacet
  facet normal -0.838670567945397 0.5446390350150688 0
    outer loop
      vertex 0.7597595192178703 167.64959632116603 0
      vertex 0.8548121372247923 167.79596451735372 19
      vertex 0.8548121372247923 167.79596451735372 0
    endloop
  endfacet
  facet normal 0 0 1
    outer loop
      vertex 0.7597595192178703 167.64959632116603 19
      vertex 0.8548121372247923 2.2040354826462654 19
      vertex 0.8548121372247923 167.79596451735372 19
    endloop
  endfacet
  facet normal 0 0 -1
    outer loop
      vertex 0.8548121372247923 2.2040354826462654 0
      vertex 0.8548121372247923 167.79596451735372 0
      vertex 0.9549150281252627 2.061073738537634 0
    endloop
  endfacet
  facet normal -0.8191520442889938 -0.5735764363510432 0
    outer loop
      vertex 0.8548121372247923 2.2040354826462654 0
      vertex 0.9549150281252627 2.061073738537634 0
      vertex 0.8548121372247923 2.2040354826462654 19
    endloop
  endfacet
  facet normal -0.8191520442889938 -0.5735764363510432 0
    outer loop
      vertex 0.8548121372247923 2.2040354826462654 19
      vertex 0.9549150281252627 2.061073738537634 0
      vertex 0.9549150281252627 2.061073738537634 19
    endloop
  endfacet
  facet normal 0 0 1
    outer loop
      vertex 0.8548121372247923 2.2040354826462654 19
      vertex 0.9549150281252627 2.061073738537634 19
      vertex 0.8548121372247923 167.79596451735372 19
    endloop
  endfacet
  facet normal -0.8191520442890223 0.5735764363510025 0
    outer loop
      vertex 0.8548121372247923 167.79596451735372 0
      vertex 0.8548121372247923 167.79596451735372 19
      vertex 0.9549150281252627 167.93892626146237 19
    endloop
  endfacet
  facet normal 0 0 -1
    outer loop
      vertex 0.8548121372247923 167.79596451735372 0
      vertex 0.9549150281252627 167.93892626146237 0
      vertex 0.9549150281252627 2.061073738537634 0
    endloop
  endfacet
  facet normal -0.8191520442890223 0.5735764363510025 0
    outer loop
      vertex 0.8548121372247923 167.79596451735372 0
      vertex 0.9549150281252627 167.93892626146237 19
      vertex 0.9549150281252627 167.93892626146237 0
    endloop
  endfacet
  facet normal 0 0 1
    outer loop
      vertex 0.8548121372247923 167.79596451735372 19
      vertex 0.9549150281252627 2.061073738537634 19
      vertex 0.9549150281252627 167.93892626146237 19
    endloop
  endfacet
  facet normal 0 0 -1
    outer loop
      vertex 0.9549150281252627 2.061073738537634 0
      vertex 0.9549150281252627 167.93892626146237 0
      vertex 1.0599462319663906 1.9216926233717087 0
    endloop
  endfacet
  facet normal -0.7986355100472907 -0.601815023152051 0
    outer loop
      vertex 0.9549150281252627 2.061073738537634 0
      vertex 1.0599462319663906 1.9216926233717087 0
      vertex 0.9549150281252627 2.061073738537634 19
    endloop
  endfacet
  facet normal 0 0 1
    outer loop
      vertex 0.9549150281252627 2.061073738537634 19
      vertex 1 5 19
      vertex 1 165 19
    endloop
  endfacet
  facet normal 0 0 1
    outer loop
      vertex 0.9549150281252627 2.061073738537634 19
      vertex 1 165 19
      vertex 0.9549150281252627 167.93892626146237 19
    endloop
  endfacet
  facet normal 0 0 1
    outer loop
      vertex 0.9549150281252627 2.061073738537634 19
      vertex 1.002436691923617 4.860402013189996 19
      vertex 1 5 19
    endloop
  endfacet
  facet normal 0 0 1
    outer loop
      vertex 0.9549150281252627 2.061073738537634 19
      vertex 1.0097437989607032 4.720974105023499 19
      vertex 1.002436691923617 4.860402013189996 19
    endloop
  endfacet
  facet normal 0 0 1
    outer loop
      vertex 0.9549150281252627 2.061073738537634 19
      vertex 1.0219124185269068 4.581886146929386 19
      vertex 1.0097437989607032 4.720974105023499 19
    endloop
  endfacet
  facet normal 0 0 1
    outer loop
      vertex 0.9549150281252627 2.061073738537634 19
      vertex 1.0389277250337186 4.443307596159738 19
      vertex 1.0219124185269068 4.581886146929386 19
    endloop
  endfacet
  facet normal -0.7986355100472907 -0.601815023152051 0
    outer loop
      vertex 0.9549150281252627 2.061073738537634 19
      vertex 1.0599462319663906 1.9216926233717087 0
      vertex 1.0599462319663906 1.9216926233717087 19
    endloop
  endfacet
  facet normal 0 0 1
    outer loop
      vertex 0.9549150281252627 2.061073738537634 19
      vertex 1.0599462319663906 1.9216926233717087 19
      vertex 1.0389277250337186 4.443307596159738 19
    endloop
  endfacet
  facet normal -0.7986355100472751 0.6018150231520718 0
    outer loop
      vertex 0.9549150281252627 167.93892626146237 0
      vertex 0.9549150281252627 167.93892626146237 19
      vertex 1.0599462319663906 168.0783073766283 19
    endloop
  endfacet
  facet normal 0 0 -1
    outer loop
      vertex 0.9549150281252627 167.93892626146237 0
      vertex 1.0599462319663906 168.0783073766283 0
      vertex 1.0599462319663906 1.9216926233717087 0
    endloop
  endfacet
  facet normal -0.7986355100472751 0.6018150231520718 0
    outer loop
      vertex 0.9549150281252627 167.93892626146237 0
      vertex 1.0599462319663906 168.0783073766283 19
      vertex 1.0599462319663906 168.0783073766283 0
    endloop
  endfacet
  facet normal 0 0 1
    outer loop
      vertex 0.9549150281252627 167.93892626146237 19
      vertex 1 165 19
      vertex 1.002436691923617 165.13959798681 19
    endloop
  endfacet
  facet normal 0 0 1
    outer loop
      vertex 0.9549150281252627 167.93892626146237 19
      vertex 1.002436691923617 165.13959798681 19
      vertex 1.0097437989607032 165.2790258949765 19
    endloop
  endfacet
  facet normal 0 0 1
    outer loop
      vertex 0.9549150281252627 167.93892626146237 19
      vertex 1.0097437989607032 165.2790258949765 19
      vertex 1.0219124185269068 165.41811385307062 19
    endloop
  endfacet
  facet normal 0 0 1
    outer loop
      vertex 0.9549150281252627 167.93892626146237 19
      vertex 1.0219124185269068 165.41811385307062 19
      vertex 1.0389277250337186 165.55669240384026 19
    endloop
  endfacet
  facet normal 0 0 1
    outer loop
      vertex 0.9549150281252627 167.93892626146237 19
      vertex 1.0389277250337186 165.55669240384026 19
      vertex 1.060768987951168 165.69459271066773 19
    endloop
  endfacet
  facet normal 0 0 1
    outer loop
      vertex 0.9549150281252627 167.93892626146237 19
      vertex 1.060768987951168 165.69459271066773 19
      vertex 1.0599462319663906 168.0783073766283 19
    endloop
  endfacet
  facet normal 0.9998476951563912 0.017452406437282617 0
    outer loop
      vertex 1 5 13
      vertex 1 5 19
      vertex 1.002436691923617 4.860402013189996 13
    endloop
  endfacet
  facet normal 1 0 0
    outer loop
      vertex 1 5 13
      vertex 1 165 13
      vertex 1 165 19
    endloop
  endfacet
  facet normal 1 0 0
    outer loop
      vertex 1 5 13
      vertex 1 165 19
      vertex 1 5 19
    endloop
  endfacet
  facet normal 0 0 1
    outer loop
      vertex 1 5 13
      vertex 1.002436691923617 4.860402013189996 13
      vertex 1 165 13
    endloop
  endfacet
  facet normal 0.9998476951563912 0.017452406437282617 0
    outer loop
      vertex 1 5 19
      vertex 1.002436691923617 4.860402013189996 19
      vertex 1.002436691923617 4.860402013189996 13
    endloop
  endfacet
  facet normal 0 0 1
    outer loop
      vertex 1 165 13
      vertex 1.002436691923617 4.860402013189996 13
      vertex 1.002436691923617 165.13959798681 13
    endloop
  endfacet
  facet normal 0.9998476951563912 -0.017452406437282728 0
    outer loop
      vertex 1 165 13
      vertex 1.002436691923617 165.13959798681 13
      vertex 1.002436691923617 165.13959798681 19
    endloop
  endfacet
  facet normal 0.9998476951563912 -0.017452406437282728 0
    outer loop
      vertex 1 165 13
      vertex 1.002436691923617 165.13959798681 19
      vertex 1 165 19
    endloop
  endfacet
  facet normal 0.9986295347545737 0.05233595624294626 0
    outer loop
      vertex 1.002436691923617 4.860402013189996 13
      vertex 1.002436691923617 4.860402013189996 19
      vertex 1.0097437989607032 4.720974105023499 13
    endloop
  endfacet
  facet normal 0 0 1
    outer loop
      vertex 1.002436691923617 4.860402013189996 13
      vertex 1.0097437989607032 4.720974105023499 13
      vertex 1.002436691923617 165.13959798681 13
    endloop
  endfacet
  facet normal 0.9986295347545737 0.05233595624294626 0
    outer loop
      vertex 1.002436691923617 4.860402013189996 19
      vertex 1.0097437989607032 4.720974105023499 19
      vertex 1.0097437989607032 4.720974105023499 13
    endloop
  endfacet
  facet normal 0 0 1
    outer loop
      vertex 1.002436691923617 165.13959798681 13
      vertex 1.0097437989607032 4.720974105023499 13
      vertex 1.0097437989607032 165.2790258949765 13
    endloop
  endfacet
  facet normal 0.9986295347545739 -0.052335956242941274 0
    outer loop
      vertex 1.002436691923617 165.13959798681 13
      vertex 1.0097437989607032 165.2790258949765 13
      vertex 1.0097437989607032 165.2790258949765 19
    endloop
  endfacet
  facet normal 0.9986295347545739 -0.052335956242941274 0
    outer loop
      vertex 1.002436691923617 165.13959798681 13
      vertex 1.0097437989607032 165.2790258949765 19
      vertex 1.002436691923617 165.13959798681 19
    endloop
  endfacet
  facet normal 0.9961946980917455 0.08715574274765768 0
    outer loop
      vertex 1.0097437989607032 4.720974105023499 13
      vertex 1.0097437989607032 4.720974105023499 19
      vertex 1.0219124185269068 4.581886146929386 13
    endloop
  endfacet
  facet normal 0 0 1
    outer loop
      vertex 1.0097437989607032 4.720974105023499 13
      vertex 1.0219124185269068 4.581886146929386 13
      vertex 1.0097437989607032 165.2790258949765 13
    endloop
  endfacet
  facet normal 0.9961946980917455 0.08715574274765768 0
    outer loop
      vertex 1.0097437989607032 4.720974105023499 19
      vertex 1.0219124185269068 4.581886146929386 19
      vertex 1.0219124185269068 4.581886146929386 13
    endloop
  endfacet
  facet normal 0 0 1
    outer loop
      vertex 1.0097437989607032 165.2790258949765 13
      vertex 1.0219124185269068 4.581886146929386 13
      vertex 1.0219124185269068 165.41811385307062 13
    endloop
  endfacet
  facet normal 0.9961946980917453 -0.08715574274766044 0
    outer loop
      vertex 1.0097437989607032 165.2790258949765 13
      vertex 1.0219124185269068 165.41811385307062 13
      vertex 1.0219124185269068 165.41811385307062 19
    endloop
  endfacet
  facet normal 0.9961946980917453 -0.08715574274766044 0
    outer loop
      vertex 1.0097437989607032 165.2790258949765 13
      vertex 1.0219124185269068 165.41811385307062 19
      vertex 1.0097437989607032 165.2790258949765 19
    endloop
  endfacet
  facet normal 0.9925461516413223 0.12186934340514513 0
    outer loop
      vertex 1.0219124185269068 4.581886146929386 13
      vertex 1.0219124185269068 4.581886146929386 19
      vertex 1.0389277250337186 4.443307596159738 13
    endloop
  endfacet
  facet normal 0 0 1
    outer loop
      vertex 1.0219124185269068 4.581886146929386 13
      vertex 1.0389277250337186 4.443307596159738 13
      vertex 1.0219124185269068 165.41811385307062 13
    endloop
  endfacet
  facet normal 0.9925461516413223 0.12186934340514513 0
    outer loop
      vertex 1.0219124185269068 4.581886146929386 19
      vertex 1.0389277250337186 4.443307596159738 19
      vertex 1.0389277250337186 4.443307596159738 13
    endloop
  endfacet
  facet normal 0 0 1
    outer loop
      vertex 1.0219124185269068 165.41811385307062 13
      vertex 1.0389277250337186 4.443307596159738 13
      vertex 1.0389277250337186 165.55669240384026 13
    endloop
  endfacet
  facet normal 0.9925461516413212 -0.12186934340515437 0
    outer loop
      vertex 1.0219124185269068 165.41811385307062 13
      vertex 1.0389277250337186 165.55669240384026 13
      vertex 1.0389277250337186 165.55669240384026 19
    endloop
  endfacet
  facet normal 0.9925461516413212 -0.12186934340515437 0
    outer loop
      vertex 1.0219124185269068 165.41811385307062 13
      vertex 1.0389277250337186 165.55669240384026 19
      vertex 1.0219124185269068 165.41811385307062 19
    endloop
  endfacet
  facet normal 0.9876883405951373 0.1564344650402333 0
    outer loop
      vertex 1.0389277250337186 4.443307596159738 13
      vertex 1.0389277250337186 4.443307596159738 19
      vertex 1.060768987951168 4.305407289332279 13
    endloop
  endfacet
  facet normal 0 0 1
    outer loop
      vertex 1.0389277250337186 4.443307596159738 13
      vertex 1.060768987951168 4.305407289332279 13
      vertex 1.0389277250337186 165.55669240384026 13
    endloop
  endfacet
  facet normal 0 0 1
    outer loop
      vertex 1.0389277250337186 4.443307596159738 19
      vertex 1.0599462319663906 1.9216926233717087 19
      vertex 1.060768987951168 4.305407289332279 19
    endloop
  endfacet
  facet normal 0.9876883405951373 0.1564344650402333 0
    outer loop
      vertex 1.0389277250337186 4.443307596159738 19
      vertex 1.060768987951168 4.305407289332279 19
      vertex 1.060768987951168 4.305407289332279 13
    endloop
  endfacet
  facet normal 0 0 1
    outer loop
      vertex 1.0389277250337186 165.55669240384026 13
      vertex 1.060768987951168 4.305407289332279 13
      vertex 1.060768987951168 165.69459271066773 13
    endloop
  endfacet
  facet normal 0.9876883405951402 -0.15643446504021563 0
    outer loop
      vertex 1.0389277250337186 165.55669240384026 13
      vertex 1.060768987951168 165.69459271066773 13
      vertex 1.060768987951168 165.69459271066773 19
    endloop
  endfacet
  facet normal 0.9876883405951402 -0.15643446504021563 0
    outer loop
      vertex 1.0389277250337186 165.55669240384026 13
      vertex 1.060768987951168 165.69459271066773 19
      vertex 1.0389277250337186 165.55669240384026 19
    endloop
  endfacet
  facet normal 0 0 -1
    outer loop
      vertex 1.0599462319663906 1.9216926233717087 0
      vertex 1.0599462319663906 168.0783073766283 0
      vertex 1.16977778440511 1.7860619515673037 0
    endloop
  endfacet
  facet normal -0.7771459614569706 -0.6293203910498378 0
    outer loop
      vertex 1.0599462319663906 1.9216926233717087 0
      vertex 1.16977778440511 1.7860619515673037 0
      vertex 1.0599462319663906 1.9216926233717087 19
    endloop
  endfacet
  facet normal 0 0 1
    outer loop
      vertex 1.0599462319663906 1.9216926233717087 19
      vertex 1.0874095970647772 4.168353236728962 19
      vertex 1.060768987951168 4.305407289332279 19
    endloop
  endfacet
  facet normal 0 0 1
    outer loop
      vertex 1.0599462319663906 1.9216926233717087 19
      vertex 1.118817094896014 4.032312417601329 19
      vertex 1.0874095970647772 4.168353236728962 19
    endloop
  endfacet
  facet normal 0 0 1
    outer loop
      vertex 1.0599462319663906 1.9216926233717087 19
      vertex 1.1549532162467244 3.8974505767320036 19
      vertex 1.118817094896014 4.032312417601329 19
    endloop
  endfacet
  facet normal -0.7771459614569706 -0.6293203910498378 0
    outer loop
      vertex 1.0599462319663906 1.9216926233717087 19
      vertex 1.16977778440511 1.7860619515673037 0
      vertex 1.16977778440511 1.7860619515673037 19
    endloop
  endfacet
  facet normal 0 0 1
    outer loop
      vertex 1.0599462319663906 1.9216926233717087 19
      vertex 1.16977778440511 1.7860619515673037 19
      vertex 1.1549532162467244 3.8974505767320036 19
    endloop
  endfacet
  facet normal -0.7771459614570069 0.629320391049793 0
    outer loop
      vertex 1.0599462319663906 168.0783073766283 0
      vertex 1.0599462319663906 168.0783073766283 19
      vertex 1.16977778440511 168.2139380484327 19
    endloop
  endfacet
  facet normal 0 0 -1
    outer loop
      vertex 1.0599462319663906 168.0783073766283 0
      vertex 1.16977778440511 168.2139380484327 0
      vertex 1.16977778440511 1.7860619515673037 0
    endloop
  endfacet
  facet normal -0.7771459614570069 0.629320391049793 0
    outer loop
      vertex 1.0599462319663906 168.0783073766283 0
      vertex 1.16977778440511 168.2139380484327 19
      vertex 1.16977778440511 168.2139380484327 0
    endloop
  endfacet
  facet normal 0 0 1
    outer loop
      vertex 1.0599462319663906 168.0783073766283 19
      vertex 1.060768987951168 165.69459271066773 19
      vertex 1.0874095970647772 165.83164676327104 19
    endloop
  endfacet
  facet normal 0 0 1
    outer loop
      vertex 1.0599462319663906 168.0783073766283 19
      vertex 1.0874095970647772 165.83164676327104 19
      vertex 1.118817094896014 165.96768758239867 19
    endloop
  endfacet
  facet normal 0 0 1
    outer loop
      vertex 1.0599462319663906 168.0783073766283 19
      vertex 1.118817094896014 165.96768758239867 19
      vertex 1.1549532162467244 166.102549423268 19
    endloop
  endfacet
  facet normal 0 0 1
    outer loop
      vertex 1.0599462319663906 168.0783073766283 19
      vertex 1.1549532162467244 166.102549423268 19
      vertex 1.1957739348193859 166.2360679774998 19
    endloop
  endfacet
  facet normal 0 0 1
    outer loop
      vertex 1.0599462319663906 168.0783073766283 19
      vertex 1.1957739348193859 166.2360679774998 19
      vertex 1.16977778440511 168.2139380484327 19
    endloop
  endfacet
  facet normal 0.9816271834476646 0.19080899537654178 0
    outer loop
      vertex 1.060768987951168 4.305407289332279 13
      vertex 1.060768987951168 4.305407289332279 19
      vertex 1.0874095970647772 4.168353236728962 13
    endloop
  endfacet
  facet normal 0 0 1
    outer loop
      vertex 1.060768987951168 4.305407289332279 13
      vertex 1.0874095970647772 4.168353236728962 13
      vertex 1.060768987951168 165.69459271066773 13
    endloop
  endfacet
  facet normal 0.9816271834476646 0.19080899537654178 0
    outer loop
      vertex 1.060768987951168 4.305407289332279 19
      vertex 1.0874095970647772 4.168353236728962 19
      vertex 1.0874095970647772 4.168353236728962 13
    endloop
  endfacet
  facet normal 0 0 1
    outer loop
      vertex 1.060768987951168 165.69459271066773 13
      vertex 1.0874095970647772 4.168353236728962 13
      vertex 1.0874095970647772 165.83164676327104 13
    endloop
  endfacet
  facet normal 0.9816271834476614 -0.19080899537655846 0
    outer loop
      vertex 1.060768987951168 165.69459271066773 13
      vertex 1.0874095970647772 165.83164676327104 13
      vertex 1.0874095970647772 165.83164676327104 19
    endloop
  endfacet
  facet normal 0.9816271834476614 -0.19080899537655846 0
    outer loop
      vertex 1.060768987951168 165.69459271066773 13
      vertex 1.0874095970647772 165.83164676327104 19
      vertex 1.060768987951168 165.69459271066773 19
    endloop
  endfacet
  facet normal 0.974370064785235 0.2249510543438662 0
    outer loop
      vertex 1.0874095970647772 4.168353236728962 13
      vertex 1.0874095970647772 4.168353236728962 19
      vertex 1.118817094896014 4.032312417601329 13
    endloop
  endfacet
  facet normal 0 0 1
    outer loop
      vertex 1.0874095970647772 4.168353236728962 13
      vertex 1.118817094896014 4.032312417601329 13
      vertex 1.0874095970647772 165.83164676327104 13
    endloop
  endfacet
  facet normal 0.974370064785235 0.2249510543438662 0
    outer loop
      vertex 1.0874095970647772 4.168353236728962 19
      vertex 1.118817094896014 4.032312417601329 19
      vertex 1.118817094896014 4.032312417601329 13
    endloop
  endfacet
  facet normal 0 0 1
    outer loop
      vertex 1.0874095970647772 165.83164676327104 13
      vertex 1.118817094896014 4.032312417601329 13
      vertex 1.118817094896014 165.96768758239867 13
    endloop
  endfacet
  facet normal 0.9743700647852334 -0.22495105434387316 0
    outer loop
      vertex 1.0874095970647772 165.83164676327104 13
      vertex 1.118817094896014 165.96768758239867 13
      vertex 1.118817094896014 165.96768758239867 19
    endloop
  endfacet
  facet normal 0.9743700647852334 -0.22495105434387316 0
    outer loop
      vertex 1.0874095970647772 165.83164676327104 13
      vertex 1.118817094896014 165.96768758239867 19
      vertex 1.0874095970647772 165.83164676327104 19
    endloop
  endfacet
  facet normal 0.9659258262890683 0.25881904510252113 0
    outer loop
      vertex 1.118817094896014 4.032312417601329 13
      vertex 1.118817094896014 4.032312417601329 19
      vertex 1.1549532162467244 3.8974505767320036 13
    endloop
  endfacet
  facet normal 0 0 1
    outer loop
      vertex 1.118817094896014 4.032312417601329 13
      vertex 1.1549532162467244 3.8974505767320036 13
      vertex 1.118817094896014 165.96768758239867 13
    endloop
  endfacet
  facet normal 0.9659258262890683 0.25881904510252113 0
    outer loop
      vertex 1.118817094896014 4.032312417601329 19
      vertex 1.1549532162467244 3.8974505767320036 19
      vertex 1.1549532162467244 3.8974505767320036 13
    endloop
  endfacet
  facet normal 0 0 1
    outer loop
      vertex 1.118817094896014 165.96768758239867 13
      vertex 1.1549532162467244 3.8974505767320036 13
      vertex 1.1549532162467244 166.102549423268 13
    endloop
  endfacet
  facet normal 0.9659258262890656 -0.2588190451025307 0
    outer loop
      vertex 1.118817094896014 165.96768758239867 13
      vertex 1.1549532162467244 166.102549423268 13
      vertex 1.1549532162467244 166.102549423268 19
    endloop
  endfacet
  facet normal 0.9659258262890656 -0.2588190451025307 0
    outer loop
      vertex 1.118817094896014 165.96768758239867 13
      vertex 1.1549532162467244 166.102549423268 19
      vertex 1.118817094896014 165.96768758239867 19
    endloop
  endfacet
  facet normal 0.9563047559630351 0.2923717047227378 0
    outer loop
      vertex 1.1549532162467244 3.8974505767320036 13
      vertex 1.1549532162467244 3.8974505767320036 19
      vertex 1.1957739348193859 3.76393202250021 13
    endloop
  endfacet
  facet normal 0 0 1
    outer loop
      vertex 1.1549532162467244 3.8974505767320036 13
      vertex 1.1957739348193859 3.76393202250021 13
      vertex 1.1549532162467244 166.102549423268 13
    endloop
  endfacet
  facet normal 0 0 1
    outer loop
      vertex 1.1549532162467244 3.8974505767320036 19
      vertex 1.16977778440511 1.7860619515673037 19
      vertex 1.1957739348193859 3.76393202250021 19
    endloop
  endfacet
  facet normal 0.9563047559630351 0.2923717047227378 0
    outer loop
      vertex 1.1549532162467244 3.8974505767320036 19
      vertex 1.1957739348193859 3.76393202250021 19
      vertex 1.1957739348193859 3.76393202250021 13
    endloop
  endfacet
  facet normal 0 0 1
    outer loop
      vertex 1.1549532162467244 166.102549423268 13
      vertex 1.1957739348193859 3.76393202250021 13
      vertex 1.1957739348193859 166.2360679774998 13
    endloop
  endfacet
  facet normal 0.9563047559630471 -0.2923717047226987 0
    outer loop
      vertex 1.1549532162467244 166.102549423268 13
      vertex 1.1957739348193859 166.2360679774998 13
      vertex 1.1957739348193859 166.2360679774998 19
    endloop
  endfacet
  facet normal 0.9563047559630471 -0.2923717047226987 0
    outer loop
      vertex 1.1549532162467244 166.102549423268 13
      vertex 1.1957739348193859 166.2360679774998 19
      vertex 1.1549532162467244 166.102549423268 19
    endloop
  endfacet
  facet normal 0 0 -1
    outer loop
      vertex 1.16977778440511 1.7860619515673037 0
      vertex 1.16977778440511 168.2139380484327 0
      vertex 1.284275872613029 1.6543469682057088 0
    endloop
  endfacet
  facet normal -0.7547095802227733 -0.6560590289905057 0
    outer loop
      vertex 1.16977778440511 1.7860619515673037 0
      vertex 1.284275872613029 1.6543469682057088 0
      vertex 1.16977778440511 1.7860619515673037 19
    endloop
  endfacet
  facet normal 0 0 1
    outer loop
      vertex 1.16977778440511 1.7860619515673037 19
      vertex 1.2412295168563663 3.6319194266973254 19
      vertex 1.1957739348193859 3.76393202250021 19
    endloop
  endfacet
  facet normal -0.7547095802227733 -0.6560590289905057 0
    outer loop
      vertex 1.16977778440511 1.7860619515673037 19
      vertex 1.284275872613029 1.6543469682057088 0
      vertex 1.284275872613029 1.6543469682057088 19
    endloop
  endfacet
  facet normal 0 0 1
    outer loop
      vertex 1.16977778440511 1.7860619515673037 19
      vertex 1.284275872613029 1.6543469682057088 19
      vertex 1.2412295168563663 3.6319194266973254 19
    endloop
  endfacet
  facet normal -0.7547095802227263 0.6560590289905599 0
    outer loop
      vertex 1.16977778440511 168.2139380484327 0
      vertex 1.16977778440511 168.2139380484327 19
      vertex 1.284275872613029 168.34565303179428 19
    endloop
  endfacet
  facet normal 0 0 -1
    outer loop
      vertex 1.16977778440511 168.2139380484327 0
      vertex 1.284275872613029 168.34565303179428 0
      vertex 1.284275872613029 1.6543469682057088 0
    endloop
  endfacet
  facet normal -0.7547095802227263 0.6560590289905599 0
    outer loop
      vertex 1.16977778440511 168.2139380484327 0
      vertex 1.284275872613029 168.34565303179428 19
      vertex 1.284275872613029 168.34565303179428 0
    endloop
  endfacet
  facet normal 0 0 1
    outer loop
      vertex 1.16977778440511 168.2139380484327 19
      vertex 1.1957739348193859 166.2360679774998 19
      vertex 1.2412295168563663 166.36808057330268 19
    endloop
  endfacet
  facet normal 0 0 1
    outer loop
      vertex 1.16977778440511 168.2139380484327 19
      vertex 1.2412295168563663 166.36808057330268 19
      vertex 1.2912645817328503 166.49842637366365 19
    endloop
  endfacet
  facet normal 0 0 1
    outer loop
      vertex 1.16977778440511 168.2139380484327 19
      vertex 1.2912645817328503 166.49842637366365 19
      vertex 1.284275872613029 168.34565303179428 19
    endloop
  endfacet
  facet normal 0.9455185755993172 0.32556815445715537 0
    outer loop
      vertex 1.1957739348193859 3.76393202250021 13
      vertex 1.1957739348193859 3.76393202250021 19
      vertex 1.2412295168563663 3.6319194266973254 13
    endloop
  endfacet
  facet normal 0 0 1
    outer loop
      vertex 1.1957739348193859 3.76393202250021 13
      vertex 1.2412295168563663 3.6319194266973254 13
      vertex 1.1957739348193859 166.2360679774998 13
    endloop
  endfacet
  facet normal 0.9455185755993172 0.32556815445715537 0
    outer loop
      vertex 1.1957739348193859 3.76393202250021 19
      vertex 1.2412295168563663 3.6319194266973254 19
      vertex 1.2412295168563663 3.6319194266973254 13
    endloop
  endfacet
  facet normal 0 0 1
    outer loop
      vertex 1.1957739348193859 166.2360679774998 13
      vertex 1.2412295168563663 3.6319194266973254 13
      vertex 1.2412295168563663 166.36808057330268 13
    endloop
  endfacet
  facet normal 0.9455185755993112 -0.325568154457173 0
    outer loop
      vertex 1.1957739348193859 166.2360679774998 13
      vertex 1.2412295168563663 166.36808057330268 13
      vertex 1.2412295168563663 166.36808057330268 19
    endloop
  endfacet
  facet normal 0.9455185755993112 -0.325568154457173 0
    outer loop
      vertex 1.1957739348193859 166.2360679774998 13
      vertex 1.2412295168563663 166.36808057330268 19
      vertex 1.1957739348193859 166.2360679774998 19
    endloop
  endfacet
  facet normal 0.9335804264972015 0.35836794954530077 0
    outer loop
      vertex 1.2412295168563663 3.6319194266973254 13
      vertex 1.2412295168563663 3.6319194266973254 19
      vertex 1.2912645817328503 3.501573626336352 13
    endloop
  endfacet
  facet normal 0 0 1
    outer loop
      vertex 1.2412295168563663 3.6319194266973254 13
      vertex 1.2912645817328503 3.501573626336352 13
      vertex 1.2412295168563663 166.36808057330268 13
    endloop
  endfacet
  facet normal 0 0 1
    outer loop
      vertex 1.2412295168563663 3.6319194266973254 19
      vertex 1.284275872613029 1.6543469682057088 19
      vertex 1.2912645817328503 3.501573626336352 19
    endloop
  endfacet
  facet normal 0.9335804264972015 0.35836794954530077 0
    outer loop
      vertex 1.2412295168563663 3.6319194266973254 19
      vertex 1.2912645817328503 3.501573626336352 19
      vertex 1.2912645817328503 3.501573626336352 13
    endloop
  endfacet
  facet normal 0 0 1
    outer loop
      vertex 1.2412295168563663 166.36808057330268 13
      vertex 1.2912645817328503 3.501573626336352 13
      vertex 1.2912645817328503 166.49842637366365 13
    endloop
  endfacet
  facet normal 0.9335804264971991 -0.35836794954530715 0
    outer loop
      vertex 1.2412295168563663 166.36808057330268 13
      vertex 1.2912645817328503 166.49842637366365 13
      vertex 1.2912645817328503 166.49842637366365 19
    endloop
  endfacet
  facet normal 0.9335804264971991 -0.35836794954530715 0
    outer loop
      vertex 1.2412295168563663 166.36808057330268 13
      vertex 1.2912645817328503 166.49842637366365 19
      vertex 1.2412295168563663 166.36808057330268 19
    endloop
  endfacet
  facet normal 0 0 -1
    outer loop
      vertex 1.284275872613029 1.6543469682057088 0
      vertex 1.284275872613029 168.34565303179428 0
      vertex 1.4033009983067442 1.5267081477050137 0
    endloop
  endfacet
  facet normal -0.7313537016191707 -0.6819983600624983 0
    outer loop
      vertex 1.284275872613029 1.6543469682057088 0
      vertex 1.4033009983067442 1.5267081477050137 0
      vertex 1.284275872613029 1.6543469682057088 19
    endloop
  endfacet
  facet normal 0 0 1
    outer loop
      vertex 1.284275872613029 1.6543469682057088 19
      vertex 1.3458181694295965 3.3730534276967994 19
      vertex 1.2912645817328503 3.501573626336352 19
    endloop
  endfacet
  facet normal -0.7313537016191707 -0.6819983600624983 0
    outer loop
      vertex 1.284275872613029 1.6543469682057088 19
      vertex 1.4033009983067442 1.5267081477050137 0
      vertex 1.4033009983067442 1.5267081477050137 19
    endloop
  endfacet
  facet normal 0 0 1
    outer loop
      vertex 1.284275872613029 1.6543469682057088 19
      vertex 1.4033009983067442 1.5267081477050137 19
      vertex 1.3458181694295965 3.3730534276967994 19
    endloop
  endfacet
  facet normal -0.7313537016191636 0.6819983600625059 0
    outer loop
      vertex 1.284275872613029 168.34565303179428 0
      vertex 1.284275872613029 168.34565303179428 19
      vertex 1.4033009983067442 168.47329185229498 19
    endloop
  endfacet
  facet normal 0 0 -1
    outer loop
      vertex 1.284275872613029 168.34565303179428 0
      vertex 1.4033009983067442 168.47329185229498 0
      vertex 1.4033009983067442 1.5267081477050137 0
    endloop
  endfacet
  facet normal -0.7313537016191636 0.6819983600625059 0
    outer loop
      vertex 1.284275872613029 168.34565303179428 0
      vertex 1.4033009983067442 168.47329185229498 19
      vertex 1.4033009983067442 168.47329185229498 0
    endloop
  endfacet
  facet normal 0 0 1
    outer loop
      vertex 1.284275872613029 168.34565303179428 19
      vertex 1.2912645817328503 166.49842637366365 19
      vertex 1.3458181694295965 166.6269465723032 19
    endloop
  endfacet
  facet normal 0 0 1
    outer loop
      vertex 1.284275872613029 168.34565303179428 19
      vertex 1.3458181694295965 166.6269465723032 19
      vertex 1.4048238148033318 166.75348458715632 19
    endloop
  endfacet
  facet normal 0 0 1
    outer loop
      vertex 1.284275872613029 168.34565303179428 19
      vertex 1.4048238148033318 166.75348458715632 19
      vertex 1.4033009983067442 168.47329185229498 19
    endloop
  endfacet
  facet normal 0.9205048534524399 0.3907311284892748 0
    outer loop
      vertex 1.2912645817328503 3.501573626336352 13
      vertex 1.2912645817328503 3.501573626336352 19
      vertex 1.3458181694295965 3.3730534276967994 13
    endloop
  endfacet
  facet normal 0 0 1
    outer loop
      vertex 1.2912645817328503 3.501573626336352 13
      vertex 1.3458181694295965 3.3730534276967994 13
      vertex 1.2912645817328503 166.49842637366365 13
    endloop
  endfacet
  facet normal 0.9205048534524399 0.3907311284892748 0
    outer loop
      vertex 1.2912645817328503 3.501573626336352 19
      vertex 1.3458181694295965 3.3730534276967994 19
      vertex 1.3458181694295965 3.3730534276967994 13
    endloop
  endfacet
  facet normal 0 0 1
    outer loop
      vertex 1.2912645817328503 166.49842637366365 13
      vertex 1.3458181694295965 3.3730534276967994 13
      vertex 1.3458181694295965 166.6269465723032 13
    endloop
  endfacet
  facet normal 0.9205048534524516 -0.39073112848924735 0
    outer loop
      vertex 1.2912645817328503 166.49842637366365 13
      vertex 1.3458181694295965 166.6269465723032 13
      vertex 1.3458181694295965 166.6269465723032 19
    endloop
  endfacet
  facet normal 0.9205048534524516 -0.39073112848924735 0
    outer loop
      vertex 1.2912645817328503 166.49842637366365 13
      vertex 1.3458181694295965 166.6269465723032 19
      vertex 1.2912645817328503 166.49842637366365 19
    endloop
  endfacet
  facet normal 0.9063077870366509 0.4226182617406972 0
    outer loop
      vertex 1.3458181694295965 3.3730534276967994 13
      vertex 1.3458181694295965 3.3730534276967994 19
      vertex 1.4048238148033318 3.2465154128436904 13
    endloop
  endfacet
  facet normal 0 0 1
    outer loop
      vertex 1.3458181694295965 3.3730534276967994 13
      vertex 1.4048238148033318 3.2465154128436904 13
      vertex 1.3458181694295965 166.6269465723032 13
    endloop
  endfacet
  facet normal 0 0 1
    outer loop
      vertex 1.3458181694295965 3.3730534276967994 19
      vertex 1.4033009983067442 1.5267081477050137 19
      vertex 1.4048238148033318 3.2465154128436904 19
    endloop
  endfacet
  facet normal 0.9063077870366509 0.4226182617406972 0
    outer loop
      vertex 1.3458181694295965 3.3730534276967994 19
      vertex 1.4048238148033318 3.2465154128436904 19
      vertex 1.4048238148033318 3.2465154128436904 13
    endloop
  endfacet
  facet normal 0 0 1
    outer loop
      vertex 1.3458181694295965 166.6269465723032 13
      vertex 1.4048238148033318 3.2465154128436904 13
      vertex 1.4048238148033318 166.75348458715632 13
    endloop
  endfacet
  facet normal 0.9063077870366533 -0.4226182617406924 0
    outer loop
      vertex 1.3458181694295965 166.6269465723032 13
      vertex 1.4048238148033318 166.75348458715632 13
      vertex 1.4048238148033318 166.75348458715632 19
    endloop
  endfacet
  facet normal 0.9063077870366533 -0.4226182617406924 0
    outer loop
      vertex 1.3458181694295965 166.6269465723032 13
      vertex 1.4048238148033318 166.75348458715632 19
      vertex 1.3458181694295965 166.6269465723032 19
    endloop
  endfacet
  facet normal 0 0 -1
    outer loop
      vertex 1.4033009983067442 1.5267081477050137 0
      vertex 1.4033009983067442 168.47329185229498 0
      vertex 1.5267081477050137 1.4033009983067442 0
    endloop
  endfacet
  facet normal -0.7071067811865476 -0.7071067811865476 0
    outer loop
      vertex 1.4033009983067442 1.5267081477050137 0
      vertex 1.5267081477050137 1.4033009983067442 0
      vertex 1.4033009983067442 1.5267081477050137 19
    endloop
  endfacet
  facet normal 0 0 1
    outer loop
      vertex 1.4033009983067442 1.5267081477050137 19
      vertex 1.468209628564292 3.122113748856437 19
      vertex 1.4048238148033318 3.2465154128436904 19
    endloop
  endfacet
  facet normal -0.7071067811865476 -0.7071067811865476 0
    outer loop
      vertex 1.4033009983067442 1.5267081477050137 19
      vertex 1.5267081477050137 1.4033009983067442 0
      vertex 1.5267081477050137 1.4033009983067442 19
    endloop
  endfacet
  facet normal 0 0 1
    outer loop
      vertex 1.4033009983067442 1.5267081477050137 19
      vertex 1.5267081477050137 1.4033009983067442 19
      vertex 1.468209628564292 3.122113748856437 19
    endloop
  endfacet
  facet normal -0.7071067811865641 0.707106781186531 0
    outer loop
      vertex 1.4033009983067442 168.47329185229498 0
      vertex 1.4033009983067442 168.47329185229498 19
      vertex 1.5267081477050137 168.59669900169325 19
    endloop
  endfacet
  facet normal 0 0 -1
    outer loop
      vertex 1.4033009983067442 168.47329185229498 0
      vertex 1.5267081477050137 168.59669900169325 0
      vertex 1.5267081477050137 1.4033009983067442 0
    endloop
  endfacet
  facet normal -0.7071067811865641 0.707106781186531 0
    outer loop
      vertex 1.4033009983067442 168.47329185229498 0
      vertex 1.5267081477050137 168.59669900169325 19
      vertex 1.5267081477050137 168.59669900169325 0
    endloop
  endfacet
  facet normal 0 0 1
    outer loop
      vertex 1.4033009983067442 168.47329185229498 19
      vertex 1.4048238148033318 166.75348458715632 19
      vertex 1.468209628564292 166.87788625114356 19
    endloop
  endfacet
  facet normal 0 0 1
    outer loop
      vertex 1.4033009983067442 168.47329185229498 19
      vertex 1.468209628564292 166.87788625114356 19
      vertex 1.5358983848622456 167 19
    endloop
  endfacet
  facet normal 0 0 1
    outer loop
      vertex 1.4033009983067442 168.47329185229498 19
      vertex 1.5358983848622456 167 19
      vertex 1.5267081477050137 168.59669900169325 19
    endloop
  endfacet
  facet normal 0.8910065241883679 0.45399049973954697 0
    outer loop
      vertex 1.4048238148033318 3.2465154128436904 13
      vertex 1.4048238148033318 3.2465154128436904 19
      vertex 1.468209628564292 3.122113748856437 13
    endloop
  endfacet
  facet normal 0 0 1
    outer loop
      vertex 1.4048238148033318 3.2465154128436904 13
      vertex 1.468209628564292 3.122113748856437 13
      vertex 1.4048238148033318 166.75348458715632 13
    endloop
  endfacet
  facet normal 0.8910065241883679 0.45399049973954697 0
    outer loop
      vertex 1.4048238148033318 3.2465154128436904 19
      vertex 1.468209628564292 3.122113748856437 19
      vertex 1.468209628564292 3.122113748856437 13
    endloop
  endfacet
  facet normal 0 0 1
    outer loop
      vertex 1.4048238148033318 166.75348458715632 13
      vertex 1.468209628564292 3.122113748856437 13
      vertex 1.468209628564292 166.87788625114356 13
    endloop
  endfacet
  facet normal 0.891006524188352 -0.4539904997395778 0
    outer loop
      vertex 1.4048238148033318 166.75348458715632 13
      vertex 1.468209628564292 166.87788625114356 13
      vertex 1.468209628564292 166.87788625114356 19
    endloop
  endfacet
  facet normal 0.891006524188352 -0.4539904997395778 0
    outer loop
      vertex 1.4048238148033318 166.75348458715632 13
      vertex 1.468209628564292 166.87788625114356 19
      vertex 1.4048238148033318 166.75348458715632 19
    endloop
  endfacet
  facet normal 0.8746197071393949 0.4848096202463389 0
    outer loop
      vertex 1.468209628564292 3.122113748856437 13
      vertex 1.468209628564292 3.122113748856437 19
      vertex 1.5358983848622456 3 13
    endloop
  endfacet
  facet normal 0 0 1
    outer loop
      vertex 1.468209628564292 3.122113748856437 13
      vertex 1.5358983848622456 3 13
      vertex 1.468209628564292 166.87788625114356 13
    endloop
  endfacet
  facet normal 0 0 1
    outer loop
      vertex 1.468209628564292 3.122113748856437 19
      vertex 1.5267081477050137 1.4033009983067442 19
      vertex 1.5358983848622456 3 19
    endloop
  endfacet
  facet normal 0.8746197071393949 0.4848096202463389 0
    outer loop
      vertex 1.468209628564292 3.122113748856437 19
      vertex 1.5358983848622456 3 19
      vertex 1.5358983848622456 3 13
    endloop
  endfacet
  facet normal 0 0 1
    outer loop
      vertex 1.468209628564292 166.87788625114356 13
      vertex 1.5358983848622456 3 13
      vertex 1.5358983848622456 167 13
    endloop
  endfacet
  facet normal 0.8746197071393917 -0.4848096202463442 0
    outer loop
      vertex 1.468209628564292 166.87788625114356 13
      vertex 1.5358983848622456 167 13
      vertex 1.5358983848622456 167 19
    endloop
  endfacet
  facet normal 0.8746197071393917 -0.4848096202463442 0
    outer loop
      vertex 1.468209628564292 166.87788625114356 13
      vertex 1.5358983848622456 167 19
      vertex 1.468209628564292 166.87788625114356 19
    endloop
  endfacet
  facet normal 0 0 -1
    outer loop
      vertex 1.5267081477050137 1.4033009983067442 0
      vertex 1.5267081477050137 168.59669900169325 0
      vertex 1.6543469682057088 1.284275872613029 0
    endloop
  endfacet
  facet normal -0.6819983600624983 -0.7313537016191707 0
    outer loop
      vertex 1.5267081477050137 1.4033009983067442 0
      vertex 1.6543469682057088 1.284275872613029 0
      vertex 1.5267081477050137 1.4033009983067442 19
    endloop
  endfacet
  facet normal 0 0 1
    outer loop
      vertex 1.5267081477050137 1.4033009983067442 19
      vertex 1.6078076153742962 2.8803229430671804 19
      vertex 1.5358983848622456 3 19
    endloop
  endfacet
  facet normal -0.6819983600624983 -0.7313537016191707 0
    outer loop
      vertex 1.5267081477050137 1.4033009983067442 19
      vertex 1.6543469682057088 1.284275872613029 0
      vertex 1.6543469682057088 1.284275872613029 19
    endloop
  endfacet
  facet normal 0 0 1
    outer loop
      vertex 1.5267081477050137 1.4033009983067442 19
      vertex 1.6543469682057088 1.284275872613029 19
      vertex 1.6078076153742962 2.8803229430671804 19
    endloop
  endfacet
  facet normal -0.6819983600625269 0.731353701619144 0
    outer loop
      vertex 1.5267081477050137 168.59669900169325 0
      vertex 1.5267081477050137 168.59669900169325 19
      vertex 1.6543469682057088 168.71572412738698 19
    endloop
  endfacet
  facet normal 0 0 -1
    outer loop
      vertex 1.5267081477050137 168.59669900169325 0
      vertex 1.6543469682057088 168.71572412738698 0
      vertex 1.6543469682057088 1.284275872613029 0
    endloop
  endfacet
  facet normal -0.6819983600625269 0.731353701619144 0
    outer loop
      vertex 1.5267081477050137 168.59669900169325 0
      vertex 1.6543469682057088 168.71572412738698 19
      vertex 1.6543469682057088 168.71572412738698 0
    endloop
  endfacet
  facet normal 0 0 1
    outer loop
      vertex 1.5267081477050137 168.59669900169325 19
      vertex 1.5358983848622456 167 19
      vertex 1.6078076153742962 167.11967705693283 19
    endloop
  endfacet
  facet normal 0 0 1
    outer loop
      vertex 1.5267081477050137 168.59669900169325 19
      vertex 1.6078076153742962 167.11967705693283 19
      vertex 1.6838497097798335 167.23677161388298 19
    endloop
  endfacet
  facet normal 0 0 1
    outer loop
      vertex 1.5267081477050137 168.59669900169325 19
      vertex 1.6838497097798335 167.23677161388298 19
      vertex 1.6543469682057088 168.71572412738698 19
    endloop
  endfacet
  facet normal 0.8571673007021123 0.515038074910054 0
    outer loop
      vertex 1.5358983848622456 3 13
      vertex 1.5358983848622456 3 19
      vertex 1.6078076153742962 2.8803229430671804 13
    endloop
  endfacet
  facet normal 0 0 1
    outer loop
      vertex 1.5358983848622456 3 13
      vertex 1.6078076153742962 2.8803229430671804 13
      vertex 1.5358983848622456 167 13
    endloop
  endfacet
  facet normal 0.8571673007021123 0.515038074910054 0
    outer loop
      vertex 1.5358983848622456 3 19
      vertex 1.6078076153742962 2.8803229430671804 19
      vertex 1.6078076153742962 2.8803229430671804 13
    endloop
  endfacet
  facet normal 0 0 1
    outer loop
      vertex 1.5358983848622456 167 13
      vertex 1.6078076153742962 2.8803229430671804 13
      vertex 1.6078076153742962 167.11967705693283 13
    endloop
  endfacet
  facet normal 0.8571673007021309 -0.5150380749100232 0
    outer loop
      vertex 1.5358983848622456 167 13
      vertex 1.6078076153742962 167.11967705693283 13
      vertex 1.6078076153742962 167.11967705693283 19
    endloop
  endfacet
  facet normal 0.8571673007021309 -0.5150380749100232 0
    outer loop
      vertex 1.5358983848622456 167 13
      vertex 1.6078076153742962 167.11967705693283 19
      vertex 1.5358983848622456 167 19
    endloop
  endfacet
  facet normal 0.8386705679454244 0.5446390350150265 0
    outer loop
      vertex 1.6078076153742962 2.8803229430671804 13
      vertex 1.6078076153742962 2.8803229430671804 19
      vertex 1.6838497097798335 2.7632283861170124 13
    endloop
  endfacet
  facet normal 0 0 1
    outer loop
      vertex 1.6078076153742962 2.8803229430671804 13
      vertex 1.6838497097798335 2.7632283861170124 13
      vertex 1.6078076153742962 167.11967705693283 13
    endloop
  endfacet
  facet normal 0 0 1
    outer loop
      vertex 1.6078076153742962 2.8803229430671804 19
      vertex 1.6543469682057088 1.284275872613029 19
      vertex 1.6838497097798335 2.7632283861170124 19
    endloop
  endfacet
  facet normal 0.8386705679454244 0.5446390350150265 0
    outer loop
      vertex 1.6078076153742962 2.8803229430671804 19
      vertex 1.6838497097798335 2.7632283861170124 19
      vertex 1.6838497097798335 2.7632283861170124 13
    endloop
  endfacet
  facet normal 0 0 1
    outer loop
      vertex 1.6078076153742962 167.11967705693283 13
      vertex 1.6838497097798335 2.7632283861170124 13
      vertex 1.6838497097798335 167.23677161388298 13
    endloop
  endfacet
  facet normal 0.8386705679453857 -0.544639035015086 0
    outer loop
      vertex 1.6078076153742962 167.11967705693283 13
      vertex 1.6838497097798335 167.23677161388298 13
      vertex 1.6838497097798335 167.23677161388298 19
    endloop
  endfacet
  facet normal 0.8386705679453857 -0.544639035015086 0
    outer loop
      vertex 1.6078076153742962 167.11967705693283 13
      vertex 1.6838497097798335 167.23677161388298 19
      vertex 1.6078076153742962 167.11967705693283 19
    endloop
  endfacet
  facet normal 0 0 -1
    outer loop
      vertex 1.6543469682057088 1.284275872613029 0
      vertex 1.6543469682057088 168.71572412738698 0
      vertex 1.7860619515673037 1.16977778440511 0
    endloop
  endfacet
  facet normal -0.6560590289905057 -0.7547095802227733 0
    outer loop
      vertex 1.6543469682057088 1.284275872613029 0
      vertex 1.7860619515673037 1.16977778440511 0
      vertex 1.6543469682057088 1.284275872613029 19
    endloop
  endfacet
  facet normal 0 0 1
    outer loop
      vertex 1.6543469682057088 1.284275872613029 19
      vertex 1.7639320225002102 2.6488589908301075 19
      vertex 1.6838497097798335 2.7632283861170124 19
    endloop
  endfacet
  facet normal -0.6560590289905057 -0.7547095802227733 0
    outer loop
      vertex 1.6543469682057088 1.284275872613029 19
      vertex 1.7860619515673037 1.16977778440511 0
      vertex 1.7860619515673037 1.16977778440511 19
    endloop
  endfacet
  facet normal 0 0 1
    outer loop
      vertex 1.6543469682057088 1.284275872613029 19
      vertex 1.7860619515673037 1.16977778440511 19
      vertex 1.7639320225002102 2.6488589908301075 19
    endloop
  endfacet
  facet normal -0.6560590289904753 0.7547095802227998 0
    outer loop
      vertex 1.6543469682057088 168.71572412738698 0
      vertex 1.6543469682057088 168.71572412738698 19
      vertex 1.7860619515673037 168.8302222155949 19
    endloop
  endfacet
  facet normal 0 0 -1
    outer loop
      vertex 1.6543469682057088 168.71572412738698 0
      vertex 1.7860619515673037 168.8302222155949 0
      vertex 1.7860619515673037 1.16977778440511 0
    endloop
  endfacet
  facet normal -0.6560590289904753 0.7547095802227998 0
    outer loop
      vertex 1.6543469682057088 168.71572412738698 0
      vertex 1.7860619515673037 168.8302222155949 19
      vertex 1.7860619515673037 168.8302222155949 0
    endloop
  endfacet
  facet normal 0 0 1
    outer loop
      vertex 1.6543469682057088 168.71572412738698 19
      vertex 1.6838497097798335 167.23677161388298 19
      vertex 1.7639320225002102 167.35114100916988 19
    endloop
  endfacet
  facet normal 0 0 1
    outer loop
      vertex 1.6543469682057088 168.71572412738698 19
      vertex 1.7639320225002102 167.35114100916988 19
      vertex 1.8479569855731124 167.46264590130264 19
    endloop
  endfacet
  facet normal 0 0 1
    outer loop
      vertex 1.6543469682057088 168.71572412738698 19
      vertex 1.8479569855731124 167.46264590130264 19
      vertex 1.7860619515673037 168.8302222155949 19
    endloop
  endfacet
  facet normal 0.8191520442889925 0.5735764363510452 0
    outer loop
      vertex 1.6838497097798335 2.7632283861170124 13
      vertex 1.6838497097798335 2.7632283861170124 19
      vertex 1.7639320225002102 2.6488589908301075 13
    endloop
  endfacet
  facet normal 0 0 1
    outer loop
      vertex 1.6838497097798335 2.7632283861170124 13
      vertex 1.7639320225002102 2.6488589908301075 13
      vertex 1.6838497097798335 167.23677161388298 13
    endloop
  endfacet
  facet normal 0.8191520442889925 0.5735764363510452 0
    outer loop
      vertex 1.6838497097798335 2.7632283861170124 19
      vertex 1.7639320225002102 2.6488589908301075 19
      vertex 1.7639320225002102 2.6488589908301075 13
    endloop
  endfacet
  facet normal 0 0 1
    outer loop
      vertex 1.6838497097798335 167.23677161388298 13
      vertex 1.7639320225002102 2.6488589908301075 13
      vertex 1.7639320225002102 167.35114100916988 13
    endloop
  endfacet
  facet normal 0.8191520442889809 -0.5735764363510616 0
    outer loop
      vertex 1.6838497097798335 167.23677161388298 13
      vertex 1.7639320225002102 167.35114100916988 13
      vertex 1.7639320225002102 167.35114100916988 19
    endloop
  endfacet
  facet normal 0.8191520442889809 -0.5735764363510616 0
    outer loop
      vertex 1.6838497097798335 167.23677161388298 13
      vertex 1.7639320225002102 167.35114100916988 19
      vertex 1.6838497097798335 167.23677161388298 19
    endloop
  endfacet
  facet normal 0.7986355100472917 0.6018150231520497 0
    outer loop
      vertex 1.7639320225002102 2.6488589908301075 13
      vertex 1.7639320225002102 2.6488589908301075 19
      vertex 1.8479569855731124 2.537354098697367 13
    endloop
  endfacet
  facet normal 0 0 1
    outer loop
      vertex 1.7639320225002102 2.6488589908301075 13
      vertex 1.8479569855731124 2.537354098697367 13
      vertex 1.7639320225002102 167.35114100916988 13
    endloop
  endfacet
  facet normal 0 0 1
    outer loop
      vertex 1.7639320225002102 2.6488589908301075 19
      vertex 1.7860619515673037 1.16977778440511 19
      vertex 1.8479569855731124 2.537354098697367 19
    endloop
  endfacet
  facet normal 0.7986355100472917 0.6018150231520497 0
    outer loop
      vertex 1.7639320225002102 2.6488589908301075 19
      vertex 1.8479569855731124 2.537354098697367 19
      vertex 1.8479569855731124 2.537354098697367 13
    endloop
  endfacet
  facet normal 0 0 1
    outer loop
      vertex 1.7639320225002102 167.35114100916988 13
      vertex 1.8479569855731124 2.537354098697367 13
      vertex 1.8479569855731124 167.46264590130264 13
    endloop
  endfacet
  facet normal 0.7986355100473344 -0.6018150231519931 0
    outer loop
      vertex 1.7639320225002102 167.35114100916988 13
      vertex 1.8479569855731124 167.46264590130264 13
      vertex 1.8479569855731124 167.46264590130264 19
    endloop
  endfacet
  facet normal 0.7986355100473344 -0.6018150231519931 0
    outer loop
      vertex 1.7639320225002102 167.35114100916988 13
      vertex 1.8479569855731124 167.46264590130264 19
      vertex 1.7639320225002102 167.35114100916988 19
    endloop
  endfacet
  facet normal 0 0 -1
    outer loop
      vertex 1.7860619515673037 1.16977778440511 0
      vertex 1.7860619515673037 168.8302222155949 0
      vertex 1.9216926233717087 1.0599462319663906 0
    endloop
  endfacet
  facet normal -0.6293203910498378 -0.7771459614569706 0
    outer loop
      vertex 1.7860619515673037 1.16977778440511 0
      vertex 1.9216926233717087 1.0599462319663906 0
      vertex 1.7860619515673037 1.16977778440511 19
    endloop
  endfacet
  facet normal -0.6293203910498378 -0.7771459614569706 0
    outer loop
      vertex 1.7860619515673037 1.16977778440511 19
      vertex 1.9216926233717087 1.0599462319663906 0
      vertex 1.9216926233717087 1.0599462319663906 19
    endloop
  endfacet
  facet normal 0 0 1
    outer loop
      vertex 1.7860619515673037 1.16977778440511 19
      vertex 1.9216926233717087 1.0599462319663906 19
      vertex 1.8479569855731124 2.537354098697367 19
    endloop
  endfacet
  facet normal -0.6293203910498408 0.7771459614569681 0
    outer loop
      vertex 1.7860619515673037 168.8302222155949 0
      vertex 1.7860619515673037 168.8302222155949 19
      vertex 1.9216926233717087 168.9400537680336 19
    endloop
  endfacet
  facet normal 0 0 -1
    outer loop
      vertex 1.7860619515673037 168.8302222155949 0
      vertex 1.9216926233717087 168.9400537680336 0
      vertex 1.9216926233717087 1.0599462319663906 0
    endloop
  endfacet
  facet normal -0.6293203910498408 0.7771459614569681 0
    outer loop
      vertex 1.7860619515673037 168.8302222155949 0
      vertex 1.9216926233717087 168.9400537680336 19
      vertex 1.9216926233717087 168.9400537680336 0
    endloop
  endfacet
  facet normal 0 0 1
    outer loop
      vertex 1.7860619515673037 168.8302222155949 19
      vertex 1.8479569855731124 167.46264590130264 19
      vertex 1.935822227524088 167.57115043874614 19
    endloop
  endfacet
  facet normal 0 0 1
    outer loop
      vertex 1.7860619515673037 168.8302222155949 19
      vertex 1.935822227524088 167.57115043874614 19
      vertex 1.9216926233717087 168.9400537680336 19
    endloop
  endfacet
  facet normal 0.7771459614569703 0.6293203910498381 0
    outer loop
      vertex 1.8479569855731124 2.537354098697367 13
      vertex 1.8479569855731124 2.537354098697367 19
      vertex 1.935822227524088 2.428849561253843 13
    endloop
  endfacet
  facet normal 0 0 1
    outer loop
      vertex 1.8479569855731124 2.537354098697367 13
      vertex 1.935822227524088 2.428849561253843 13
      vertex 1.8479569855731124 167.46264590130264 13
    endloop
  endfacet
  facet normal 0 0 1
    outer loop
      vertex 1.8479569855731124 2.537354098697367 19
      vertex 1.9216926233717087 1.0599462319663906 19
      vertex 1.935822227524088 2.428849561253843 19
    endloop
  endfacet
  facet normal 0.7771459614569703 0.6293203910498381 0
    outer loop
      vertex 1.8479569855731124 2.537354098697367 19
      vertex 1.935822227524088 2.428849561253843 19
      vertex 1.935822227524088 2.428849561253843 13
    endloop
  endfacet
  facet normal 0 0 1
    outer loop
      vertex 1.8479569855731124 167.46264590130264 13
      vertex 1.935822227524088 2.428849561253843 13
      vertex 1.935822227524088 167.57115043874614 13
    endloop
  endfacet
  facet normal 0.7771459614569263 -0.6293203910498926 0
    outer loop
      vertex 1.8479569855731124 167.46264590130264 13
      vertex 1.935822227524088 167.57115043874614 13
      vertex 1.935822227524088 167.57115043874614 19
    endloop
  endfacet
  facet normal 0.7771459614569263 -0.6293203910498926 0
    outer loop
      vertex 1.8479569855731124 167.46264590130264 13
      vertex 1.935822227524088 167.57115043874614 19
      vertex 1.8479569855731124 167.46264590130264 19
    endloop
  endfacet
  facet normal 0 0 -1
    outer loop
      vertex 1.9216926233717087 1.0599462319663906 0
      vertex 1.9216926233717087 168.9400537680336 0
      vertex 2.061073738537634 0.9549150281252627 0
    endloop
  endfacet
  facet normal -0.601815023152051 -0.7986355100472907 0
    outer loop
      vertex 1.9216926233717087 1.0599462319663906 0
      vertex 2.061073738537634 0.9549150281252627 0
      vertex 1.9216926233717087 1.0599462319663906 19
    endloop
  endfacet
  facet normal 0 0 1
    outer loop
      vertex 1.9216926233717087 1.0599462319663906 19
      vertex 2.027420698090423 2.323477574564567 19
      vertex 1.935822227524088 2.428849561253843 19
    endloop
  endfacet
  facet normal -0.601815023152051 -0.7986355100472907 0
    outer loop
      vertex 1.9216926233717087 1.0599462319663906 19
      vertex 2.061073738537634 0.9549150281252627 0
      vertex 2.061073738537634 0.9549150281252627 19
    endloop
  endfacet
  facet normal 0 0 1
    outer loop
      vertex 1.9216926233717087 1.0599462319663906 19
      vertex 2.061073738537634 0.9549150281252627 19
      vertex 2.027420698090423 2.323477574564567 19
    endloop
  endfacet
  facet normal -0.60181502315203 0.7986355100473067 0
    outer loop
      vertex 1.9216926233717087 168.9400537680336 0
      vertex 1.9216926233717087 168.9400537680336 19
      vertex 2.061073738537634 169.04508497187473 19
    endloop
  endfacet
  facet normal 0 0 -1
    outer loop
      vertex 1.9216926233717087 168.9400537680336 0
      vertex 2.061073738537634 169.04508497187473 0
      vertex 2.061073738537634 0.9549150281252627 0
    endloop
  endfacet
  facet normal -0.60181502315203 0.7986355100473067 0
    outer loop
      vertex 1.9216926233717087 168.9400537680336 0
      vertex 2.061073738537634 169.04508497187473 19
      vertex 2.061073738537634 169.04508497187473 0
    endloop
  endfacet
  facet normal 0 0 1
    outer loop
      vertex 1.9216926233717087 168.9400537680336 19
      vertex 1.935822227524088 167.57115043874614 19
      vertex 2.027420698090423 167.67652242543542 19
    endloop
  endfacet
  facet normal 0 0 1
    outer loop
      vertex 1.9216926233717087 168.9400537680336 19
      vertex 2.027420698090423 167.67652242543542 19
      vertex 2.1226407986453952 167.77863348183598 19
    endloop
  endfacet
  facet normal 0 0 1
    outer loop
      vertex 1.9216926233717087 168.9400537680336 19
      vertex 2.1226407986453952 167.77863348183598 19
      vertex 2.061073738537634 169.04508497187473 19
    endloop
  endfacet
  facet normal 0.7547095802227737 0.6560590289905054 0
    outer loop
      vertex 1.935822227524088 2.428849561253843 13
      vertex 1.935822227524088 2.428849561253843 19
      vertex 2.027420698090423 2.323477574564567 13
    endloop
  endfacet
  facet normal 0 0 1
    outer loop
      vertex 1.935822227524088 2.428849561253843 13
      vertex 2.027420698090423 2.323477574564567 13
      vertex 1.935822227524088 167.57115043874614 13
    endloop
  endfacet
  facet normal 0.7547095802227737 0.6560590289905054 0
    outer loop
      vertex 1.935822227524088 2.428849561253843 19
      vertex 2.027420698090423 2.323477574564567 19
      vertex 2.027420698090423 2.323477574564567 13
    endloop
  endfacet
  facet normal 0 0 1
    outer loop
      vertex 1.935822227524088 167.57115043874614 13
      vertex 2.027420698090423 2.323477574564567 13
      vertex 2.027420698090423 167.67652242543542 13
    endloop
  endfacet
  facet normal 0.7547095802227791 -0.6560590289904991 0
    outer loop
      vertex 1.935822227524088 167.57115043874614 13
      vertex 2.027420698090423 167.67652242543542 13
      vertex 2.027420698090423 167.67652242543542 19
    endloop
  endfacet
  facet normal 0.7547095802227791 -0.6560590289904991 0
    outer loop
      vertex 1.935822227524088 167.57115043874614 13
      vertex 2.027420698090423 167.67652242543542 19
      vertex 1.935822227524088 167.57115043874614 19
    endloop
  endfacet
  facet normal 0.7313537016191703 0.6819983600624987 0
    outer loop
      vertex 2.027420698090423 2.323477574564567 13
      vertex 2.027420698090423 2.323477574564567 19
      vertex 2.1226407986453952 2.221366518164011 13
    endloop
  endfacet
  facet normal 0 0 1
    outer loop
      vertex 2.027420698090423 2.323477574564567 13
      vertex 2.1226407986453952 2.221366518164011 13
      vertex 2.027420698090423 167.67652242543542 13
    endloop
  endfacet
  facet normal 0 0 1
    outer loop
      vertex 2.027420698090423 2.323477574564567 19
      vertex 2.061073738537634 0.9549150281252627 19
      vertex 2.1226407986453952 2.221366518164011 19
    endloop
  endfacet
  facet normal 0.7313537016191703 0.6819983600624987 0
    outer loop
      vertex 2.027420698090423 2.323477574564567 19
      vertex 2.1226407986453952 2.221366518164011 19
      vertex 2.1226407986453952 2.221366518164011 13
    endloop
  endfacet
  facet normal 0 0 1
    outer loop
      vertex 2.027420698090423 167.67652242543542 13
      vertex 2.1226407986453952 2.221366518164011 13
      vertex 2.1226407986453952 167.77863348183598 13
    endloop
  endfacet
  facet normal 0.7313537016191821 -0.6819983600624859 0
    outer loop
      vertex 2.027420698090423 167.67652242543542 13
      vertex 2.1226407986453952 167.77863348183598 13
      vertex 2.1226407986453952 167.77863348183598 19
    endloop
  endfacet
  facet normal 0.7313537016191821 -0.6819983600624859 0
    outer loop
      vertex 2.027420698090423 167.67652242543542 13
      vertex 2.1226407986453952 167.77863348183598 19
      vertex 2.027420698090423 167.67652242543542 19
    endloop
  endfacet
  facet normal 0 0 -1
    outer loop
      vertex 2.061073738537634 0.9549150281252627 0
      vertex 2.061073738537634 169.04508497187473 0
      vertex 2.2040354826462654 0.8548121372247923 0
    endloop
  endfacet
  facet normal -0.5735764363510432 -0.8191520442889938 0
    outer loop
      vertex 2.061073738537634 0.9549150281252627 0
      vertex 2.2040354826462654 0.8548121372247923 0
      vertex 2.061073738537634 0.9549150281252627 19
    endloop
  endfacet
  facet normal -0.5735764363510432 -0.8191520442889938 0
    outer loop
      vertex 2.061073738537634 0.9549150281252627 19
      vertex 2.2040354826462654 0.8548121372247923 0
      vertex 2.2040354826462654 0.8548121372247923 19
    endloop
  endfacet
  facet normal 0 0 1
    outer loop
      vertex 2.061073738537634 0.9549150281252627 19
      vertex 2.2040354826462654 0.8548121372247923 19
      vertex 2.1226407986453952 2.221366518164011 19
    endloop
  endfacet
  facet normal -0.5735764363510534 0.8191520442889867 0
    outer loop
      vertex 2.061073738537634 169.04508497187473 0
      vertex 2.061073738537634 169.04508497187473 19
      vertex 2.2040354826462654 169.1451878627752 19
    endloop
  endfacet
  facet normal 0 0 -1
    outer loop
      vertex 2.061073738537634 169.04508497187473 0
      vertex 2.2040354826462654 169.1451878627752 0
      vertex 2.2040354826462654 0.8548121372247923 0
    endloop
  endfacet
  facet normal -0.5735764363510534 0.8191520442889867 0
    outer loop
      vertex 2.061073738537634 169.04508497187473 0
      vertex 2.2040354826462654 169.1451878627752 19
      vertex 2.2040354826462654 169.1451878627752 0
    endloop
  endfacet
  facet normal 0 0 1
    outer loop
      vertex 2.061073738537634 169.04508497187473 19
      vertex 2.1226407986453952 167.77863348183598 19
      vertex 2.221366518164011 167.8773592013546 19
    endloop
  endfacet
  facet normal 0 0 1
    outer loop
      vertex 2.061073738537634 169.04508497187473 19
      vertex 2.221366518164011 167.8773592013546 19
      vertex 2.2040354826462654 169.1451878627752 19
    endloop
  endfacet
  facet normal 0.7071067811865475 0.7071067811865475 0
    outer loop
      vertex 2.1226407986453952 2.221366518164011 13
      vertex 2.1226407986453952 2.221366518164011 19
      vertex 2.221366518164011 2.1226407986453952 13
    endloop
  endfacet
  facet normal 0 0 1
    outer loop
      vertex 2.1226407986453952 2.221366518164011 13
      vertex 2.221366518164011 2.1226407986453952 13
      vertex 2.1226407986453952 167.77863348183598 13
    endloop
  endfacet
  facet normal 0 0 1
    outer loop
      vertex 2.1226407986453952 2.221366518164011 19
      vertex 2.2040354826462654 0.8548121372247923 19
      vertex 2.221366518164011 2.1226407986453952 19
    endloop
  endfacet
  facet normal 0.7071067811865475 0.7071067811865475 0
    outer loop
      vertex 2.1226407986453952 2.221366518164011 19
      vertex 2.221366518164011 2.1226407986453952 19
      vertex 2.221366518164011 2.1226407986453952 13
    endloop
  endfacet
  facet normal 0 0 1
    outer loop
      vertex 2.1226407986453952 167.77863348183598 13
      vertex 2.221366518164011 2.1226407986453952 13
      vertex 2.221366518164011 167.8773592013546 13
    endloop
  endfacet
  facet normal 0.7071067811865841 -0.7071067811865109 0
    outer loop
      vertex 2.1226407986453952 167.77863348183598 13
      vertex 2.221366518164011 167.8773592013546 13
      vertex 2.221366518164011 167.8773592013546 19
    endloop
  endfacet
  facet normal 0.7071067811865841 -0.7071067811865109 0
    outer loop
      vertex 2.1226407986453952 167.77863348183598 13
      vertex 2.221366518164011 167.8773592013546 19
      vertex 2.1226407986453952 167.77863348183598 19
    endloop
  endfacet
  facet normal 0 0 -1
    outer loop
      vertex 2.2040354826462654 0.8548121372247923 0
      vertex 2.2040354826462654 169.1451878627752 0
      vertex 2.3504036788339757 0.7597595192178703 0
    endloop
  endfacet
  facet normal -0.544639035015027 -0.838670567945424 0
    outer loop
      vertex 2.2040354826462654 0.8548121372247923 0
      vertex 2.3504036788339757 0.7597595192178703 0
      vertex 2.2040354826462654 0.8548121372247923 19
    endloop
  endfacet
  facet normal 0 0 1
    outer loop
      vertex 2.2040354826462654 0.8548121372247923 19
      vertex 2.323477574564567 2.027420698090423 19
      vertex 2.221366518164011 2.1226407986453952 19
    endloop
  endfacet
  facet normal -0.544639035015027 -0.838670567945424 0
    outer loop
      vertex 2.2040354826462654 0.8548121372247923 19
      vertex 2.3504036788339757 0.7597595192178703 0
      vertex 2.3504036788339757 0.7597595192178703 19
    endloop
  endfacet
  facet normal 0 0 1
    outer loop
      vertex 2.2040354826462654 0.8548121372247923 19
      vertex 2.3504036788339757 0.7597595192178703 19
      vertex 2.323477574564567 2.027420698090423 19
    endloop
  endfacet
  facet normal -0.5446390350150091 0.8386705679454358 0
    outer loop
      vertex 2.2040354826462654 169.1451878627752 0
      vertex 2.2040354826462654 169.1451878627752 19
      vertex 2.3504036788339757 169.24024048078212 19
    endloop
  endfacet
  facet normal 0 0 -1
    outer loop
      vertex 2.2040354826462654 169.1451878627752 0
      vertex 2.3504036788339757 169.24024048078212 0
      vertex 2.3504036788339757 0.7597595192178703 0
    endloop
  endfacet
  facet normal -0.5446390350150091 0.8386705679454358 0
    outer loop
      vertex 2.2040354826462654 169.1451878627752 0
      vertex 2.3504036788339757 169.24024048078212 19
      vertex 2.3504036788339757 169.24024048078212 0
    endloop
  endfacet
  facet normal 0 0 1
    outer loop
      vertex 2.2040354826462654 169.1451878627752 19
      vertex 2.221366518164011 167.8773592013546 19
      vertex 2.323477574564567 167.97257930190958 19
    endloop
  endfacet
  facet normal 0 0 1
    outer loop
      vertex 2.2040354826462654 169.1451878627752 19
      vertex 2.323477574564567 167.97257930190958 19
      vertex 2.428849561253843 168.06417777247592 19
    endloop
  endfacet
  facet normal 0 0 1
    outer loop
      vertex 2.2040354826462654 169.1451878627752 19
      vertex 2.428849561253843 168.06417777247592 19
      vertex 2.3504036788339757 169.24024048078212 19
    endloop
  endfacet
  facet normal 0.6819983600624987 0.7313537016191703 0
    outer loop
      vertex 2.221366518164011 2.1226407986453952 13
      vertex 2.221366518164011 2.1226407986453952 19
      vertex 2.323477574564567 2.027420698090423 13
    endloop
  endfacet
  facet normal 0 0 1
    outer loop
      vertex 2.221366518164011 2.1226407986453952 13
      vertex 2.323477574564567 2.027420698090423 13
      vertex 2.221366518164011 167.8773592013546 13
    endloop
  endfacet
  facet normal 0.6819983600624987 0.7313537016191703 0
    outer loop
      vertex 2.221366518164011 2.1226407986453952 19
      vertex 2.323477574564567 2.027420698090423 19
      vertex 2.323477574564567 2.027420698090423 13
    endloop
  endfacet
  facet normal 0 0 1
    outer loop
      vertex 2.221366518164011 167.8773592013546 13
      vertex 2.323477574564567 2.027420698090423 13
      vertex 2.323477574564567 167.97257930190958 13
    endloop
  endfacet
  facet normal 0.6819983600624833 -0.7313537016191847 0
    outer loop
      vertex 2.221366518164011 167.8773592013546 13
      vertex 2.323477574564567 167.97257930190958 13
      vertex 2.323477574564567 167.97257930190958 19
    endloop
  endfacet
  facet normal 0.6819983600624833 -0.7313537016191847 0
    outer loop
      vertex 2.221366518164011 167.8773592013546 13
      vertex 2.323477574564567 167.97257930190958 19
      vertex 2.221366518164011 167.8773592013546 19
    endloop
  endfacet
  facet normal 0.6560590289905054 0.7547095802227737 0
    outer loop
      vertex 2.323477574564567 2.027420698090423 13
      vertex 2.323477574564567 2.027420698090423 19
      vertex 2.428849561253843 1.935822227524088 13
    endloop
  endfacet
  facet normal 0 0 1
    outer loop
      vertex 2.323477574564567 2.027420698090423 13
      vertex 2.428849561253843 1.935822227524088 13
      vertex 2.323477574564567 167.97257930190958 13
    endloop
  endfacet
  facet normal 0 0 1
    outer loop
      vertex 2.323477574564567 2.027420698090423 19
      vertex 2.3504036788339757 0.7597595192178703 19
      vertex 2.428849561253843 1.935822227524088 19
    endloop
  endfacet
  facet normal 0.6560590289905054 0.7547095802227737 0
    outer loop
      vertex 2.323477574564567 2.027420698090423 19
      vertex 2.428849561253843 1.935822227524088 19
      vertex 2.428849561253843 1.935822227524088 13
    endloop
  endfacet
  facet normal 0 0 1
    outer loop
      vertex 2.323477574564567 167.97257930190958 13
      vertex 2.428849561253843 1.935822227524088 13
      vertex 2.428849561253843 168.06417777247592 13
    endloop
  endfacet
  facet normal 0.6560590289905217 -0.7547095802227595 0
    outer loop
      vertex 2.323477574564567 167.97257930190958 13
      vertex 2.428849561253843 168.06417777247592 13
      vertex 2.428849561253843 168.06417777247592 19
    endloop
  endfacet
  facet normal 0.6560590289905217 -0.7547095802227595 0
    outer loop
      vertex 2.323477574564567 167.97257930190958 13
      vertex 2.428849561253843 168.06417777247592 19
      vertex 2.323477574564567 167.97257930190958 19
    endloop
  endfacet
  facet normal 0 0 -1
    outer loop
      vertex 2.3504036788339757 0.7597595192178703 0
      vertex 2.3504036788339757 169.24024048078212 0
      vertex 2.5 0.6698729810778072 0
    endloop
  endfacet
  facet normal -0.5150380749100543 -0.8571673007021123 0
    outer loop
      vertex 2.3504036788339757 0.7597595192178703 0
      vertex 2.5 0.6698729810778072 0
      vertex 2.3504036788339757 0.7597595192178703 19
    endloop
  endfacet
  facet normal -0.5150380749100543 -0.8571673007021123 0
    outer loop
      vertex 2.3504036788339757 0.7597595192178703 19
      vertex 2.5 0.6698729810778072 0
      vertex 2.5 0.6698729810778072 19
    endloop
  endfacet
  facet normal 0 0 1
    outer loop
      vertex 2.3504036788339757 0.7597595192178703 19
      vertex 2.5 0.6698729810778072 19
      vertex 2.428849561253843 1.935822227524088 19
    endloop
  endfacet
  facet normal -0.5150380749100579 0.8571673007021101 0
    outer loop
      vertex 2.3504036788339757 169.24024048078212 0
      vertex 2.3504036788339757 169.24024048078212 19
      vertex 2.5 169.33012701892218 19
    endloop
  endfacet
  facet normal 0 0 -1
    outer loop
      vertex 2.3504036788339757 169.24024048078212 0
      vertex 2.5 169.33012701892218 0
      vertex 2.5 0.6698729810778072 0
    endloop
  endfacet
  facet normal -0.5150380749100579 0.8571673007021101 0
    outer loop
      vertex 2.3504036788339757 169.24024048078212 0
      vertex 2.5 169.33012701892218 19
      vertex 2.5 169.33012701892218 0
    endloop
  endfacet
  facet normal 0 0 1
    outer loop
      vertex 2.3504036788339757 169.24024048078212 19
      vertex 2.428849561253843 168.06417777247592 19
      vertex 2.537354098697367 168.15204301442688 19
    endloop
  endfacet
  facet normal 0 0 1
    outer loop
      vertex 2.3504036788339757 169.24024048078212 19
      vertex 2.537354098697367 168.15204301442688 19
      vertex 2.5 169.33012701892218 19
    endloop
  endfacet
  facet normal 0.6293203910498381 0.7771459614569703 0
    outer loop
      vertex 2.428849561253843 1.935822227524088 13
      vertex 2.428849561253843 1.935822227524088 19
      vertex 2.537354098697367 1.8479569855731124 13
    endloop
  endfacet
  facet normal 0 0 1
    outer loop
      vertex 2.428849561253843 1.935822227524088 13
      vertex 2.537354098697367 1.8479569855731124 13
      vertex 2.428849561253843 168.06417777247592 13
    endloop
  endfacet
  facet normal 0 0 1
    outer loop
      vertex 2.428849561253843 1.935822227524088 19
      vertex 2.5 0.6698729810778072 19
      vertex 2.537354098697367 1.8479569855731124 19
    endloop
  endfacet
  facet normal 0.6293203910498381 0.7771459614569703 0
    outer loop
      vertex 2.428849561253843 1.935822227524088 19
      vertex 2.537354098697367 1.8479569855731124 19
      vertex 2.537354098697367 1.8479569855731124 13
    endloop
  endfacet
  facet normal 0 0 1
    outer loop
      vertex 2.428849561253843 168.06417777247592 13
      vertex 2.537354098697367 1.8479569855731124 13
      vertex 2.537354098697367 168.15204301442688 13
    endloop
  endfacet
  facet normal 0.629320391049792 -0.7771459614570077 0
    outer loop
      vertex 2.428849561253843 168.06417777247592 13
      vertex 2.537354098697367 168.15204301442688 13
      vertex 2.537354098697367 168.15204301442688 19
    endloop
  endfacet
  facet normal 0.629320391049792 -0.7771459614570077 0
    outer loop
      vertex 2.428849561253843 168.06417777247592 13
      vertex 2.537354098697367 168.15204301442688 19
      vertex 2.428849561253843 168.06417777247592 19
    endloop
  endfacet
  facet normal 0 0 -1
    outer loop
      vertex 2.5 0.6698729810778072 0
      vertex 2.5 169.33012701892218 0
      vertex 2.652642186070546 0.5852620357053651 0
    endloop
  endfacet
  facet normal -0.4848096202463409 -0.8746197071393936 0
    outer loop
      vertex 2.5 0.6698729810778072 0
      vertex 2.652642186070546 0.5852620357053651 0
      vertex 2.5 0.6698729810778072 19
    endloop
  endfacet
  facet normal 0 0 1
    outer loop
      vertex 2.5 0.6698729810778072 19
      vertex 2.6488589908301075 1.7639320225002102 19
      vertex 2.537354098697367 1.8479569855731124 19
    endloop
  endfacet
  facet normal -0.4848096202463409 -0.8746197071393936 0
    outer loop
      vertex 2.5 0.6698729810778072 19
      vertex 2.652642186070546 0.5852620357053651 0
      vertex 2.652642186070546 0.5852620357053651 19
    endloop
  endfacet
  facet normal 0 0 1
    outer loop
      vertex 2.5 0.6698729810778072 19
      vertex 2.652642186070546 0.5852620357053651 19
      vertex 2.6488589908301075 1.7639320225002102 19
    endloop
  endfacet
  facet normal -0.48480962024636043 0.874619707139383 0
    outer loop
      vertex 2.5 169.33012701892218 0
      vertex 2.5 169.33012701892218 19
      vertex 2.652642186070546 169.41473796429463 19
    endloop
  endfacet
  facet normal 0 0 -1
    outer loop
      vertex 2.5 169.33012701892218 0
      vertex 2.652642186070546 169.41473796429463 0
      vertex 2.652642186070546 0.5852620357053651 0
    endloop
  endfacet
  facet normal -0.48480962024636043 0.874619707139383 0
    outer loop
      vertex 2.5 169.33012701892218 0
      vertex 2.652642186070546 169.41473796429463 19
      vertex 2.652642186070546 169.41473796429463 0
    endloop
  endfacet
  facet normal 0 0 1
    outer loop
      vertex 2.5 169.33012701892218 19
      vertex 2.537354098697367 168.15204301442688 19
      vertex 2.6488589908301075 168.2360679774998 19
    endloop
  endfacet
  facet normal 0 0 1
    outer loop
      vertex 2.5 169.33012701892218 19
      vertex 2.6488589908301075 168.2360679774998 19
      vertex 2.7632283861170124 168.31615029022018 19
    endloop
  endfacet
  facet normal 0 0 1
    outer loop
      vertex 2.5 169.33012701892218 19
      vertex 2.7632283861170124 168.31615029022018 19
      vertex 2.652642186070546 169.41473796429463 19
    endloop
  endfacet
  facet normal 0.6018150231520497 0.7986355100472917 0
    outer loop
      vertex 2.537354098697367 1.8479569855731124 13
      vertex 2.537354098697367 1.8479569855731124 19
      vertex 2.6488589908301075 1.7639320225002102 13
    endloop
  endfacet
  facet normal 0 0 1
    outer loop
      vertex 2.537354098697367 1.8479569855731124 13
      vertex 2.6488589908301075 1.7639320225002102 13
      vertex 2.537354098697367 168.15204301442688 13
    endloop
  endfacet
  facet normal 0.6018150231520497 0.7986355100472917 0
    outer loop
      vertex 2.537354098697367 1.8479569855731124 19
      vertex 2.6488589908301075 1.7639320225002102 19
      vertex 2.6488589908301075 1.7639320225002102 13
    endloop
  endfacet
  facet normal 0 0 1
    outer loop
      vertex 2.537354098697367 168.15204301442688 13
      vertex 2.6488589908301075 1.7639320225002102 13
      vertex 2.6488589908301075 168.2360679774998 13
    endloop
  endfacet
  facet normal 0.6018150231521329 -0.7986355100472291 0
    outer loop
      vertex 2.537354098697367 168.15204301442688 13
      vertex 2.6488589908301075 168.2360679774998 13
      vertex 2.6488589908301075 168.2360679774998 19
    endloop
  endfacet
  facet normal 0.6018150231521329 -0.7986355100472291 0
    outer loop
      vertex 2.537354098697367 168.15204301442688 13
      vertex 2.6488589908301075 168.2360679774998 19
      vertex 2.537354098697367 168.15204301442688 19
    endloop
  endfacet
  facet normal 0.5735764363510452 0.8191520442889925 0
    outer loop
      vertex 2.6488589908301075 1.7639320225002102 13
      vertex 2.6488589908301075 1.7639320225002102 19
      vertex 2.7632283861170124 1.6838497097798335 13
    endloop
  endfacet
  facet normal 0 0 1
    outer loop
      vertex 2.6488589908301075 1.7639320225002102 13
      vertex 2.7632283861170124 1.6838497097798335 13
      vertex 2.6488589908301075 168.2360679774998 13
    endloop
  endfacet
  facet normal 0 0 1
    outer loop
      vertex 2.6488589908301075 1.7639320225002102 19
      vertex 2.652642186070546 0.5852620357053651 19
      vertex 2.7632283861170124 1.6838497097798335 19
    endloop
  endfacet
  facet normal 0.5735764363510452 0.8191520442889925 0
    outer loop
      vertex 2.6488589908301075 1.7639320225002102 19
      vertex 2.7632283861170124 1.6838497097798335 19
      vertex 2.7632283861170124 1.6838497097798335 13
    endloop
  endfacet
  facet normal 0 0 1
    outer loop
      vertex 2.6488589908301075 168.2360679774998 13
      vertex 2.7632283861170124 1.6838497097798335 13
      vertex 2.7632283861170124 168.31615029022018 13
    endloop
  endfacet
  facet normal 0.5735764363510537 -0.8191520442889865 0
    outer loop
      vertex 2.6488589908301075 168.2360679774998 13
      vertex 2.7632283861170124 168.31615029022018 13
      vertex 2.7632283861170124 168.31615029022018 19
    endloop
  endfacet
  facet normal 0.5735764363510537 -0.8191520442889865 0
    outer loop
      vertex 2.6488589908301075 168.2360679774998 13
      vertex 2.7632283861170124 168.31615029022018 19
      vertex 2.6488589908301075 168.2360679774998 19
    endloop
  endfacet
  facet normal 0 0 -1
    outer loop
      vertex 2.652642186070546 0.5852620357053651 0
      vertex 2.652642186070546 169.41473796429463 0
      vertex 2.808144266054613 0.506029768504165 0
    endloop
  endfacet
  facet normal -0.45399049973954486 -0.8910065241883689 0
    outer loop
      vertex 2.652642186070546 0.5852620357053651 0
      vertex 2.808144266054613 0.506029768504165 0
      vertex 2.652642186070546 0.5852620357053651 19
    endloop
  endfacet
  facet normal -0.45399049973954486 -0.8910065241883689 0
    outer loop
      vertex 2.652642186070546 0.5852620357053651 19
      vertex 2.808144266054613 0.506029768504165 0
      vertex 2.808144266054613 0.506029768504165 19
    endloop
  endfacet
  facet normal 0 0 1
    outer loop
      vertex 2.652642186070546 0.5852620357053651 19
      vertex 2.808144266054613 0.506029768504165 19
      vertex 2.7632283861170124 1.6838497097798335 19
    endloop
  endfacet
  facet normal -0.4539904997395731 0.8910065241883545 0
    outer loop
      vertex 2.652642186070546 169.41473796429463 0
      vertex 2.652642186070546 169.41473796429463 19
      vertex 2.808144266054613 169.49397023149584 19
    endloop
  endfacet
  facet normal 0 0 -1
    outer loop
      vertex 2.652642186070546 169.41473796429463 0
      vertex 2.808144266054613 169.49397023149584 0
      vertex 2.808144266054613 0.506029768504165 0
    endloop
  endfacet
  facet normal -0.4539904997395731 0.8910065241883545 0
    outer loop
      vertex 2.652642186070546 169.41473796429463 0
      vertex 2.808144266054613 169.49397023149584 19
      vertex 2.808144266054613 169.49397023149584 0
    endloop
  endfacet
  facet normal 0 0 1
    outer loop
      vertex 2.652642186070546 169.41473796429463 19
      vertex 2.7632283861170124 168.31615029022018 19
      vertex 2.8803229430671804 168.3921923846257 19
    endloop
  endfacet
  facet normal 0 0 1
    outer loop
      vertex 2.652642186070546 169.41473796429463 19
      vertex 2.8803229430671804 168.3921923846257 19
      vertex 2.808144266054613 169.49397023149584 19
    endloop
  endfacet
  facet normal 0.5446390350150265 0.8386705679454244 0
    outer loop
      vertex 2.7632283861170124 1.6838497097798335 13
      vertex 2.7632283861170124 1.6838497097798335 19
      vertex 2.8803229430671804 1.6078076153742962 13
    endloop
  endfacet
  facet normal 0 0 1
    outer loop
      vertex 2.7632283861170124 1.6838497097798335 13
      vertex 2.8803229430671804 1.6078076153742962 13
      vertex 2.7632283861170124 168.31615029022018 13
    endloop
  endfacet
  facet normal 0 0 1
    outer loop
      vertex 2.7632283861170124 1.6838497097798335 19
      vertex 2.808144266054613 0.506029768504165 19
      vertex 2.8803229430671804 1.6078076153742962 19
    endloop
  endfacet
  facet normal 0.5446390350150265 0.8386705679454244 0
    outer loop
      vertex 2.7632283861170124 1.6838497097798335 19
      vertex 2.8803229430671804 1.6078076153742962 19
      vertex 2.8803229430671804 1.6078076153742962 13
    endloop
  endfacet
  facet normal 0 0 1
    outer loop
      vertex 2.7632283861170124 168.31615029022018 13
      vertex 2.8803229430671804 1.6078076153742962 13
      vertex 2.8803229430671804 168.3921923846257 13
    endloop
  endfacet
  facet normal 0.5446390350149527 -0.8386705679454723 0
    outer loop
      vertex 2.7632283861170124 168.31615029022018 13
      vertex 2.8803229430671804 168.3921923846257 13
      vertex 2.8803229430671804 168.3921923846257 19
    endloop
  endfacet
  facet normal 0.5446390350149527 -0.8386705679454723 0
    outer loop
      vertex 2.7632283861170124 168.31615029022018 13
      vertex 2.8803229430671804 168.3921923846257 19
      vertex 2.7632283861170124 168.31615029022018 19
    endloop
  endfacet
  facet normal 0 0 -1
    outer loop
      vertex 2.808144266054613 0.506029768504165 0
      vertex 2.808144266054613 169.49397023149584 0
      vertex 2.966316784620999 0.4322727117869958 0
    endloop
  endfacet
  facet normal -0.4226182617406987 -0.9063077870366502 0
    outer loop
      vertex 2.808144266054613 0.506029768504165 0
      vertex 2.966316784620999 0.4322727117869958 0
      vertex 2.808144266054613 0.506029768504165 19
    endloop
  endfacet
  facet normal -0.4226182617406987 -0.9063077870366502 0
    outer loop
      vertex 2.808144266054613 0.506029768504165 19
      vertex 2.966316784620999 0.4322727117869958 0
      vertex 2.966316784620999 0.4322727117869958 19
    endloop
  endfacet
  facet normal 0 0 1
    outer loop
      vertex 2.808144266054613 0.506029768504165 19
      vertex 2.966316784620999 0.4322727117869958 19
      vertex 2.8803229430671804 1.6078076153742962 19
    endloop
  endfacet
  facet normal -0.42261826174070294 0.9063077870366484 0
    outer loop
      vertex 2.808144266054613 169.49397023149584 0
      vertex 2.808144266054613 169.49397023149584 19
      vertex 2.966316784620999 169.567727288213 19
    endloop
  endfacet
  facet normal 0 0 -1
    outer loop
      vertex 2.808144266054613 169.49397023149584 0
      vertex 2.966316784620999 169.567727288213 0
      vertex 2.966316784620999 0.4322727117869958 0
    endloop
  endfacet
  facet normal -0.42261826174070294 0.9063077870366484 0
    outer loop
      vertex 2.808144266054613 169.49397023149584 0
      vertex 2.966316784620999 169.567727288213 19
      vertex 2.966316784620999 169.567727288213 0
    endloop
  endfacet
  facet normal 0 0 1
    outer loop
      vertex 2.808144266054613 169.49397023149584 19
      vertex 2.8803229430671804 168.3921923846257 19
      vertex 3 168.46410161513776 19
    endloop
  endfacet
  facet normal 0 0 1
    outer loop
      vertex 2.808144266054613 169.49397023149584 19
      vertex 3 168.46410161513776 19
      vertex 2.966316784620999 169.567727288213 19
    endloop
  endfacet
  facet normal 0.515038074910054 0.8571673007021123 0
    outer loop
      vertex 2.8803229430671804 1.6078076153742962 13
      vertex 2.8803229430671804 1.6078076153742962 19
      vertex 3 1.5358983848622456 13
    endloop
  endfacet
  facet normal 0 0 1
    outer loop
      vertex 2.8803229430671804 1.6078076153742962 13
      vertex 3 1.5358983848622456 13
      vertex 2.8803229430671804 168.3921923846257 13
    endloop
  endfacet
  facet normal 0 0 1
    outer loop
      vertex 2.8803229430671804 1.6078076153742962 19
      vertex 2.966316784620999 0.4322727117869958 19
      vertex 3 1.5358983848622456 19
    endloop
  endfacet
  facet normal 0.515038074910054 0.8571673007021123 0
    outer loop
      vertex 2.8803229430671804 1.6078076153742962 19
      vertex 3 1.5358983848622456 19
      vertex 3 1.5358983848622456 13
    endloop
  endfacet
  facet normal 0 0 1
    outer loop
      vertex 2.8803229430671804 168.3921923846257 13
      vertex 3 1.5358983848622456 13
      vertex 3 168.46410161513776 13
    endloop
  endfacet
  facet normal 0.5150380749101172 -0.8571673007020745 0
    outer loop
      vertex 2.8803229430671804 168.3921923846257 13
      vertex 3 168.46410161513776 13
      vertex 3 168.46410161513776 19
    endloop
  endfacet
  facet normal 0.5150380749101172 -0.8571673007020745 0
    outer loop
      vertex 2.8803229430671804 168.3921923846257 13
      vertex 3 168.46410161513776 19
      vertex 2.8803229430671804 168.3921923846257 19
    endloop
  endfacet
  facet normal 0 0 -1
    outer loop
      vertex 2.966316784620999 0.4322727117869958 0
      vertex 2.966316784620999 169.567727288213 0
      vertex 3.12696703292044 0.3640807271660629 0
    endloop
  endfacet
  facet normal -0.39073112848927444 -0.92050485345244 0
    outer loop
      vertex 2.966316784620999 0.4322727117869958 0
      vertex 3.12696703292044 0.3640807271660629 0
      vertex 2.966316784620999 0.4322727117869958 19
    endloop
  endfacet
  facet normal 0 0 1
    outer loop
      vertex 2.966316784620999 0.4322727117869958 19
      vertex 3.122113748856437 1.468209628564292 19
      vertex 3 1.5358983848622456 19
    endloop
  endfacet
  facet normal -0.39073112848927444 -0.92050485345244 0
    outer loop
      vertex 2.966316784620999 0.4322727117869958 19
      vertex 3.12696703292044 0.3640807271660629 0
      vertex 3.12696703292044 0.3640807271660629 19
    endloop
  endfacet
  facet normal 0 0 1
    outer loop
      vertex 2.966316784620999 0.4322727117869958 19
      vertex 3.12696703292044 0.3640807271660629 19
      vertex 3.122113748856437 1.468209628564292 19
    endloop
  endfacet
  facet normal -0.3907311284893003 0.920504853452429 0
    outer loop
      vertex 2.966316784620999 169.567727288213 0
      vertex 2.966316784620999 169.567727288213 19
      vertex 3.12696703292044 169.63591927283395 19
    endloop
  endfacet
  facet normal 0 0 -1
    outer loop
      vertex 2.966316784620999 169.567727288213 0
      vertex 3.12696703292044 169.63591927283395 0
      vertex 3.12696703292044 0.3640807271660629 0
    endloop
  endfacet
  facet normal -0.3907311284893003 0.920504853452429 0
    outer loop
      vertex 2.966316784620999 169.567727288213 0
      vertex 3.12696703292044 169.63591927283395 19
      vertex 3.12696703292044 169.63591927283395 0
    endloop
  endfacet
  facet normal 0 0 1
    outer loop
      vertex 2.966316784620999 169.567727288213 19
      vertex 3 168.46410161513776 19
      vertex 3.122113748856437 168.5317903714357 19
    endloop
  endfacet
  facet normal 0 0 1
    outer loop
      vertex 2.966316784620999 169.567727288213 19
      vertex 3.122113748856437 168.5317903714357 19
      vertex 3.2465154128436904 168.59517618519666 19
    endloop
  endfacet
  facet normal 0 0 1
    outer loop
      vertex 2.966316784620999 169.567727288213 19
      vertex 3.2465154128436904 168.59517618519666 19
      vertex 3.12696703292044 169.63591927283395 19
    endloop
  endfacet
  facet normal 0.4848096202463389 0.8746197071393949 0
    outer loop
      vertex 3 1.5358983848622456 13
      vertex 3 1.5358983848622456 19
      vertex 3.122113748856437 1.468209628564292 13
    endloop
  endfacet
  facet normal 0 0 1
    outer loop
      vertex 3 1.5358983848622456 13
      vertex 3.122113748856437 1.468209628564292 13
      vertex 3 168.46410161513776 13
    endloop
  endfacet
  facet normal 0.4848096202463389 0.8746197071393949 0
    outer loop
      vertex 3 1.5358983848622456 19
      vertex 3.122113748856437 1.468209628564292 19
      vertex 3.122113748856437 1.468209628564292 13
    endloop
  endfacet
  facet normal 0 0 1
    outer loop
      vertex 3 168.46410161513776 13
      vertex 3.122113748856437 1.468209628564292 13
      vertex 3.122113748856437 168.5317903714357 13
    endloop
  endfacet
  facet normal 0.4848096202462658 -0.8746197071394352 0
    outer loop
      vertex 3 168.46410161513776 13
      vertex 3.122113748856437 168.5317903714357 13
      vertex 3.122113748856437 168.5317903714357 19
    endloop
  endfacet
  facet normal 0.4848096202462658 -0.8746197071394352 0
    outer loop
      vertex 3 168.46410161513776 13
      vertex 3.122113748856437 168.5317903714357 19
      vertex 3 168.46410161513776 19
    endloop
  endfacet
  facet normal 0.45399049973954697 0.8910065241883679 0
    outer loop
      vertex 3.122113748856437 1.468209628564292 13
      vertex 3.122113748856437 1.468209628564292 19
      vertex 3.2465154128436904 1.4048238148033318 13
    endloop
  endfacet
  facet normal 0 0 1
    outer loop
      vertex 3.122113748856437 1.468209628564292 13
      vertex 3.2465154128436904 1.4048238148033318 13
      vertex 3.122113748856437 168.5317903714357 13
    endloop
  endfacet
  facet normal 0 0 1
    outer loop
      vertex 3.122113748856437 1.468209628564292 19
      vertex 3.12696703292044 0.3640807271660629 19
      vertex 3.2465154128436904 1.4048238148033318 19
    endloop
  endfacet
  facet normal 0.45399049973954697 0.8910065241883679 0
    outer loop
      vertex 3.122113748856437 1.468209628564292 19
      vertex 3.2465154128436904 1.4048238148033318 19
      vertex 3.2465154128436904 1.4048238148033318 13
    endloop
  endfacet
  facet normal 0 0 1
    outer loop
      vertex 3.122113748856437 168.5317903714357 13
      vertex 3.2465154128436904 1.4048238148033318 13
      vertex 3.2465154128436904 168.59517618519666 13
    endloop
  endfacet
  facet normal 0.45399049973954186 -0.8910065241883705 0
    outer loop
      vertex 3.122113748856437 168.5317903714357 13
      vertex 3.2465154128436904 168.59517618519666 13
      vertex 3.2465154128436904 168.59517618519666 19
    endloop
  endfacet
  facet normal 0.45399049973954186 -0.8910065241883705 0
    outer loop
      vertex 3.122113748856437 168.5317903714357 13
      vertex 3.2465154128436904 168.59517618519666 19
      vertex 3.122113748856437 168.5317903714357 19
    endloop
  endfacet
  facet normal 0 0 -1
    outer loop
      vertex 3.12696703292044 0.3640807271660629 0
      vertex 3.12696703292044 169.63591927283395 0
      vertex 3.2898992833716565 0.3015368960704574 0
    endloop
  endfacet
  facet normal -0.35836794954530343 -0.9335804264972006 0
    outer loop
      vertex 3.12696703292044 0.3640807271660629 0
      vertex 3.2898992833716565 0.3015368960704574 0
      vertex 3.12696703292044 0.3640807271660629 19
    endloop
  endfacet
  facet normal -0.35836794954530343 -0.9335804264972006 0
    outer loop
      vertex 3.12696703292044 0.3640807271660629 19
      vertex 3.2898992833716565 0.3015368960704574 0
      vertex 3.2898992833716565 0.3015368960704574 19
    endloop
  endfacet
  facet normal 0 0 1
    outer loop
      vertex 3.12696703292044 0.3640807271660629 19
      vertex 3.2898992833716565 0.3015368960704574 19
      vertex 3.2465154128436904 1.4048238148033318 19
    endloop
  endfacet
  facet normal -0.35836794954532564 0.9335804264971921 0
    outer loop
      vertex 3.12696703292044 169.63591927283395 0
      vertex 3.12696703292044 169.63591927283395 19
      vertex 3.2898992833716565 169.69846310392956 19
    endloop
  endfacet
  facet normal 0 0 -1
    outer loop
      vertex 3.12696703292044 169.63591927283395 0
      vertex 3.2898992833716565 169.69846310392956 0
      vertex 3.2898992833716565 0.3015368960704574 0
    endloop
  endfacet
  facet normal -0.35836794954532564 0.9335804264971921 0
    outer loop
      vertex 3.12696703292044 169.63591927283395 0
      vertex 3.2898992833716565 169.69846310392956 19
      vertex 3.2898992833716565 169.69846310392956 0
    endloop
  endfacet
  facet normal 0 0 1
    outer loop
      vertex 3.12696703292044 169.63591927283395 19
      vertex 3.2465154128436904 168.59517618519666 19
      vertex 3.3730534276967994 168.6541818305704 19
    endloop
  endfacet
  facet normal 0 0 1
    outer loop
      vertex 3.12696703292044 169.63591927283395 19
      vertex 3.3730534276967994 168.6541818305704 19
      vertex 3.2898992833716565 169.69846310392956 19
    endloop
  endfacet
  facet normal 0.4226182617406972 0.9063077870366509 0
    outer loop
      vertex 3.2465154128436904 1.4048238148033318 13
      vertex 3.2465154128436904 1.4048238148033318 19
      vertex 3.3730534276967994 1.3458181694295965 13
    endloop
  endfacet
  facet normal 0 0 1
    outer loop
      vertex 3.2465154128436904 1.4048238148033318 13
      vertex 3.3730534276967994 1.3458181694295965 13
      vertex 3.2465154128436904 168.59517618519666 13
    endloop
  endfacet
  facet normal 0 0 1
    outer loop
      vertex 3.2465154128436904 1.4048238148033318 19
      vertex 3.2898992833716565 0.3015368960704574 19
      vertex 3.3730534276967994 1.3458181694295965 19
    endloop
  endfacet
  facet normal 0.4226182617406972 0.9063077870366509 0
    outer loop
      vertex 3.2465154128436904 1.4048238148033318 19
      vertex 3.3730534276967994 1.3458181694295965 19
      vertex 3.3730534276967994 1.3458181694295965 13
    endloop
  endfacet
  facet normal 0 0 1
    outer loop
      vertex 3.2465154128436904 168.59517618519666 13
      vertex 3.3730534276967994 1.3458181694295965 13
      vertex 3.3730534276967994 168.6541818305704 13
    endloop
  endfacet
  facet normal 0.4226182617406685 -0.9063077870366644 0
    outer loop
      vertex 3.2465154128436904 168.59517618519666 13
      vertex 3.3730534276967994 168.6541818305704 13
      vertex 3.3730534276967994 168.6541818305704 19
    endloop
  endfacet
  facet normal 0.4226182617406685 -0.9063077870366644 0
    outer loop
      vertex 3.2465154128436904 168.59517618519666 13
      vertex 3.3730534276967994 168.6541818305704 19
      vertex 3.2465154128436904 168.59517618519666 19
    endloop
  endfacet
  facet normal 0 0 -1
    outer loop
      vertex 3.2898992833716565 0.3015368960704574 0
      vertex 3.2898992833716565 169.69846310392956 0
      vertex 3.4549150281252627 0.24471741852423268 0
    endloop
  endfacet
  facet normal -0.32556815445715104 -0.9455185755993188 0
    outer loop
      vertex 3.2898992833716565 0.3015368960704574 0
      vertex 3.4549150281252627 0.24471741852423268 0
      vertex 3.2898992833716565 0.3015368960704574 19
    endloop
  endfacet
  facet normal -0.32556815445715104 -0.9455185755993188 0
    outer loop
      vertex 3.2898992833716565 0.3015368960704574 19
      vertex 3.4549150281252627 0.24471741852423268 0
      vertex 3.4549150281252627 0.24471741852423268 19
    endloop
  endfacet
  facet normal 0 0 1
    outer loop
      vertex 3.2898992833716565 0.3015368960704574 19
      vertex 3.4549150281252627 0.24471741852423268 19
      vertex 3.3730534276967994 1.3458181694295965 19
    endloop
  endfacet
  facet normal -0.32556815445709186 0.945518575599339 0
    outer loop
      vertex 3.2898992833716565 169.69846310392956 0
      vertex 3.2898992833716565 169.69846310392956 19
      vertex 3.4549150281252627 169.75528258147577 19
    endloop
  endfacet
  facet normal 0 0 -1
    outer loop
      vertex 3.2898992833716565 169.69846310392956 0
      vertex 3.4549150281252627 169.75528258147577 0
      vertex 3.4549150281252627 0.24471741852423268 0
    endloop
  endfacet
  facet normal -0.32556815445709186 0.945518575599339 0
    outer loop
      vertex 3.2898992833716565 169.69846310392956 0
      vertex 3.4549150281252627 169.75528258147577 19
      vertex 3.4549150281252627 169.75528258147577 0
    endloop
  endfacet
  facet normal 0 0 1
    outer loop
      vertex 3.2898992833716565 169.69846310392956 19
      vertex 3.3730534276967994 168.6541818305704 19
      vertex 3.501573626336352 168.70873541826714 19
    endloop
  endfacet
  facet normal 0 0 1
    outer loop
      vertex 3.2898992833716565 169.69846310392956 19
      vertex 3.501573626336352 168.70873541826714 19
      vertex 3.4549150281252627 169.75528258147577 19
    endloop
  endfacet
  facet normal 0.3907311284892748 0.9205048534524399 0
    outer loop
      vertex 3.3730534276967994 1.3458181694295965 13
      vertex 3.3730534276967994 1.3458181694295965 19
      vertex 3.501573626336352 1.2912645817328503 13
    endloop
  endfacet
  facet normal 0 0 1
    outer loop
      vertex 3.3730534276967994 1.3458181694295965 13
      vertex 3.501573626336352 1.2912645817328503 13
      vertex 3.3730534276967994 168.6541818305704 13
    endloop
  endfacet
  facet normal 0 0 1
    outer loop
      vertex 3.3730534276967994 1.3458181694295965 19
      vertex 3.4549150281252627 0.24471741852423268 19
      vertex 3.501573626336352 1.2912645817328503 19
    endloop
  endfacet
  facet normal 0.3907311284892748 0.9205048534524399 0
    outer loop
      vertex 3.3730534276967994 1.3458181694295965 19
      vertex 3.501573626336352 1.2912645817328503 19
      vertex 3.501573626336352 1.2912645817328503 13
    endloop
  endfacet
  facet normal 0 0 1
    outer loop
      vertex 3.3730534276967994 168.6541818305704 13
      vertex 3.501573626336352 1.2912645817328503 13
      vertex 3.501573626336352 168.70873541826714 13
    endloop
  endfacet
  facet normal 0.3907311284892667 -0.9205048534524433 0
    outer loop
      vertex 3.3730534276967994 168.6541818305704 13
      vertex 3.501573626336352 168.70873541826714 13
      vertex 3.501573626336352 168.70873541826714 19
    endloop
  endfacet
  facet normal 0.3907311284892667 -0.9205048534524433 0
    outer loop
      vertex 3.3730534276967994 168.6541818305704 13
      vertex 3.501573626336352 168.70873541826714 19
      vertex 3.3730534276967994 168.6541818305704 19
    endloop
  endfacet
  facet normal 0 0 -1
    outer loop
      vertex 3.4549150281252627 0.24471741852423268 0
      vertex 3.4549150281252627 169.75528258147577 0
      vertex 3.621813220915004 0.19369152030840553 0
    endloop
  endfacet
  facet normal -0.29237170472274027 -0.9563047559630344 0
    outer loop
      vertex 3.4549150281252627 0.24471741852423268 0
      vertex 3.621813220915004 0.19369152030840553 0
      vertex 3.4549150281252627 0.24471741852423268 19
    endloop
  endfacet
  facet normal -0.29237170472274027 -0.9563047559630344 0
    outer loop
      vertex 3.4549150281252627 0.24471741852423268 19
      vertex 3.621813220915004 0.19369152030840553 0
      vertex 3.621813220915004 0.19369152030840553 19
    endloop
  endfacet
  facet normal 0 0 1
    outer loop
      vertex 3.4549150281252627 0.24471741852423268 19
      vertex 3.621813220915004 0.19369152030840553 19
      vertex 3.501573626336352 1.2912645817328503 19
    endloop
  endfacet
  facet normal -0.29237170472281004 0.956304755963013 0
    outer loop
      vertex 3.4549150281252627 169.75528258147577 0
      vertex 3.4549150281252627 169.75528258147577 19
      vertex 3.621813220915004 169.8063084796916 19
    endloop
  endfacet
  facet normal 0 0 -1
    outer loop
      vertex 3.4549150281252627 169.75528258147577 0
      vertex 3.621813220915004 169.8063084796916 0
      vertex 3.621813220915004 0.19369152030840553 0
    endloop
  endfacet
  facet normal -0.29237170472281004 0.956304755963013 0
    outer loop
      vertex 3.4549150281252627 169.75528258147577 0
      vertex 3.621813220915004 169.8063084796916 19
      vertex 3.621813220915004 169.8063084796916 0
    endloop
  endfacet
  facet normal 0 0 1
    outer loop
      vertex 3.4549150281252627 169.75528258147577 19
      vertex 3.501573626336352 168.70873541826714 19
      vertex 3.6319194266973254 168.75877048314362 19
    endloop
  endfacet
  facet normal 0 0 1
    outer loop
      vertex 3.4549150281252627 169.75528258147577 19
      vertex 3.6319194266973254 168.75877048314362 19
      vertex 3.621813220915004 169.8063084796916 19
    endloop
  endfacet
  facet normal 0.35836794954530077 0.9335804264972015 0
    outer loop
      vertex 3.501573626336352 1.2912645817328503 13
      vertex 3.501573626336352 1.2912645817328503 19
      vertex 3.6319194266973254 1.2412295168563663 13
    endloop
  endfacet
  facet normal 0 0 1
    outer loop
      vertex 3.501573626336352 1.2912645817328503 13
      vertex 3.6319194266973254 1.2412295168563663 13
      vertex 3.501573626336352 168.70873541826714 13
    endloop
  endfacet
  facet normal 0 0 1
    outer loop
      vertex 3.501573626336352 1.2912645817328503 19
      vertex 3.621813220915004 0.19369152030840553 19
      vertex 3.6319194266973254 1.2412295168563663 19
    endloop
  endfacet
  facet normal 0.35836794954530077 0.9335804264972015 0
    outer loop
      vertex 3.501573626336352 1.2912645817328503 19
      vertex 3.6319194266973254 1.2412295168563663 19
      vertex 3.6319194266973254 1.2412295168563663 13
    endloop
  endfacet
  facet normal 0 0 1
    outer loop
      vertex 3.501573626336352 168.70873541826714 13
      vertex 3.6319194266973254 1.2412295168563663 13
      vertex 3.6319194266973254 168.75877048314362 13
    endloop
  endfacet
  facet normal 0.35836794954528967 -0.9335804264972057 0
    outer loop
      vertex 3.501573626336352 168.70873541826714 13
      vertex 3.6319194266973254 168.75877048314362 13
      vertex 3.6319194266973254 168.75877048314362 19
    endloop
  endfacet
  facet normal 0.35836794954528967 -0.9335804264972057 0
    outer loop
      vertex 3.501573626336352 168.70873541826714 13
      vertex 3.6319194266973254 168.75877048314362 19
      vertex 3.501573626336352 168.70873541826714 19
    endloop
  endfacet
  facet normal 0 0 -1
    outer loop
      vertex 3.621813220915004 0.19369152030840553 0
      vertex 3.621813220915004 169.8063084796916 0
      vertex 3.7903905220016614 0.14852136862001775 0
    endloop
  endfacet
  facet normal -0.25881904510251924 -0.9659258262890686 0
    outer loop
      vertex 3.621813220915004 0.19369152030840553 0
      vertex 3.7903905220016614 0.14852136862001775 0
      vertex 3.621813220915004 0.19369152030840553 19
    endloop
  endfacet
  facet normal 0 0 1
    outer loop
      vertex 3.621813220915004 0.19369152030840553 19
      vertex 3.76393202250021 1.1957739348193859 19
      vertex 3.6319194266973254 1.2412295168563663 19
    endloop
  endfacet
  facet normal -0.25881904510251924 -0.9659258262890686 0
    outer loop
      vertex 3.621813220915004 0.19369152030840553 19
      vertex 3.7903905220016614 0.14852136862001775 0
      vertex 3.7903905220016614 0.14852136862001775 19
    endloop
  endfacet
  facet normal 0 0 1
    outer loop
      vertex 3.621813220915004 0.19369152030840553 19
      vertex 3.7903905220016614 0.14852136862001775 19
      vertex 3.76393202250021 1.1957739348193859 19
    endloop
  endfacet
  facet normal -0.25881904510248605 0.9659258262890776 0
    outer loop
      vertex 3.621813220915004 169.8063084796916 0
      vertex 3.621813220915004 169.8063084796916 19
      vertex 3.7903905220016614 169.85147863138 19
    endloop
  endfacet
  facet normal 0 0 -1
    outer loop
      vertex 3.621813220915004 169.8063084796916 0
      vertex 3.7903905220016614 169.85147863138 0
      vertex 3.7903905220016614 0.14852136862001775 0
    endloop
  endfacet
  facet normal -0.25881904510248605 0.9659258262890776 0
    outer loop
      vertex 3.621813220915004 169.8063084796916 0
      vertex 3.7903905220016614 169.85147863138 19
      vertex 3.7903905220016614 169.85147863138 0
    endloop
  endfacet
  facet normal 0 0 1
    outer loop
      vertex 3.621813220915004 169.8063084796916 19
      vertex 3.6319194266973254 168.75877048314362 19
      vertex 3.76393202250021 168.80422606518061 19
    endloop
  endfacet
  facet normal 0 0 1
    outer loop
      vertex 3.621813220915004 169.8063084796916 19
      vertex 3.76393202250021 168.80422606518061 19
      vertex 3.8974505767320036 168.84504678375328 19
    endloop
  endfacet
  facet normal 0 0 1
    outer loop
      vertex 3.621813220915004 169.8063084796916 19
      vertex 3.8974505767320036 168.84504678375328 19
      vertex 3.7903905220016614 169.85147863138 19
    endloop
  endfacet
  facet normal 0.32556815445715537 0.9455185755993172 0
    outer loop
      vertex 3.6319194266973254 1.2412295168563663 13
      vertex 3.6319194266973254 1.2412295168563663 19
      vertex 3.76393202250021 1.1957739348193859 13
    endloop
  endfacet
  facet normal 0 0 1
    outer loop
      vertex 3.6319194266973254 1.2412295168563663 13
      vertex 3.76393202250021 1.1957739348193859 13
      vertex 3.6319194266973254 168.75877048314362 13
    endloop
  endfacet
  facet normal 0.32556815445715537 0.9455185755993172 0
    outer loop
      vertex 3.6319194266973254 1.2412295168563663 19
      vertex 3.76393202250021 1.1957739348193859 19
      vertex 3.76393202250021 1.1957739348193859 13
    endloop
  endfacet
  facet normal 0 0 1
    outer loop
      vertex 3.6319194266973254 168.75877048314362 13
      vertex 3.76393202250021 1.1957739348193859 13
      vertex 3.76393202250021 168.80422606518061 13
    endloop
  endfacet
  facet normal 0.32556815445723786 -0.9455185755992889 0
    outer loop
      vertex 3.6319194266973254 168.75877048314362 13
      vertex 3.76393202250021 168.80422606518061 13
      vertex 3.76393202250021 168.80422606518061 19
    endloop
  endfacet
  facet normal 0.32556815445723786 -0.9455185755992889 0
    outer loop
      vertex 3.6319194266973254 168.75877048314362 13
      vertex 3.76393202250021 168.80422606518061 19
      vertex 3.6319194266973254 168.75877048314362 19
    endloop
  endfacet
  facet normal 0.2923717047227378 0.9563047559630351 0
    outer loop
      vertex 3.76393202250021 1.1957739348193859 13
      vertex 3.76393202250021 1.1957739348193859 19
      vertex 3.8974505767320036 1.1549532162467244 13
    endloop
  endfacet
  facet normal 0 0 1
    outer loop
      vertex 3.76393202250021 1.1957739348193859 13
      vertex 3.8974505767320036 1.1549532162467244 13
      vertex 3.76393202250021 168.80422606518061 13
    endloop
  endfacet
  facet normal 0 0 1
    outer loop
      vertex 3.76393202250021 1.1957739348193859 19
      vertex 3.7903905220016614 0.14852136862001775 19
      vertex 3.8974505767320036 1.1549532162467244 19
    endloop
  endfacet
  facet normal 0.2923717047227378 0.9563047559630351 0
    outer loop
      vertex 3.76393202250021 1.1957739348193859 19
      vertex 3.8974505767320036 1.1549532162467244 19
      vertex 3.8974505767320036 1.1549532162467244 13
    endloop
  endfacet
  facet normal 0 0 1
    outer loop
      vertex 3.76393202250021 168.80422606518061 13
      vertex 3.8974505767320036 1.1549532162467244 13
      vertex 3.8974505767320036 168.84504678375328 13
    endloop
  endfacet
  facet normal 0.29237170472273494 -0.9563047559630361 0
    outer loop
      vertex 3.76393202250021 168.80422606518061 13
      vertex 3.8974505767320036 168.84504678375328 13
      vertex 3.8974505767320036 168.84504678375328 19
    endloop
  endfacet
  facet normal 0.29237170472273494 -0.9563047559630361 0
    outer loop
      vertex 3.76393202250021 168.80422606518061 13
      vertex 3.8974505767320036 168.84504678375328 19
      vertex 3.76393202250021 168.80422606518061 19
    endloop
  endfacet
  facet normal 0 0 -1
    outer loop
      vertex 3.7903905220016614 0.14852136862001775 0
      vertex 3.7903905220016614 169.85147863138 0
      vertex 3.9604415459112032 0.10926199633097156 0
    endloop
  endfacet
  facet normal -0.22495105434386709 -0.9743700647852348 0
    outer loop
      vertex 3.7903905220016614 0.14852136862001775 0
      vertex 3.9604415459112032 0.10926199633097156 0
      vertex 3.7903905220016614 0.14852136862001775 19
    endloop
  endfacet
  facet normal -0.22495105434386709 -0.9743700647852348 0
    outer loop
      vertex 3.7903905220016614 0.14852136862001775 19
      vertex 3.9604415459112032 0.10926199633097156 0
      vertex 3.9604415459112032 0.10926199633097156 19
    endloop
  endfacet
  facet normal 0 0 1
    outer loop
      vertex 3.7903905220016614 0.14852136862001775 19
      vertex 3.9604415459112032 0.10926199633097156 19
      vertex 3.8974505767320036 1.1549532162467244 19
    endloop
  endfacet
  facet normal -0.22495105434374627 0.9743700647852626 0
    outer loop
      vertex 3.7903905220016614 169.85147863138 0
      vertex 3.7903905220016614 169.85147863138 19
      vertex 3.9604415459112032 169.89073800366901 19
    endloop
  endfacet
  facet normal 0 0 -1
    outer loop
      vertex 3.7903905220016614 169.85147863138 0
      vertex 3.9604415459112032 169.89073800366901 0
      vertex 3.9604415459112032 0.10926199633097156 0
    endloop
  endfacet
  facet normal -0.22495105434374627 0.9743700647852626 0
    outer loop
      vertex 3.7903905220016614 169.85147863138 0
      vertex 3.9604415459112032 169.89073800366901 19
      vertex 3.9604415459112032 169.89073800366901 0
    endloop
  endfacet
  facet normal 0 0 1
    outer loop
      vertex 3.7903905220016614 169.85147863138 19
      vertex 3.8974505767320036 168.84504678375328 19
      vertex 4.032312417601329 168.881182905104 19
    endloop
  endfacet
  facet normal 0 0 1
    outer loop
      vertex 3.7903905220016614 169.85147863138 19
      vertex 4.032312417601329 168.881182905104 19
      vertex 3.9604415459112032 169.89073800366901 19
    endloop
  endfacet
  facet normal 0.25881904510252113 0.9659258262890683 0
    outer loop
      vertex 3.8974505767320036 1.1549532162467244 13
      vertex 3.8974505767320036 1.1549532162467244 19
      vertex 4.032312417601329 1.118817094896014 13
    endloop
  endfacet
  facet normal 0 0 1
    outer loop
      vertex 3.8974505767320036 1.1549532162467244 13
      vertex 4.032312417601329 1.118817094896014 13
      vertex 3.8974505767320036 168.84504678375328 13
    endloop
  endfacet
  facet normal 0 0 1
    outer loop
      vertex 3.8974505767320036 1.1549532162467244 19
      vertex 3.9604415459112032 0.10926199633097156 19
      vertex 4.032312417601329 1.118817094896014 19
    endloop
  endfacet
  facet normal 0.25881904510252113 0.9659258262890683 0
    outer loop
      vertex 3.8974505767320036 1.1549532162467244 19
      vertex 4.032312417601329 1.118817094896014 19
      vertex 4.032312417601329 1.118817094896014 13
    endloop
  endfacet
  facet normal 0 0 1
    outer loop
      vertex 3.8974505767320036 168.84504678375328 13
      vertex 4.032312417601329 1.118817094896014 13
      vertex 4.032312417601329 168.881182905104 13
    endloop
  endfacet
  facet normal 0.2588190451026013 -0.9659258262890468 0
    outer loop
      vertex 3.8974505767320036 168.84504678375328 13
      vertex 4.032312417601329 168.881182905104 13
      vertex 4.032312417601329 168.881182905104 19
    endloop
  endfacet
  facet normal 0.2588190451026013 -0.9659258262890468 0
    outer loop
      vertex 3.8974505767320036 168.84504678375328 13
      vertex 4.032312417601329 168.881182905104 19
      vertex 3.8974505767320036 168.84504678375328 19
    endloop
  endfacet
  facet normal 0 0 -1
    outer loop
      vertex 3.9604415459112032 0.10926199633097156 0
      vertex 3.9604415459112032 169.89073800366901 0
      vertex 4.131759111665349 0.07596123493896023 0
    endloop
  endfacet
  facet normal -0.19080899537653995 -0.9816271834476651 0
    outer loop
      vertex 3.9604415459112032 0.10926199633097156 0
      vertex 4.131759111665349 0.07596123493896023 0
      vertex 3.9604415459112032 0.10926199633097156 19
    endloop
  endfacet
  facet normal -0.19080899537653995 -0.9816271834476651 0
    outer loop
      vertex 3.9604415459112032 0.10926199633097156 19
      vertex 4.131759111665349 0.07596123493896023 0
      vertex 4.131759111665349 0.07596123493896023 19
    endloop
  endfacet
  facet normal 0 0 1
    outer loop
      vertex 3.9604415459112032 0.10926199633097156 19
      vertex 4.131759111665349 0.07596123493896023 19
      vertex 4.032312417601329 1.118817094896014 19
    endloop
  endfacet
  facet normal -0.19080899537654972 0.981627183447663 0
    outer loop
      vertex 3.9604415459112032 169.89073800366901 0
      vertex 3.9604415459112032 169.89073800366901 19
      vertex 4.131759111665349 169.92403876506103 19
    endloop
  endfacet
  facet normal 0 0 -1
    outer loop
      vertex 3.9604415459112032 169.89073800366901 0
      vertex 4.131759111665349 169.92403876506103 0
      vertex 4.131759111665349 0.07596123493896023 0
    endloop
  endfacet
  facet normal -0.19080899537654972 0.981627183447663 0
    outer loop
      vertex 3.9604415459112032 169.89073800366901 0
      vertex 4.131759111665349 169.92403876506103 19
      vertex 4.131759111665349 169.92403876506103 0
    endloop
  endfacet
  facet normal 0 0 1
    outer loop
      vertex 3.9604415459112032 169.89073800366901 19
      vertex 4.032312417601329 168.881182905104 19
      vertex 4.168353236728962 168.91259040293522 19
    endloop
  endfacet
  facet normal 0 0 1
    outer loop
      vertex 3.9604415459112032 169.89073800366901 19
      vertex 4.168353236728962 168.91259040293522 19
      vertex 4.131759111665349 169.92403876506103 19
    endloop
  endfacet
  facet normal 0.2249510543438662 0.974370064785235 0
    outer loop
      vertex 4.032312417601329 1.118817094896014 13
      vertex 4.032312417601329 1.118817094896014 19
      vertex 4.168353236728962 1.0874095970647772 13
    endloop
  endfacet
  facet normal 0 0 1
    outer loop
      vertex 4.032312417601329 1.118817094896014 13
      vertex 4.168353236728962 1.0874095970647772 13
      vertex 4.032312417601329 168.881182905104 13
    endloop
  endfacet
  facet normal 0 0 1
    outer loop
      vertex 4.032312417601329 1.118817094896014 19
      vertex 4.131759111665349 0.07596123493896023 19
      vertex 4.168353236728962 1.0874095970647772 19
    endloop
  endfacet
  facet normal 0.2249510543438662 0.974370064785235 0
    outer loop
      vertex 4.032312417601329 1.118817094896014 19
      vertex 4.168353236728962 1.0874095970647772 19
      vertex 4.168353236728962 1.0874095970647772 13
    endloop
  endfacet
  facet normal 0 0 1
    outer loop
      vertex 4.032312417601329 168.881182905104 13
      vertex 4.168353236728962 1.0874095970647772 13
      vertex 4.168353236728962 168.91259040293522 13
    endloop
  endfacet
  facet normal 0.22495105434378462 -0.9743700647852537 0
    outer loop
      vertex 4.032312417601329 168.881182905104 13
      vertex 4.168353236728962 168.91259040293522 13
      vertex 4.168353236728962 168.91259040293522 19
    endloop
  endfacet
  facet normal 0.22495105434378462 -0.9743700647852537 0
    outer loop
      vertex 4.032312417601329 168.881182905104 13
      vertex 4.168353236728962 168.91259040293522 19
      vertex 4.032312417601329 168.881182905104 19
    endloop
  endfacet
  facet normal 0 0 -1
    outer loop
      vertex 4.131759111665349 0.07596123493896023 0
      vertex 4.131759111665349 169.92403876506103 0
      vertex 4.304134495199673 0.04865965629214841 0
    endloop
  endfacet
  facet normal -0.15643446504023434 -0.9876883405951372 0
    outer loop
      vertex 4.131759111665349 0.07596123493896023 0
      vertex 4.304134495199673 0.04865965629214841 0
      vertex 4.131759111665349 0.07596123493896023 19
    endloop
  endfacet
  facet normal -0.15643446504023434 -0.9876883405951372 0
    outer loop
      vertex 4.131759111665349 0.07596123493896023 19
      vertex 4.304134495199673 0.04865965629214841 0
      vertex 4.304134495199673 0.04865965629214841 19
    endloop
  endfacet
  facet normal 0 0 1
    outer loop
      vertex 4.131759111665349 0.07596123493896023 19
      vertex 4.304134495199673 0.04865965629214841 19
      vertex 4.168353236728962 1.0874095970647772 19
    endloop
  endfacet
  facet normal -0.15643446504024427 0.9876883405951357 0
    outer loop
      vertex 4.131759111665349 169.92403876506103 0
      vertex 4.131759111665349 169.92403876506103 19
      vertex 4.304134495199673 169.95134034370784 19
    endloop
  endfacet
  facet normal 0 0 -1
    outer loop
      vertex 4.131759111665349 169.92403876506103 0
      vertex 4.304134495199673 169.95134034370784 0
      vertex 4.304134495199673 0.04865965629214841 0
    endloop
  endfacet
  facet normal -0.15643446504024427 0.9876883405951357 0
    outer loop
      vertex 4.131759111665349 169.92403876506103 0
      vertex 4.304134495199673 169.95134034370784 19
      vertex 4.304134495199673 169.95134034370784 0
    endloop
  endfacet
  facet normal 0 0 1
    outer loop
      vertex 4.131759111665349 169.92403876506103 19
      vertex 4.168353236728962 168.91259040293522 19
      vertex 4.305407289332279 168.93923101204882 19
    endloop
  endfacet
  facet normal 0 0 1
    outer loop
      vertex 4.131759111665349 169.92403876506103 19
      vertex 4.305407289332279 168.93923101204882 19
      vertex 4.304134495199673 169.95134034370784 19
    endloop
  endfacet
  facet normal 0.19080899537654178 0.9816271834476646 0
    outer loop
      vertex 4.168353236728962 1.0874095970647772 13
      vertex 4.168353236728962 1.0874095970647772 19
      vertex 4.305407289332279 1.060768987951168 13
    endloop
  endfacet
  facet normal 0 0 1
    outer loop
      vertex 4.168353236728962 1.0874095970647772 13
      vertex 4.305407289332279 1.060768987951168 13
      vertex 4.168353236728962 168.91259040293522 13
    endloop
  endfacet
  facet normal 0 0 1
    outer loop
      vertex 4.168353236728962 1.0874095970647772 19
      vertex 4.304134495199673 0.04865965629214841 19
      vertex 4.305407289332279 1.060768987951168 19
    endloop
  endfacet
  facet normal 0.19080899537654178 0.9816271834476646 0
    outer loop
      vertex 4.168353236728962 1.0874095970647772 19
      vertex 4.305407289332279 1.060768987951168 19
      vertex 4.305407289332279 1.060768987951168 13
    endloop
  endfacet
  facet normal 0 0 1
    outer loop
      vertex 4.168353236728962 168.91259040293522 13
      vertex 4.305407289332279 1.060768987951168 13
      vertex 4.305407289332279 168.93923101204882 13
    endloop
  endfacet
  facet normal 0.19080899537647128 -0.9816271834476783 0
    outer loop
      vertex 4.168353236728962 168.91259040293522 13
      vertex 4.305407289332279 168.93923101204882 13
      vertex 4.305407289332279 168.93923101204882 19
    endloop
  endfacet
  facet normal 0.19080899537647128 -0.9816271834476783 0
    outer loop
      vertex 4.168353236728962 168.91259040293522 13
      vertex 4.305407289332279 168.93923101204882 19
      vertex 4.168353236728962 168.91259040293522 19
    endloop
  endfacet
  facet normal 0 0 -1
    outer loop
      vertex 4.304134495199673 0.04865965629214841 0
      vertex 4.304134495199673 169.95134034370784 0
      vertex 4.4 6 0
    endloop
  endfacet
  facet normal 0 0 -1
    outer loop
      vertex 4.304134495199673 0.04865965629214841 0
      vertex 4.4 6 0
      vertex 4.424307595180467 5.722162915732912 0
    endloop
  endfacet
  facet normal 0 0 -1
    outer loop
      vertex 4.304134495199673 0.04865965629214841 0
      vertex 4.424307595180467 5.722162915732912 0
      vertex 4.496491806742546 5.45276777067893 0
    endloop
  endfacet
  facet normal -0.12186934340514705 -0.9925461516413222 0
    outer loop
      vertex 4.304134495199673 0.04865965629214841 0
      vertex 4.477357683661733 0.02739052315863333 0
      vertex 4.304134495199673 0.04865965629214841 19
    endloop
  endfacet
  facet normal 0 0 -1
    outer loop
      vertex 4.304134495199673 0.04865965629214841 0
      vertex 4.496491806742546 5.45276777067893 0
      vertex 4.477357683661733 0.02739052315863333 0
    endloop
  endfacet
  facet normal 0 0 1
    outer loop
      vertex 4.304134495199673 0.04865965629214841 19
      vertex 4.443307596159738 1.0389277250337186 19
      vertex 4.305407289332279 1.060768987951168 19
    endloop
  endfacet
  facet normal -0.12186934340514705 -0.9925461516413222 0
    outer loop
      vertex 4.304134495199673 0.04865965629214841 19
      vertex 4.477357683661733 0.02739052315863333 0
      vertex 4.477357683661733 0.02739052315863333 19
    endloop
  endfacet
  facet normal 0 0 1
    outer loop
      vertex 4.304134495199673 0.04865965629214841 19
      vertex 4.477357683661733 0.02739052315863333 19
      vertex 4.443307596159738 1.0389277250337186 19
    endloop
  endfacet
  facet normal -0.12186934340522725 0.9925461516413122 0
    outer loop
      vertex 4.304134495199673 169.95134034370784 0
      vertex 4.304134495199673 169.95134034370784 19
      vertex 4.477357683661733 169.97260947684137 19
    endloop
  endfacet
  facet normal 0 0 -1
    outer loop
      vertex 4.304134495199673 169.95134034370784 0
      vertex 4.4 164 0
      vertex 4.424307595180467 6.277837084267088 0
    endloop
  endfacet
  facet normal 0 0 -1
    outer loop
      vertex 4.304134495199673 169.95134034370784 0
      vertex 4.424307595180467 6.277837084267088 0
      vertex 4.4 6 0
    endloop
  endfacet
  facet normal 0 0 -1
    outer loop
      vertex 4.304134495199673 169.95134034370784 0
      vertex 4.424307595180467 164.27783708426708 0
      vertex 4.4 164 0
    endloop
  endfacet
  facet normal 0 0 -1
    outer loop
      vertex 4.304134495199673 169.95134034370784 0
      vertex 4.477357683661733 169.97260947684137 0
      vertex 4.424307595180467 164.27783708426708 0
    endloop
  endfacet
  facet normal -0.12186934340522725 0.9925461516413122 0
    outer loop
      vertex 4.304134495199673 169.95134034370784 0
      vertex 4.477357683661733 169.97260947684137 19
      vertex 4.477357683661733 169.97260947684137 0
    endloop
  endfacet
  facet normal 0 0 1
    outer loop
      vertex 4.304134495199673 169.95134034370784 19
      vertex 4.305407289332279 168.93923101204882 19
      vertex 4.443307596159738 168.96107227496628 19
    endloop
  endfacet
  facet normal 0 0 1
    outer loop
      vertex 4.304134495199673 169.95134034370784 19
      vertex 4.443307596159738 168.96107227496628 19
      vertex 4.581886146929386 168.9780875814731 19
    endloop
  endfacet
  facet normal 0 0 1
    outer loop
      vertex 4.304134495199673 169.95134034370784 19
      vertex 4.581886146929386 168.9780875814731 19
      vertex 4.477357683661733 169.97260947684137 19
    endloop
  endfacet
  facet normal 0.1564344650402333 0.9876883405951373 0
    outer loop
      vertex 4.305407289332279 1.060768987951168 13
      vertex 4.305407289332279 1.060768987951168 19
      vertex 4.443307596159738 1.0389277250337186 13
    endloop
  endfacet
  facet normal 0 0 1
    outer loop
      vertex 4.305407289332279 1.060768987951168 13
      vertex 4.4 6 13
      vertex 4.305407289332279 168.93923101204882 13
    endloop
  endfacet
  facet normal 0 0 1
    outer loop
      vertex 4.305407289332279 1.060768987951168 13
      vertex 4.424307595180467 5.722162915732912 13
      vertex 4.4 6 13
    endloop
  endfacet
  facet normal 0 0 1
    outer loop
      vertex 4.305407289332279 1.060768987951168 13
      vertex 4.443307596159738 1.0389277250337186 13
      vertex 4.424307595180467 5.722162915732912 13
    endloop
  endfacet
  facet normal 0.1564344650402333 0.9876883405951373 0
    outer loop
      vertex 4.305407289332279 1.060768987951168 19
      vertex 4.443307596159738 1.0389277250337186 19
      vertex 4.443307596159738 1.0389277250337186 13
    endloop
  endfacet
  facet normal 0 0 1
    outer loop
      vertex 4.305407289332279 168.93923101204882 13
      vertex 4.4 6 13
      vertex 4.424307595180467 6.277837084267088 13
    endloop
  endfacet
  facet normal 0 0 1
    outer loop
      vertex 4.305407289332279 168.93923101204882 13
      vertex 4.4 164 13
      vertex 4.424307595180467 164.27783708426708 13
    endloop
  endfacet
  facet normal 0 0 1
    outer loop
      vertex 4.305407289332279 168.93923101204882 13
      vertex 4.424307595180467 6.277837084267088 13
      vertex 4.496491806742546 6.54723222932107 13
    endloop
  endfacet
  facet normal 0 0 1
    outer loop
      vertex 4.305407289332279 168.93923101204882 13
      vertex 4.424307595180467 164.27783708426708 13
      vertex 4.496491806742546 164.54723222932108 13
    endloop
  endfacet
  facet normal 0.1564344650403233 -0.9876883405951231 0
    outer loop
      vertex 4.305407289332279 168.93923101204882 13
      vertex 4.443307596159738 168.96107227496628 13
      vertex 4.443307596159738 168.96107227496628 19
    endloop
  endfacet
  facet normal 0.1564344650403233 -0.9876883405951231 0
    outer loop
      vertex 4.305407289332279 168.93923101204882 13
      vertex 4.443307596159738 168.96107227496628 19
      vertex 4.305407289332279 168.93923101204882 19
    endloop
  endfacet
  facet normal 0 0 1
    outer loop
      vertex 4.305407289332279 168.93923101204882 13
      vertex 4.496491806742546 6.54723222932107 13
      vertex 4.4 164 13
    endloop
  endfacet
  facet normal 0 0 1
    outer loop
      vertex 4.305407289332279 168.93923101204882 13
      vertex 4.496491806742546 164.54723222932108 13
      vertex 4.443307596159738 168.96107227496628 13
    endloop
  endfacet
  facet normal 0.9961946980917457 0.08715574274765785 0
    outer loop
      vertex 4.4 6 0
      vertex 4.4 6 13
      vertex 4.424307595180467 5.722162915732912 0
    endloop
  endfacet
  facet normal 0.9961946980917457 -0.08715574274765785 0
    outer loop
      vertex 4.4 6 0
      vertex 4.424307595180467 6.277837084267088 0
      vertex 4.424307595180467 6.277837084267088 13
    endloop
  endfacet
  facet normal 0.9961946980917457 -0.08715574274765785 0
    outer loop
      vertex 4.4 6 0
      vertex 4.424307595180467 6.277837084267088 13
      vertex 4.4 6 13
    endloop
  endfacet
  facet normal 0.9961946980917457 0.08715574274765785 0
    outer loop
      vertex 4.4 6 13
      vertex 4.424307595180467 5.722162915732912 13
      vertex 4.424307595180467 5.722162915732912 0
    endloop
  endfacet
  facet normal 0.9961946980917452 0.08715574274766143 0
    outer loop
      vertex 4.4 164 0
      vertex 4.4 164 13
      vertex 4.424307595180467 163.72216291573292 0
    endloop
  endfacet
  facet normal 0 0 -1
    outer loop
      vertex 4.4 164 0
      vertex 4.424307595180467 163.72216291573292 0
      vertex 4.424307595180467 6.277837084267088 0
    endloop
  endfacet
  facet normal 0.9961946980917452 -0.08715574274766143 0
    outer loop
      vertex 4.4 164 0
      vertex 4.424307595180467 164.27783708426708 0
      vertex 4.424307595180467 164.27783708426708 13
    endloop
  endfacet
  facet normal 0.9961946980917452 -0.08715574274766143 0
    outer loop
      vertex 4.4 164 0
      vertex 4.424307595180467 164.27783708426708 13
      vertex 4.4 164 13
    endloop
  endfacet
  facet normal 0.9961946980917452 0.08715574274766143 0
    outer loop
      vertex 4.4 164 13
      vertex 4.424307595180467 163.72216291573292 13
      vertex 4.424307595180467 163.72216291573292 0
    endloop
  endfacet
  facet normal 0 0 1
    outer loop
      vertex 4.4 164 13
      vertex 4.496491806742546 6.54723222932107 13
      vertex 4.424307595180467 163.72216291573292 13
    endloop
  endfacet
  facet normal 0.9659258262890688 0.258819045102519 0
    outer loop
      vertex 4.424307595180467 5.722162915732912 0
      vertex 4.424307595180467 5.722162915732912 13
      vertex 4.496491806742546 5.45276777067893 0
    endloop
  endfacet
  facet normal 0 0 1
    outer loop
      vertex 4.424307595180467 5.722162915732912 13
      vertex 4.443307596159738 1.0389277250337186 13
      vertex 4.496491806742546 5.45276777067893 13
    endloop
  endfacet
  facet normal 0.9659258262890688 0.258819045102519 0
    outer loop
      vertex 4.424307595180467 5.722162915732912 13
      vertex 4.496491806742546 5.45276777067893 13
      vertex 4.496491806742546 5.45276777067893 0
    endloop
  endfacet
  facet normal 0 0 -1
    outer loop
      vertex 4.424307595180467 6.277837084267088 0
      vertex 4.424307595180467 163.72216291573292 0
      vertex 4.496491806742546 163.45276777067892 0
    endloop
  endfacet
  facet normal 0.9659258262890688 -0.258819045102519 0
    outer loop
      vertex 4.424307595180467 6.277837084267088 0
      vertex 4.496491806742546 6.54723222932107 0
      vertex 4.496491806742546 6.54723222932107 13
    endloop
  endfacet
  facet normal 0.9659258262890688 -0.258819045102519 0
    outer loop
      vertex 4.424307595180467 6.277837084267088 0
      vertex 4.496491806742546 6.54723222932107 13
      vertex 4.424307595180467 6.277837084267088 13
    endloop
  endfacet
  facet normal 0 0 -1
    outer loop
      vertex 4.424307595180467 6.277837084267088 0
      vertex 4.496491806742546 163.45276777067892 0
      vertex 4.496491806742546 6.54723222932107 0
    endloop
  endfacet
  facet normal 0.9659258262890745 0.25881904510249754 0
    outer loop
      vertex 4.424307595180467 163.72216291573292 0
      vertex 4.424307595180467 163.72216291573292 13
      vertex 4.496491806742546 163.45276777067892 0
    endloop
  endfacet
  facet normal 0 0 1
    outer loop
      vertex 4.424307595180467 163.72216291573292 13
      vertex 4.496491806742546 6.54723222932107 13
      vertex 4.614359353944899 6.8 13
    endloop
  endfacet
  facet normal 0.9659258262890745 0.25881904510249754 0
    outer loop
      vertex 4.424307595180467 163.72216291573292 13
      vertex 4.496491806742546 163.45276777067892 13
      vertex 4.496491806742546 163.45276777067892 0
    endloop
  endfacet
  facet normal 0 0 1
    outer loop
      vertex 4.424307595180467 163.72216291573292 13
      vertex 4.614359353944899 6.8 13
      vertex 4.496491806742546 163.45276777067892 13
    endloop
  endfacet
  facet normal 0 0 -1
    outer loop
      vertex 4.424307595180467 164.27783708426708 0
      vertex 4.477357683661733 169.97260947684137 0
      vertex 4.496491806742546 164.54723222932108 0
    endloop
  endfacet
  facet normal 0.9659258262890745 -0.25881904510249754 0
    outer loop
      vertex 4.424307595180467 164.27783708426708 0
      vertex 4.496491806742546 164.54723222932108 0
      vertex 4.496491806742546 164.54723222932108 13
    endloop
  endfacet
  facet normal 0.9659258262890745 -0.25881904510249754 0
    outer loop
      vertex 4.424307595180467 164.27783708426708 0
      vertex 4.496491806742546 164.54723222932108 13
      vertex 4.424307595180467 164.27783708426708 13
    endloop
  endfacet
  facet normal 0.12186934340514513 0.9925461516413223 0
    outer loop
      vertex 4.443307596159738 1.0389277250337186 13
      vertex 4.443307596159738 1.0389277250337186 19
      vertex 4.581886146929386 1.0219124185269068 13
    endloop
  endfacet
  facet normal 0 0 1
    outer loop
      vertex 4.443307596159738 1.0389277250337186 13
      vertex 4.581886146929386 1.0219124185269068 13
      vertex 4.496491806742546 5.45276777067893 13
    endloop
  endfacet
  facet normal 0 0 1
    outer loop
      vertex 4.443307596159738 1.0389277250337186 19
      vertex 4.477357683661733 0.02739052315863333 19
      vertex 4.581886146929386 1.0219124185269068 19
    endloop
  endfacet
  facet normal 0.12186934340514513 0.9925461516413223 0
    outer loop
      vertex 4.443307596159738 1.0389277250337186 19
      vertex 4.581886146929386 1.0219124185269068 19
      vertex 4.581886146929386 1.0219124185269068 13
    endloop
  endfacet
  facet normal 0 0 1
    outer loop
      vertex 4.443307596159738 168.96107227496628 13
      vertex 4.496491806742546 164.54723222932108 13
      vertex 4.614359353944899 164.8 13
    endloop
  endfacet
  facet normal 0.12186934340510754 -0.9925461516413269 0
    outer loop
      vertex 4.443307596159738 168.96107227496628 13
      vertex 4.581886146929386 168.9780875814731 13
      vertex 4.581886146929386 168.9780875814731 19
    endloop
  endfacet
  facet normal 0.12186934340510754 -0.9925461516413269 0
    outer loop
      vertex 4.443307596159738 168.96107227496628 13
      vertex 4.581886146929386 168.9780875814731 19
      vertex 4.443307596159738 168.96107227496628 19
    endloop
  endfacet
  facet normal 0 0 1
    outer loop
      vertex 4.443307596159738 168.96107227496628 13
      vertex 4.614359353944899 164.8 13
      vertex 4.581886146929386 168.9780875814731 13
    endloop
  endfacet
  facet normal 0 0 -1
    outer loop
      vertex 4.477357683661733 0.02739052315863333 0
      vertex 4.496491806742546 5.45276777067893 0
      vertex 4.614359353944899 5.2 0
    endloop
  endfacet
  facet normal 0 0 -1
    outer loop
      vertex 4.477357683661733 0.02739052315863333 0
      vertex 4.614359353944899 5.2 0
      vertex 4.774328891009635 4.971539824501537 0
    endloop
  endfacet
  facet normal -0.08715574274765824 -0.9961946980917454 0
    outer loop
      vertex 4.477357683661733 0.02739052315863333 0
      vertex 4.651217631279374 0.01217974870087879 0
      vertex 4.477357683661733 0.02739052315863333 19
    endloop
  endfacet
  facet normal 0 0 -1
    outer loop
      vertex 4.477357683661733 0.02739052315863333 0
      vertex 4.774328891009635 4.971539824501537 0
      vertex 4.651217631279374 0.01217974870087879 0
    endloop
  endfacet
  facet normal -0.08715574274765824 -0.9961946980917454 0
    outer loop
      vertex 4.477357683661733 0.02739052315863333 19
      vertex 4.651217631279374 0.01217974870087879 0
      vertex 4.651217631279374 0.01217974870087879 19
    endloop
  endfacet
  facet normal 0 0 1
    outer loop
      vertex 4.477357683661733 0.02739052315863333 19
      vertex 4.651217631279374 0.01217974870087879 19
      vertex 4.581886146929386 1.0219124185269068 19
    endloop
  endfacet
  facet normal -0.08715574274766834 0.9961946980917447 0
    outer loop
      vertex 4.477357683661733 169.97260947684137 0
      vertex 4.477357683661733 169.97260947684137 19
      vertex 4.651217631279374 169.98782025129913 19
    endloop
  endfacet
  facet normal 0 0 -1
    outer loop
      vertex 4.477357683661733 169.97260947684137 0
      vertex 4.614359353944899 164.8 0
      vertex 4.496491806742546 164.54723222932108 0
    endloop
  endfacet
  facet normal 0 0 -1
    outer loop
      vertex 4.477357683661733 169.97260947684137 0
      vertex 4.651217631279374 169.98782025129913 0
      vertex 4.614359353944899 164.8 0
    endloop
  endfacet
  facet normal -0.08715574274766834 0.9961946980917447 0
    outer loop
      vertex 4.477357683661733 169.97260947684137 0
      vertex 4.651217631279374 169.98782025129913 19
      vertex 4.651217631279374 169.98782025129913 0
    endloop
  endfacet
  facet normal 0 0 1
    outer loop
      vertex 4.477357683661733 169.97260947684137 19
      vertex 4.581886146929386 168.9780875814731 19
      vertex 4.720974105023499 168.9902562010393 19
    endloop
  endfacet
  facet normal 0 0 1
    outer loop
      vertex 4.477357683661733 169.97260947684137 19
      vertex 4.720974105023499 168.9902562010393 19
      vertex 4.651217631279374 169.98782025129913 19
    endloop
  endfacet
  facet normal 0.9063077870366489 0.4226182617407015 0
    outer loop
      vertex 4.496491806742546 5.45276777067893 0
      vertex 4.496491806742546 5.45276777067893 13
      vertex 4.614359353944899 5.2 0
    endloop
  endfacet
  facet normal 0 0 1
    outer loop
      vertex 4.496491806742546 5.45276777067893 13
      vertex 4.581886146929386 1.0219124185269068 13
      vertex 4.614359353944899 5.2 13
    endloop
  endfacet
  facet normal 0.9063077870366489 0.4226182617407015 0
    outer loop
      vertex 4.496491806742546 5.45276777067893 13
      vertex 4.614359353944899 5.2 13
      vertex 4.614359353944899 5.2 0
    endloop
  endfacet
  facet normal 0 0 -1
    outer loop
      vertex 4.496491806742546 6.54723222932107 0
      vertex 4.496491806742546 163.45276777067892 0
      vertex 4.614359353944899 6.8 0
    endloop
  endfacet
  facet normal 0.9063077870366489 -0.4226182617407015 0
    outer loop
      vertex 4.496491806742546 6.54723222932107 0
      vertex 4.614359353944899 6.8 0
      vertex 4.614359353944899 6.8 13
    endloop
  endfacet
  facet normal 0.9063077870366489 -0.4226182617407015 0
    outer loop
      vertex 4.496491806742546 6.54723222932107 0
      vertex 4.614359353944899 6.8 13
      vertex 4.496491806742546 6.54723222932107 13
    endloop
  endfacet
  facet normal 0.9063077870366485 0.42261826174070277 0
    outer loop
      vertex 4.496491806742546 163.45276777067892 0
      vertex 4.496491806742546 163.45276777067892 13
      vertex 4.614359353944899 163.2 0
    endloop
  endfacet
  facet normal 0 0 -1
    outer loop
      vertex 4.496491806742546 163.45276777067892 0
      vertex 4.614359353944899 163.2 0
      vertex 4.614359353944899 6.8 0
    endloop
  endfacet
  facet normal 0 0 1
    outer loop
      vertex 4.496491806742546 163.45276777067892 13
      vertex 4.614359353944899 6.8 13
      vertex 4.774328891009635 7.028460175498463 13
    endloop
  endfacet
  facet normal 0.9063077870366485 0.42261826174070277 0
    outer loop
      vertex 4.496491806742546 163.45276777067892 13
      vertex 4.614359353944899 163.2 13
      vertex 4.614359353944899 163.2 0
    endloop
  endfacet
  facet normal 0 0 1
    outer loop
      vertex 4.496491806742546 163.45276777067892 13
      vertex 4.774328891009635 7.028460175498463 13
      vertex 4.614359353944899 163.2 13
    endloop
  endfacet
  facet normal 0.9063077870366485 -0.42261826174070277 0
    outer loop
      vertex 4.496491806742546 164.54723222932108 0
      vertex 4.614359353944899 164.8 0
      vertex 4.614359353944899 164.8 13
    endloop
  endfacet
  facet normal 0.9063077870366485 -0.42261826174070277 0
    outer loop
      vertex 4.496491806742546 164.54723222932108 0
      vertex 4.614359353944899 164.8 13
      vertex 4.496491806742546 164.54723222932108 13
    endloop
  endfacet
  facet normal 0.08715574274765768 0.9961946980917455 0
    outer loop
      vertex 4.581886146929386 1.0219124185269068 13
      vertex 4.581886146929386 1.0219124185269068 19
      vertex 4.720974105023499 1.0097437989607032 13
    endloop
  endfacet
  facet normal 0 0 1
    outer loop
      vertex 4.581886146929386 1.0219124185269068 13
      vertex 4.720974105023499 1.0097437989607032 13
      vertex 4.614359353944899 5.2 13
    endloop
  endfacet
  facet normal 0 0 1
    outer loop
      vertex 4.581886146929386 1.0219124185269068 19
      vertex 4.651217631279374 0.01217974870087879 19
      vertex 4.720974105023499 1.0097437989607032 19
    endloop
  endfacet
  facet normal 0.08715574274765768 0.9961946980917455 0
    outer loop
      vertex 4.581886146929386 1.0219124185269068 19
      vertex 4.720974105023499 1.0097437989607032 19
      vertex 4.720974105023499 1.0097437989607032 13
    endloop
  endfacet
  facet normal 0 0 1
    outer loop
      vertex 4.581886146929386 168.9780875814731 13
      vertex 4.614359353944899 164.8 13
      vertex 4.774328891009635 165.02846017549845 13
    endloop
  endfacet
  facet normal 0.0871557427477082 -0.9961946980917412 0
    outer loop
      vertex 4.581886146929386 168.9780875814731 13
      vertex 4.720974105023499 168.9902562010393 13
      vertex 4.720974105023499 168.9902562010393 19
    endloop
  endfacet
  facet normal 0.0871557427477082 -0.9961946980917412 0
    outer loop
      vertex 4.581886146929386 168.9780875814731 13
      vertex 4.720974105023499 168.9902562010393 19
      vertex 4.581886146929386 168.9780875814731 19
    endloop
  endfacet
  facet normal 0 0 1
    outer loop
      vertex 4.581886146929386 168.9780875814731 13
      vertex 4.774328891009635 165.02846017549845 13
      vertex 4.720974105023499 168.9902562010393 13
    endloop
  endfacet
  facet normal 0.8191520442889934 0.5735764363510437 0
    outer loop
      vertex 4.614359353944899 5.2 0
      vertex 4.614359353944899 5.2 13
      vertex 4.774328891009635 4.971539824501537 0
    endloop
  endfacet
  facet normal 0 0 1
    outer loop
      vertex 4.614359353944899 5.2 13
      vertex 4.720974105023499 1.0097437989607032 13
      vertex 4.774328891009635 4.971539824501537 13
    endloop
  endfacet
  facet normal 0.8191520442889934 0.5735764363510437 0
    outer loop
      vertex 4.614359353944899 5.2 13
      vertex 4.774328891009635 4.971539824501537 13
      vertex 4.774328891009635 4.971539824501537 0
    endloop
  endfacet
  facet normal 0 0 -1
    outer loop
      vertex 4.614359353944899 6.8 0
      vertex 4.614359353944899 163.2 0
      vertex 4.774328891009635 162.97153982450155 0
    endloop
  endfacet
  facet normal 0.8191520442889934 -0.5735764363510437 0
    outer loop
      vertex 4.614359353944899 6.8 0
      vertex 4.774328891009635 7.028460175498463 0
      vertex 4.774328891009635 7.028460175498463 13
    endloop
  endfacet
  facet normal 0.8191520442889934 -0.5735764363510437 0
    outer loop
      vertex 4.614359353944899 6.8 0
      vertex 4.774328891009635 7.028460175498463 13
      vertex 4.614359353944899 6.8 13
    endloop
  endfacet
  facet normal 0 0 -1
    outer loop
      vertex 4.614359353944899 6.8 0
      vertex 4.774328891009635 162.97153982450155 0
      vertex 4.774328891009635 7.028460175498463 0
    endloop
  endfacet
  facet normal 0.8191520442889673 0.5735764363510811 0
    outer loop
      vertex 4.614359353944899 163.2 0
      vertex 4.614359353944899 163.2 13
      vertex 4.774328891009635 162.97153982450155 0
    endloop
  endfacet
  facet normal 0 0 1
    outer loop
      vertex 4.614359353944899 163.2 13
      vertex 4.774328891009635 7.028460175498463 13
      vertex 4.971539824501537 7.225671108990365 13
    endloop
  endfacet
  facet normal 0.8191520442889673 0.5735764363510811 0
    outer loop
      vertex 4.614359353944899 163.2 13
      vertex 4.774328891009635 162.97153982450155 13
      vertex 4.774328891009635 162.97153982450155 0
    endloop
  endfacet
  facet normal 0 0 1
    outer loop
      vertex 4.614359353944899 163.2 13
      vertex 4.971539824501537 7.225671108990365 13
      vertex 4.774328891009635 162.97153982450155 13
    endloop
  endfacet
  facet normal 0 0 -1
    outer loop
      vertex 4.614359353944899 164.8 0
      vertex 4.651217631279374 169.98782025129913 0
      vertex 4.774328891009635 165.02846017549845 0
    endloop
  endfacet
  facet normal 0.8191520442889673 -0.5735764363510811 0
    outer loop
      vertex 4.614359353944899 164.8 0
      vertex 4.774328891009635 165.02846017549845 0
      vertex 4.774328891009635 165.02846017549845 13
    endloop
  endfacet
  facet normal 0.8191520442889673 -0.5735764363510811 0
    outer loop
      vertex 4.614359353944899 164.8 0
      vertex 4.774328891009635 165.02846017549845 13
      vertex 4.614359353944899 164.8 13
    endloop
  endfacet
  facet normal 0 0 -1
    outer loop
      vertex 4.651217631279374 0.01217974870087879 0
      vertex 4.774328891009635 4.971539824501537 0
      vertex 4.971539824501537 4.774328891009635 0
    endloop
  endfacet
  facet normal -0.052335956242943155 -0.9986295347545738 0
    outer loop
      vertex 4.651217631279374 0.01217974870087879 0
      vertex 4.825502516487495 0.0030458649045215225 0
      vertex 4.651217631279374 0.01217974870087879 19
    endloop
  endfacet
  facet normal 0 0 -1
    outer loop
      vertex 4.651217631279374 0.01217974870087879 0
      vertex 4.971539824501537 4.774328891009635 0
      vertex 4.825502516487495 0.0030458649045215225 0
    endloop
  endfacet
  facet normal -0.052335956242943155 -0.9986295347545738 0
    outer loop
      vertex 4.651217631279374 0.01217974870087879 19
      vertex 4.825502516487495 0.0030458649045215225 0
      vertex 4.825502516487495 0.0030458649045215225 19
    endloop
  endfacet
  facet normal 0 0 1
    outer loop
      vertex 4.651217631279374 0.01217974870087879 19
      vertex 4.825502516487495 0.0030458649045215225 19
      vertex 4.720974105023499 1.0097437989607032 19
    endloop
  endfacet
  facet normal -0.05233595624291271 0.9986295347545755 0
    outer loop
      vertex 4.651217631279374 169.98782025129913 0
      vertex 4.651217631279374 169.98782025129913 19
      vertex 4.825502516487495 169.99695413509548 19
    endloop
  endfacet
  facet normal 0 0 -1
    outer loop
      vertex 4.651217631279374 169.98782025129913 0
      vertex 4.825502516487495 169.99695413509548 0
      vertex 4.774328891009635 165.02846017549845 0
    endloop
  endfacet
  facet normal -0.05233595624291271 0.9986295347545755 0
    outer loop
      vertex 4.651217631279374 169.98782025129913 0
      vertex 4.825502516487495 169.99695413509548 19
      vertex 4.825502516487495 169.99695413509548 0
    endloop
  endfacet
  facet normal 0 0 1
    outer loop
      vertex 4.651217631279374 169.98782025129913 19
      vertex 4.720974105023499 168.9902562010393 19
      vertex 4.860402013189996 168.9975633080764 19
    endloop
  endfacet
  facet normal 0 0 1
    outer loop
      vertex 4.651217631279374 169.98782025129913 19
      vertex 4.860402013189996 168.9975633080764 19
      vertex 4.825502516487495 169.99695413509548 19
    endloop
  endfacet
  facet normal 0.05233595624294626 0.9986295347545737 0
    outer loop
      vertex 4.720974105023499 1.0097437989607032 13
      vertex 4.720974105023499 1.0097437989607032 19
      vertex 4.860402013189996 1.002436691923617 13
    endloop
  endfacet
  facet normal 0 0 1
    outer loop
      vertex 4.720974105023499 1.0097437989607032 13
      vertex 4.860402013189996 1.002436691923617 13
      vertex 4.774328891009635 4.971539824501537 13
    endloop
  endfacet
  facet normal 0 0 1
    outer loop
      vertex 4.720974105023499 1.0097437989607032 19
      vertex 4.825502516487495 0.0030458649045215225 19
      vertex 4.860402013189996 1.002436691923617 19
    endloop
  endfacet
  facet normal 0.05233595624294626 0.9986295347545737 0
    outer loop
      vertex 4.720974105023499 1.0097437989607032 19
      vertex 4.860402013189996 1.002436691923617 19
      vertex 4.860402013189996 1.002436691923617 13
    endloop
  endfacet
  facet normal 0 0 1
    outer loop
      vertex 4.720974105023499 168.9902562010393 13
      vertex 4.774328891009635 165.02846017549845 13
      vertex 4.971539824501537 165.22567110899035 13
    endloop
  endfacet
  facet normal 0.05233595624299384 -0.9986295347545712 0
    outer loop
      vertex 4.720974105023499 168.9902562010393 13
      vertex 4.860402013189996 168.9975633080764 13
      vertex 4.860402013189996 168.9975633080764 19
    endloop
  endfacet
  facet normal 0.05233595624299384 -0.9986295347545712 0
    outer loop
      vertex 4.720974105023499 168.9902562010393 13
      vertex 4.860402013189996 168.9975633080764 19
      vertex 4.720974105023499 168.9902562010393 19
    endloop
  endfacet
  facet normal 0 0 1
    outer loop
      vertex 4.720974105023499 168.9902562010393 13
      vertex 4.971539824501537 165.22567110899035 13
      vertex 4.860402013189996 168.9975633080764 13
    endloop
  endfacet
  facet normal 0.7071067811865475 0.7071067811865475 0
    outer loop
      vertex 4.774328891009635 4.971539824501537 0
      vertex 4.774328891009635 4.971539824501537 13
      vertex 4.971539824501537 4.774328891009635 0
    endloop
  endfacet
  facet normal 0 0 1
    outer loop
      vertex 4.774328891009635 4.971539824501537 13
      vertex 4.860402013189996 1.002436691923617 13
      vertex 4.971539824501537 4.774328891009635 13
    endloop
  endfacet
  facet normal 0.7071067811865475 0.7071067811865475 0
    outer loop
      vertex 4.774328891009635 4.971539824501537 13
      vertex 4.971539824501537 4.774328891009635 13
      vertex 4.971539824501537 4.774328891009635 0
    endloop
  endfacet
  facet normal 0 0 -1
    outer loop
      vertex 4.774328891009635 7.028460175498463 0
      vertex 4.774328891009635 162.97153982450155 0
      vertex 4.971539824501537 162.77432889100965 0
    endloop
  endfacet
  facet normal 0.7071067811865475 -0.7071067811865475 0
    outer loop
      vertex 4.774328891009635 7.028460175498463 0
      vertex 4.971539824501537 7.225671108990365 0
      vertex 4.971539824501537 7.225671108990365 13
    endloop
  endfacet
  facet normal 0.7071067811865475 -0.7071067811865475 0
    outer loop
      vertex 4.774328891009635 7.028460175498463 0
      vertex 4.971539824501537 7.225671108990365 13
      vertex 4.774328891009635 7.028460175498463 13
    endloop
  endfacet
  facet normal 0 0 -1
    outer loop
      vertex 4.774328891009635 7.028460175498463 0
      vertex 4.971539824501537 162.77432889100965 0
      vertex 4.971539824501537 7.225671108990365 0
    endloop
  endfacet
  facet normal 0.7071067811865475 0.7071067811865475 0
    outer loop
      vertex 4.774328891009635 162.97153982450155 0
      vertex 4.774328891009635 162.97153982450155 13
      vertex 4.971539824501537 162.77432889100965 0
    endloop
  endfacet
  facet normal 0 0 1
    outer loop
      vertex 4.774328891009635 162.97153982450155 13
      vertex 4.971539824501537 7.225671108990365 13
      vertex 5.2 7.385640646055101 13
    endloop
  endfacet
  facet normal 0.7071067811865475 0.7071067811865475 0
    outer loop
      vertex 4.774328891009635 162.97153982450155 13
      vertex 4.971539824501537 162.77432889100965 13
      vertex 4.971539824501537 162.77432889100965 0
    endloop
  endfacet
  facet normal 0 0 1
    outer loop
      vertex 4.774328891009635 162.97153982450155 13
      vertex 5.2 7.385640646055101 13
      vertex 4.971539824501537 162.77432889100965 13
    endloop
  endfacet
  facet normal 0 0 -1
    outer loop
      vertex 4.774328891009635 165.02846017549845 0
      vertex 4.825502516487495 169.99695413509548 0
      vertex 4.971539824501537 165.22567110899035 0
    endloop
  endfacet
  facet normal 0.7071067811865475 -0.7071067811865475 0
    outer loop
      vertex 4.774328891009635 165.02846017549845 0
      vertex 4.971539824501537 165.22567110899035 0
      vertex 4.971539824501537 165.22567110899035 13
    endloop
  endfacet
  facet normal 0.7071067811865475 -0.7071067811865475 0
    outer loop
      vertex 4.774328891009635 165.02846017549845 0
      vertex 4.971539824501537 165.22567110899035 13
      vertex 4.774328891009635 165.02846017549845 13
    endloop
  endfacet
  facet normal 0 0 -1
    outer loop
      vertex 4.825502516487495 0.0030458649045215225 0
      vertex 4.971539824501537 4.774328891009635 0
      vertex 5.2 4.614359353944899 0
    endloop
  endfacet
  facet normal -0.01745240643728446 -0.9998476951563912 0
    outer loop
      vertex 4.825502516487495 0.0030458649045215225 0
      vertex 5 0 0
      vertex 4.825502516487495 0.0030458649045215225 19
    endloop
  endfacet
  facet normal 0 0 -1
    outer loop
      vertex 4.825502516487495 0.0030458649045215225 0
      vertex 5.2 4.614359353944899 0
      vertex 5 0 0
    endloop
  endfacet
  facet normal -0.01745240643728446 -0.9998476951563912 0
    outer loop
      vertex 4.825502516487495 0.0030458649045215225 19
      vertex 5 0 0
      vertex 5 0 19
    endloop
  endfacet
  facet normal 0 0 1
    outer loop
      vertex 4.825502516487495 0.0030458649045215225 19
      vertex 5 0 19
      vertex 4.860402013189996 1.002436691923617 19
    endloop
  endfacet
  facet normal -0.01745240643728446 0.9998476951563912 0
    outer loop
      vertex 4.825502516487495 169.99695413509548 0
      vertex 4.825502516487495 169.99695413509548 19
      vertex 5 170 19
    endloop
  endfacet
  facet normal 0 0 -1
    outer loop
      vertex 4.825502516487495 169.99695413509548 0
      vertex 5 170 0
      vertex 4.971539824501537 165.22567110899035 0
    endloop
  endfacet
  facet normal -0.01745240643728446 0.9998476951563912 0
    outer loop
      vertex 4.825502516487495 169.99695413509548 0
      vertex 5 170 19
      vertex 5 170 0
    endloop
  endfacet
  facet normal 0 0 1
    outer loop
      vertex 4.825502516487495 169.99695413509548 19
      vertex 4.860402013189996 168.9975633080764 19
      vertex 5 169 19
    endloop
  endfacet
  facet normal 0 0 1
    outer loop
      vertex 4.825502516487495 169.99695413509548 19
      vertex 5 169 19
      vertex 5 170 19
    endloop
  endfacet
  facet normal 0.017452406437282617 0.9998476951563912 0
    outer loop
      vertex 4.860402013189996 1.002436691923617 13
      vertex 4.860402013189996 1.002436691923617 19
      vertex 5 1 13
    endloop
  endfacet
  facet normal 0 0 1
    outer loop
      vertex 4.860402013189996 1.002436691923617 13
      vertex 5 1 13
      vertex 4.971539824501537 4.774328891009635 13
    endloop
  endfacet
  facet normal 0 0 1
    outer loop
      vertex 4.860402013189996 1.002436691923617 19
      vertex 5 0 19
      vertex 5 1 19
    endloop
  endfacet
  facet normal 0.017452406437282617 0.9998476951563912 0
    outer loop
      vertex 4.860402013189996 1.002436691923617 19
      vertex 5 1 19
      vertex 5 1 13
    endloop
  endfacet
  facet normal 0 0 1
    outer loop
      vertex 4.860402013189996 168.9975633080764 13
      vertex 4.971539824501537 165.22567110899035 13
      vertex 5.2 165.3856406460551 13
    endloop
  endfacet
  facet normal 0.017452406437203125 -0.9998476951563926 0
    outer loop
      vertex 4.860402013189996 168.9975633080764 13
      vertex 5 169 13
      vertex 5 169 19
    endloop
  endfacet
  facet normal 0.017452406437203125 -0.9998476951563926 0
    outer loop
      vertex 4.860402013189996 168.9975633080764 13
      vertex 5 169 19
      vertex 4.860402013189996 168.9975633080764 19
    endloop
  endfacet
  facet normal 0 0 1
    outer loop
      vertex 4.860402013189996 168.9975633080764 13
      vertex 5.2 165.3856406460551 13
      vertex 5 169 13
    endloop
  endfacet
  facet normal 0.5735764363510437 0.8191520442889934 0
    outer loop
      vertex 4.971539824501537 4.774328891009635 0
      vertex 4.971539824501537 4.774328891009635 13
      vertex 5.2 4.614359353944899 0
    endloop
  endfacet
  facet normal 0 0 1
    outer loop
      vertex 4.971539824501537 4.774328891009635 13
      vertex 5 1 13
      vertex 5.2 4.614359353944899 13
    endloop
  endfacet
  facet normal 0.5735764363510437 0.8191520442889934 0
    outer loop
      vertex 4.971539824501537 4.774328891009635 13
      vertex 5.2 4.614359353944899 13
      vertex 5.2 4.614359353944899 0
    endloop
  endfacet
  facet normal 0 0 -1
    outer loop
      vertex 4.971539824501537 7.225671108990365 0
      vertex 4.971539824501537 162.77432889100965 0
      vertex 5.2 162.6143593539449 0
    endloop
  endfacet
  facet normal 0.5735764363510437 -0.8191520442889934 0
    outer loop
      vertex 4.971539824501537 7.225671108990365 0
      vertex 5.2 7.385640646055101 0
      vertex 5.2 7.385640646055101 13
    endloop
  endfacet
  facet normal 0.5735764363510437 -0.8191520442889934 0
    outer loop
      vertex 4.971539824501537 7.225671108990365 0
      vertex 5.2 7.385640646055101 13
      vertex 4.971539824501537 7.225671108990365 13
    endloop
  endfacet
  facet normal 0 0 -1
    outer loop
      vertex 4.971539824501537 7.225671108990365 0
      vertex 5.2 162.6143593539449 0
      vertex 5.2 7.385640646055101 0
    endloop
  endfacet
  facet normal 0.5735764363510523 0.8191520442889875 0
    outer loop
      vertex 4.971539824501537 162.77432889100965 0
      vertex 4.971539824501537 162.77432889100965 13
      vertex 5.2 162.6143593539449 0
    endloop
  endfacet
  facet normal 0 0 1
    outer loop
      vertex 4.971539824501537 162.77432889100965 13
      vertex 5.2 7.385640646055101 13
      vertex 5.2 162.6143593539449 13
    endloop
  endfacet
  facet normal 0.5735764363510523 0.8191520442889875 0
    outer loop
      vertex 4.971539824501537 162.77432889100965 13
      vertex 5.2 162.6143593539449 13
      vertex 5.2 162.6143593539449 0
    endloop
  endfacet
  facet normal 0 0 -1
    outer loop
      vertex 4.971539824501537 165.22567110899035 0
      vertex 5 170 0
      vertex 5.2 165.3856406460551 0
    endloop
  endfacet
  facet normal 0.5735764363510523 -0.8191520442889875 0
    outer loop
      vertex 4.971539824501537 165.22567110899035 0
      vertex 5.2 165.3856406460551 0
      vertex 5.2 165.3856406460551 13
    endloop
  endfacet
  facet normal 0.5735764363510523 -0.8191520442889875 0
    outer loop
      vertex 4.971539824501537 165.22567110899035 0
      vertex 5.2 165.3856406460551 13
      vertex 4.971539824501537 165.22567110899035 13
    endloop
  endfacet
  facet normal 0 0 -1
    outer loop
      vertex 5 0 0
      vertex 5.2 4.614359353944899 0
      vertex 5.45276777067893 4.496491806742546 0
    endloop
  endfacet
  facet normal 0 0 -1
    outer loop
      vertex 5 0 0
      vertex 5.45276777067893 4.496491806742546 0
      vertex 5.722162915732912 4.424307595180467 0
    endloop
  endfacet
  facet normal 0 0 -1
    outer loop
      vertex 5 0 0
      vertex 5.722162915732912 4.424307595180467 0
      vertex 6 4.4 0
    endloop
  endfacet
  facet normal 0 0 -1
    outer loop
      vertex 5 0 0
      vertex 6 4.4 0
      vertex 6.277837084267088 4.424307595180467 0
    endloop
  endfacet
  facet normal 0 0 -1
    outer loop
      vertex 5 0 0
      vertex 6.277837084267088 4.424307595180467 0
      vertex 6.54723222932107 4.496491806742546 0
    endloop
  endfacet
  facet normal 0 0 -1
    outer loop
      vertex 5 0 0
      vertex 6.54723222932107 4.496491806742546 0
      vertex 6.8 4.614359353944899 0
    endloop
  endfacet
  facet normal 0 0 -1
    outer loop
      vertex 5 0 0
      vertex 6.8 4.614359353944899 0
      vertex 111.7 4.614359353944899 0
    endloop
  endfacet
  facet normal 0 0 -1
    outer loop
      vertex 5 0 0
      vertex 111.7 4.614359353944899 0
      vertex 111.95276777067893 4.496491806742546 0
    endloop
  endfacet
  facet normal 0 0 -1
    outer loop
      vertex 5 0 0
      vertex 111.95276777067893 4.496491806742546 0
      vertex 112.22216291573291 4.424307595180467 0
    endloop
  endfacet
  facet normal 0 0 -1
    outer loop
      vertex 5 0 0
      vertex 112.22216291573291 4.424307595180467 0
      vertex 112.5 4.4 0
    endloop
  endfacet
  facet normal 0 0 -1
    outer loop
      vertex 5 0 0
      vertex 112.5 4.4 0
      vertex 220 0 0
    endloop
  endfacet
  facet normal 0 -1 0
    outer loop
      vertex 5 0 0
      vertex 220 0 0
      vertex 5 0 19
    endloop
  endfacet
  facet normal 0 -1 0
    outer loop
      vertex 5 0 19
      vertex 220 0 0
      vertex 220 0 19
    endloop
  endfacet
  facet normal 0 0 1
    outer loop
      vertex 5 0 19
      vertex 220 0 19
      vertex 5 1 19
    endloop
  endfacet
  facet normal 0 1 0
    outer loop
      vertex 5 1 13
      vertex 5 1 19
      vertex 220 1 13
    endloop
  endfacet
  facet normal 0 0 1
    outer loop
      vertex 5 1 13
      vertex 5.45276777067893 4.496491806742546 13
      vertex 5.2 4.614359353944899 13
    endloop
  endfacet
  facet normal 0 0 1
    outer loop
      vertex 5 1 13
      vertex 5.722162915732912 4.424307595180467 13
      vertex 5.45276777067893 4.496491806742546 13
    endloop
  endfacet
  facet normal 0 0 1
    outer loop
      vertex 5 1 13
      vertex 6 4.4 13
      vertex 5.722162915732912 4.424307595180467 13
    endloop
  endfacet
  facet normal 0 0 1
    outer loop
      vertex 5 1 13
      vertex 6.277837084267088 4.424307595180467 13
      vertex 6 4.4 13
    endloop
  endfacet
  facet normal 0 0 1
    outer loop
      vertex 5 1 13
      vertex 6.54723222932107 4.496491806742546 13
      vertex 6.277837084267088 4.424307595180467 13
    endloop
  endfacet
  facet normal 0 0 1
    outer loop
      vertex 5 1 13
      vertex 6.8 4.614359353944899 13
      vertex 6.54723222932107 4.496491806742546 13
    endloop
  endfacet
  facet normal 0 0 1
    outer loop
      vertex 5 1 13
      vertex 111.47153982450153 4.774328891009635 13
      vertex 6.8 4.614359353944899 13
    endloop
  endfacet
  facet normal 0 0 1
    outer loop
      vertex 5 1 13
      vertex 111.7 4.614359353944899 13
      vertex 111.47153982450153 4.774328891009635 13
    endloop
  endfacet
  facet normal 0 0 1
    outer loop
      vertex 5 1 13
      vertex 111.95276777067893 4.496491806742546 13
      vertex 111.7 4.614359353944899 13
    endloop
  endfacet
  facet normal 0 0 1
    outer loop
      vertex 5 1 13
      vertex 112.22216291573291 4.424307595180467 13
      vertex 111.95276777067893 4.496491806742546 13
    endloop
  endfacet
  facet normal 0 0 1
    outer loop
      vertex 5 1 13
      vertex 112.5 4.4 13
      vertex 112.22216291573291 4.424307595180467 13
    endloop
  endfacet
  facet normal 0 0 1
    outer loop
      vertex 5 1 13
      vertex 220 1 13
      vertex 112.5 4.4 13
    endloop
  endfacet
  facet normal 0 0 1
    outer loop
      vertex 5 1 19
      vertex 220 0 19
      vertex 220 1 19
    endloop
  endfacet
  facet normal 0 1 0
    outer loop
      vertex 5 1 19
      vertex 220 1 19
      vertex 220 1 13
    endloop
  endfacet
  facet normal 0 0 1
    outer loop
      vertex 5 169 13
      vertex 5.2 165.3856406460551 13
      vertex 5.45276777067893 165.50350819325746 13
    endloop
  endfacet
  facet normal 0 0 1
    outer loop
      vertex 5 169 13
      vertex 5.45276777067893 165.50350819325746 13
      vertex 5.722162915732912 165.57569240481953 13
    endloop
  endfacet
  facet normal 0 0 1
    outer loop
      vertex 5 169 13
      vertex 5.722162915732912 165.57569240481953 13
      vertex 6 165.6 13
    endloop
  endfacet
  facet normal 0 0 1
    outer loop
      vertex 5 169 13
      vertex 6 165.6 13
      vertex 6.277837084267088 165.57569240481953 13
    endloop
  endfacet
  facet normal 0 0 1
    outer loop
      vertex 5 169 13
      vertex 6.277837084267088 165.57569240481953 13
      vertex 6.54723222932107 165.50350819325746 13
    endloop
  endfacet
  facet normal 0 0 1
    outer loop
      vertex 5 169 13
      vertex 6.54723222932107 165.50350819325746 13
      vertex 6.8 165.3856406460551 13
    endloop
  endfacet
  facet normal 0 0 1
    outer loop
      vertex 5 169 13
      vertex 6.8 165.3856406460551 13
      vertex 7.028460175498463 165.22567110899035 13
    endloop
  endfacet
  facet normal 0 0 1
    outer loop
      vertex 5 169 13
      vertex 7.028460175498463 165.22567110899035 13
      vertex 13.141154300063981 160 13
    endloop
  endfacet
  facet normal 0 0 1
    outer loop
      vertex 5 169 13
      vertex 13.141154300063981 160 13
      vertex 111.11435935394489 163.2 13
    endloop
  endfacet
  facet normal 0 0 1
    outer loop
      vertex 5 169 13
      vertex 110.9 164 13
      vertex 110.92430759518047 164.27783708426708 13
    endloop
  endfacet
  facet normal 0 0 1
    outer loop
      vertex 5 169 13
      vertex 110.92430759518047 163.72216291573292 13
      vertex 110.9 164 13
    endloop
  endfacet
  facet normal 0 0 1
    outer loop
      vertex 5 169 13
      vertex 110.92430759518047 164.27783708426708 13
      vertex 110.99649180674254 164.54723222932108 13
    endloop
  endfacet
  facet normal 0 0 1
    outer loop
      vertex 5 169 13
      vertex 110.99649180674254 163.45276777067892 13
      vertex 110.92430759518047 163.72216291573292 13
    endloop
  endfacet
  facet normal 0 0 1
    outer loop
      vertex 5 169 13
      vertex 110.99649180674254 164.54723222932108 13
      vertex 111.11435935394489 164.8 13
    endloop
  endfacet
  facet normal 0 0 1
    outer loop
      vertex 5 169 13
      vertex 111.11435935394489 163.2 13
      vertex 110.99649180674254 163.45276777067892 13
    endloop
  endfacet
  facet normal 0 0 1
    outer loop
      vertex 5 169 13
      vertex 111.11435935394489 164.8 13
      vertex 111.27432889100963 165.02846017549845 13
    endloop
  endfacet
  facet normal 0 0 1
    outer loop
      vertex 5 169 13
      vertex 111.27432889100963 165.02846017549845 13
      vertex 111.47153982450153 165.22567110899035 13
    endloop
  endfacet
  facet normal 0 0 1
    outer loop
      vertex 5 169 13
      vertex 111.47153982450153 165.22567110899035 13
      vertex 111.7 165.3856406460551 13
    endloop
  endfacet
  facet normal 0 0 1
    outer loop
      vertex 5 169 13
      vertex 111.7 165.3856406460551 13
      vertex 111.95276777067893 165.50350819325746 13
    endloop
  endfacet
  facet normal 0 0 1
    outer loop
      vertex 5 169 13
      vertex 111.95276777067893 165.50350819325746 13
      vertex 112.22216291573291 165.57569240481953 13
    endloop
  endfacet
  facet normal 0 0 1
    outer loop
      vertex 5 169 13
      vertex 112.22216291573291 165.57569240481953 13
      vertex 112.5 165.6 13
    endloop
  endfacet
  facet normal 0 0 1
    outer loop
      vertex 5 169 13
      vertex 112.5 165.6 13
      vertex 220 169 13
    endloop
  endfacet
  facet normal 0 -1 0
    outer loop
      vertex 5 169 13
      vertex 220 169 13
      vertex 220 169 19
    endloop
  endfacet
  facet normal 0 -1 0
    outer loop
      vertex 5 169 13
      vertex 220 169 19
      vertex 5 169 19
    endloop
  endfacet
  facet normal 0 0 1
    outer loop
      vertex 5 169 19
      vertex 220 169 19
      vertex 5 170 19
    endloop
  endfacet
  facet normal 0 1 0
    outer loop
      vertex 5 170 0
      vertex 5 170 19
      vertex 220 170 19
    endloop
  endfacet
  facet normal 0 0 -1
    outer loop
      vertex 5 170 0
      vertex 5.45276777067893 165.50350819325746 0
      vertex 5.2 165.3856406460551 0
    endloop
  endfacet
  facet normal 0 0 -1
    outer loop
      vertex 5 170 0
      vertex 5.722162915732912 165.57569240481953 0
      vertex 5.45276777067893 165.50350819325746 0
    endloop
  endfacet
  facet normal 0 0 -1
    outer loop
      vertex 5 170 0
      vertex 6 165.6 0
      vertex 5.722162915732912 165.57569240481953 0
    endloop
  endfacet
  facet normal 0 0 -1
    outer loop
      vertex 5 170 0
      vertex 6.277837084267088 165.57569240481953 0
      vertex 6 165.6 0
    endloop
  endfacet
  facet normal 0 0 -1
    outer loop
      vertex 5 170 0
      vertex 6.54723222932107 165.50350819325746 0
      vertex 6.277837084267088 165.57569240481953 0
    endloop
  endfacet
  facet normal 0 0 -1
    outer loop
      vertex 5 170 0
      vertex 6.8 165.3856406460551 0
      vertex 6.54723222932107 165.50350819325746 0
    endloop
  endfacet
  facet normal 0 0 -1
    outer loop
      vertex 5 170 0
      vertex 7.028460175498463 165.22567110899035 0
      vertex 6.8 165.3856406460551 0
    endloop
  endfacet
  facet normal 0 0 -1
    outer loop
      vertex 5 170 0
      vertex 7.225671108990365 165.02846017549845 0
      vertex 7.028460175498463 165.22567110899035 0
    endloop
  endfacet
  facet normal 0 0 -1
    outer loop
      vertex 5 170 0
      vertex 22.99000768639508 147.00999231360493 0
      vertex 7.225671108990365 165.02846017549845 0
    endloop
  endfacet
  facet normal 0 0 -1
    outer loop
      vertex 5 170 0
      vertex 110.9 164 0
      vertex 22.99000768639508 147.00999231360493 0
    endloop
  endfacet
  facet normal 0 0 -1
    outer loop
      vertex 5 170 0
      vertex 110.92430759518047 164.27783708426708 0
      vertex 110.9 164 0
    endloop
  endfacet
  facet normal 0 0 -1
    outer loop
      vertex 5 170 0
      vertex 110.99649180674254 164.54723222932108 0
      vertex 110.92430759518047 164.27783708426708 0
    endloop
  endfacet
  facet normal 0 0 -1
    outer loop
      vertex 5 170 0
      vertex 111.11435935394489 164.8 0
      vertex 110.99649180674254 164.54723222932108 0
    endloop
  endfacet
  facet normal 0 0 -1
    outer loop
      vertex 5 170 0
      vertex 111.27432889100963 165.02846017549845 0
      vertex 111.11435935394489 164.8 0
    endloop
  endfacet
  facet normal 0 0 -1
    outer loop
      vertex 5 170 0
      vertex 111.47153982450153 165.22567110899035 0
      vertex 111.27432889100963 165.02846017549845 0
    endloop
  endfacet
  facet normal 0 0 -1
    outer loop
      vertex 5 170 0
      vertex 111.7 165.3856406460551 0
      vertex 111.47153982450153 165.22567110899035 0
    endloop
  endfacet
  facet normal 0 0 -1
    outer loop
      vertex 5 170 0
      vertex 111.95276777067893 165.50350819325746 0
      vertex 111.7 165.3856406460551 0
    endloop
  endfacet
  facet normal 0 0 -1
    outer loop
      vertex 5 170 0
      vertex 112.22216291573291 165.57569240481953 0
      vertex 111.95276777067893 165.50350819325746 0
    endloop
  endfacet
  facet normal 0 0 -1
    outer loop
      vertex 5 170 0
      vertex 112.5 165.6 0
      vertex 112.22216291573291 165.57569240481953 0
    endloop
  endfacet
  facet normal 0 0 -1
    outer loop
      vertex 5 170 0
      vertex 220 170 0
      vertex 112.5 165.6 0
    endloop
  endfacet
  facet normal 0 1 0
    outer loop
      vertex 5 170 0
      vertex 220 170 19
      vertex 220 170 0
    endloop
  endfacet
  facet normal 0 0 1
    outer loop
      vertex 5 170 19
      vertex 220 169 19
      vertex 220 170 19
    endloop
  endfacet
  facet normal 0.4226182617407015 0.9063077870366489 0
    outer loop
      vertex 5.2 4.614359353944899 0
      vertex 5.2 4.614359353944899 13
      vertex 5.45276777067893 4.496491806742546 0
    endloop
  endfacet
  facet normal 0.4226182617407015 0.9063077870366489 0
    outer loop
      vertex 5.2 4.614359353944899 13
      vertex 5.45276777067893 4.496491806742546 13
      vertex 5.45276777067893 4.496491806742546 0
    endloop
  endfacet
  facet normal 0 0 -1
    outer loop
      vertex 5.2 7.385640646055101 0
      vertex 5.2 162.6143593539449 0
      vertex 5.45276777067893 7.503508193257454 0
    endloop
  endfacet
  facet normal 0.4226182617407015 -0.9063077870366489 0
    outer loop
      vertex 5.2 7.385640646055101 0
      vertex 5.45276777067893 7.503508193257454 0
      vertex 5.45276777067893 7.503508193257454 13
    endloop
  endfacet
  facet normal 0.4226182617407015 -0.9063077870366489 0
    outer loop
      vertex 5.2 7.385640646055101 0
      vertex 5.45276777067893 7.503508193257454 13
      vertex 5.2 7.385640646055101 13
    endloop
  endfacet
  facet normal 0 0 1
    outer loop
      vertex 5.2 7.385640646055101 13
      vertex 5.45276777067893 7.503508193257454 13
      vertex 5.2 162.6143593539449 13
    endloop
  endfacet
  facet normal 0.42261826174074074 0.9063077870366306 0
    outer loop
      vertex 5.2 162.6143593539449 0
      vertex 5.2 162.6143593539449 13
      vertex 5.45276777067893 162.49649180674254 0
    endloop
  endfacet
  facet normal 0 0 -1
    outer loop
      vertex 5.2 162.6143593539449 0
      vertex 5.45276777067893 162.49649180674254 0
      vertex 5.45276777067893 7.503508193257454 0
    endloop
  endfacet
  facet normal 0 0 1
    outer loop
      vertex 5.2 162.6143593539449 13
      vertex 5.45276777067893 7.503508193257454 13
      vertex 5.45276777067893 162.49649180674254 13
    endloop
  endfacet
  facet normal 0.42261826174074074 0.9063077870366306 0
    outer loop
      vertex 5.2 162.6143593539449 13
      vertex 5.45276777067893 162.49649180674254 13
      vertex 5.45276777067893 162.49649180674254 0
    endloop
  endfacet
  facet normal 0.42261826174074074 -0.9063077870366306 0
    outer loop
      vertex 5.2 165.3856406460551 0
      vertex 5.45276777067893 165.50350819325746 0
      vertex 5.45276777067893 165.50350819325746 13
    endloop
  endfacet
  facet normal 0.42261826174074074 -0.9063077870366306 0
    outer loop
      vertex 5.2 165.3856406460551 0
      vertex 5.45276777067893 165.50350819325746 13
      vertex 5.2 165.3856406460551 13
    endloop
  endfacet
  facet normal 0.258819045102519 0.9659258262890688 0
    outer loop
      vertex 5.45276777067893 4.496491806742546 0
      vertex 5.45276777067893 4.496491806742546 13
      vertex 5.722162915732912 4.424307595180467 0
    endloop
  endfacet
  facet normal 0.258819045102519 0.9659258262890688 0
    outer loop
      vertex 5.45276777067893 4.496491806742546 13
      vertex 5.722162915732912 4.424307595180467 13
      vertex 5.722162915732912 4.424307595180467 0
    endloop
  endfacet
  facet normal 0 0 -1
    outer loop
      vertex 5.45276777067893 7.503508193257454 0
      vertex 5.45276777067893 162.49649180674254 0
      vertex 5.722162915732912 7.575692404819533 0
    endloop
  endfacet
  facet normal 0.258819045102519 -0.9659258262890688 0
    outer loop
      vertex 5.45276777067893 7.503508193257454 0
      vertex 5.722162915732912 7.575692404819533 0
      vertex 5.722162915732912 7.575692404819533 13
    endloop
  endfacet
  facet normal 0.258819045102519 -0.9659258262890688 0
    outer loop
      vertex 5.45276777067893 7.503508193257454 0
      vertex 5.722162915732912 7.575692404819533 13
      vertex 5.45276777067893 7.503508193257454 13
    endloop
  endfacet
  facet normal 0 0 1
    outer loop
      vertex 5.45276777067893 7.503508193257454 13
      vertex 5.722162915732912 7.575692404819533 13
      vertex 5.45276777067893 162.49649180674254 13
    endloop
  endfacet
  facet normal 0.25881904510250414 0.9659258262890726 0
    outer loop
      vertex 5.45276777067893 162.49649180674254 0
      vertex 5.45276777067893 162.49649180674254 13
      vertex 5.722162915732912 162.42430759518047 0
    endloop
  endfacet
  facet normal 0 0 -1
    outer loop
      vertex 5.45276777067893 162.49649180674254 0
      vertex 5.722162915732912 162.42430759518047 0
      vertex 6 7.6 0
    endloop
  endfacet
  facet normal 0 0 -1
    outer loop
      vertex 5.45276777067893 162.49649180674254 0
      vertex 6 7.6 0
      vertex 5.722162915732912 7.575692404819533 0
    endloop
  endfacet
  facet normal 0 0 1
    outer loop
      vertex 5.45276777067893 162.49649180674254 13
      vertex 5.722162915732912 7.575692404819533 13
      vertex 5.722162915732912 162.42430759518047 13
    endloop
  endfacet
  facet normal 0.25881904510250414 0.9659258262890726 0
    outer loop
      vertex 5.45276777067893 162.49649180674254 13
      vertex 5.722162915732912 162.42430759518047 13
      vertex 5.722162915732912 162.42430759518047 0
    endloop
  endfacet
  facet normal 0.25881904510250414 -0.9659258262890726 0
    outer loop
      vertex 5.45276777067893 165.50350819325746 0
      vertex 5.722162915732912 165.57569240481953 0
      vertex 5.722162915732912 165.57569240481953 13
    endloop
  endfacet
  facet normal 0.25881904510250414 -0.9659258262890726 0
    outer loop
      vertex 5.45276777067893 165.50350819325746 0
      vertex 5.722162915732912 165.57569240481953 13
      vertex 5.45276777067893 165.50350819325746 13
    endloop
  endfacet
  facet normal 0.08715574274765785 0.9961946980917457 0
    outer loop
      vertex 5.722162915732912 4.424307595180467 0
      vertex 5.722162915732912 4.424307595180467 13
      vertex 6 4.4 0
    endloop
  endfacet
  facet normal 0.08715574274765785 0.9961946980917457 0
    outer loop
      vertex 5.722162915732912 4.424307595180467 13
      vertex 6 4.4 13
      vertex 6 4.4 0
    endloop
  endfacet
  facet normal 0.08715574274765785 -0.9961946980917457 0
    outer loop
      vertex 5.722162915732912 7.575692404819533 0
      vertex 6 7.6 0
      vertex 6 7.6 13
    endloop
  endfacet
  facet normal 0.08715574274765785 -0.9961946980917457 0
    outer loop
      vertex 5.722162915732912 7.575692404819533 0
      vertex 6 7.6 13
      vertex 5.722162915732912 7.575692404819533 13
    endloop
  endfacet
  facet normal 0 0 1
    outer loop
      vertex 5.722162915732912 7.575692404819533 13
      vertex 6 7.6 13
      vertex 5.722162915732912 162.42430759518047 13
    endloop
  endfacet
  facet normal 0.08715574274763256 0.9961946980917478 0
    outer loop
      vertex 5.722162915732912 162.42430759518047 0
      vertex 5.722162915732912 162.42430759518047 13
      vertex 6 162.4 0
    endloop
  endfacet
  facet normal 0 0 -1
    outer loop
      vertex 5.722162915732912 162.42430759518047 0
      vertex 6 162.4 0
      vertex 6 7.6 0
    endloop
  endfacet
  facet normal 0 0 1
    outer loop
      vertex 5.722162915732912 162.42430759518047 13
      vertex 6 7.6 13
      vertex 6 162.4 13
    endloop
  endfacet
  facet normal 0.08715574274763256 0.9961946980917478 0
    outer loop
      vertex 5.722162915732912 162.42430759518047 13
      vertex 6 162.4 13
      vertex 6 162.4 0
    endloop
  endfacet
  facet normal 0.08715574274763256 -0.9961946980917478 0
    outer loop
      vertex 5.722162915732912 165.57569240481953 0
      vertex 6 165.6 0
      vertex 6 165.6 13
    endloop
  endfacet
  facet normal 0.08715574274763256 -0.9961946980917478 0
    outer loop
      vertex 5.722162915732912 165.57569240481953 0
      vertex 6 165.6 13
      vertex 5.722162915732912 165.57569240481953 13
    endloop
  endfacet
  facet normal -0.08715574274765785 0.9961946980917457 0
    outer loop
      vertex 6 4.4 0
      vertex 6 4.4 13
      vertex 6.277837084267088 4.424307595180467 0
    endloop
  endfacet
  facet normal -0.08715574274765785 0.9961946980917457 0
    outer loop
      vertex 6 4.4 13
      vertex 6.277837084267088 4.424307595180467 13
      vertex 6.277837084267088 4.424307595180467 0
    endloop
  endfacet
  facet normal 0 0 -1
    outer loop
      vertex 6 7.6 0
      vertex 6 162.4 0
      vertex 6.277837084267088 162.42430759518047 0
    endloop
  endfacet
  facet normal -0.08715574274765785 -0.9961946980917457 0
    outer loop
      vertex 6 7.6 0
      vertex 6.277837084267088 7.575692404819533 0
      vertex 6.277837084267088 7.575692404819533 13
    endloop
  endfacet
  facet normal -0.08715574274765785 -0.9961946980917457 0
    outer loop
      vertex 6 7.6 0
      vertex 6.277837084267088 7.575692404819533 13
      vertex 6 7.6 13
    endloop
  endfacet
  facet normal 0 0 -1
    outer loop
      vertex 6 7.6 0
      vertex 6.277837084267088 162.42430759518047 0
      vertex 6.54723222932107 162.49649180674254 0
    endloop
  endfacet
  facet normal 0 0 -1
    outer loop
      vertex 6 7.6 0
      vertex 6.54723222932107 162.49649180674254 0
      vertex 6.277837084267088 7.575692404819533 0
    endloop
  endfacet
  facet normal 0 0 1
    outer loop
      vertex 6 7.6 13
      vertex 6.277837084267088 7.575692404819533 13
      vertex 6 162.4 13
    endloop
  endfacet
  facet normal -0.08715574274763256 0.9961946980917478 0
    outer loop
      vertex 6 162.4 0
      vertex 6 162.4 13
      vertex 6.277837084267088 162.42430759518047 0
    endloop
  endfacet
  facet normal 0 0 1
    outer loop
      vertex 6 162.4 13
      vertex 6.277837084267088 7.575692404819533 13
      vertex 6.277837084267088 162.42430759518047 13
    endloop
  endfacet
  facet normal -0.08715574274763256 0.9961946980917478 0
    outer loop
      vertex 6 162.4 13
      vertex 6.277837084267088 162.42430759518047 13
      vertex 6.277837084267088 162.42430759518047 0
    endloop
  endfacet
  facet normal -0.08715574274763256 -0.9961946980917478 0
    outer loop
      vertex 6 165.6 0
      vertex 6.277837084267088 165.57569240481953 0
      vertex 6.277837084267088 165.57569240481953 13
    endloop
  endfacet
  facet normal -0.08715574274763256 -0.9961946980917478 0
    outer loop
      vertex 6 165.6 0
      vertex 6.277837084267088 165.57569240481953 13
      vertex 6 165.6 13
    endloop
  endfacet
  facet normal -0.258819045102519 0.9659258262890688 0
    outer loop
      vertex 6.277837084267088 4.424307595180467 0
      vertex 6.277837084267088 4.424307595180467 13
      vertex 6.54723222932107 4.496491806742546 0
    endloop
  endfacet
  facet normal -0.258819045102519 0.9659258262890688 0
    outer loop
      vertex 6.277837084267088 4.424307595180467 13
      vertex 6.54723222932107 4.496491806742546 13
      vertex 6.54723222932107 4.496491806742546 0
    endloop
  endfacet
  facet normal -0.258819045102519 -0.9659258262890688 0
    outer loop
      vertex 6.277837084267088 7.575692404819533 0
      vertex 6.54723222932107 7.503508193257454 0
      vertex 6.54723222932107 7.503508193257454 13
    endloop
  endfacet
  facet normal -0.258819045102519 -0.9659258262890688 0
    outer loop
      vertex 6.277837084267088 7.575692404819533 0
      vertex 6.54723222932107 7.503508193257454 13
      vertex 6.277837084267088 7.575692404819533 13
    endloop
  endfacet
  facet normal 0 0 -1
    outer loop
      vertex 6.277837084267088 7.575692404819533 0
      vertex 6.54723222932107 162.49649180674254 0
      vertex 6.54723222932107 7.503508193257454 0
    endloop
  endfacet
  facet normal 0 0 1
    outer loop
      vertex 6.277837084267088 7.575692404819533 13
      vertex 6.54723222932107 7.503508193257454 13
      vertex 6.277837084267088 162.42430759518047 13
    endloop
  endfacet
  facet normal -0.25881904510250414 0.9659258262890726 0
    outer loop
      vertex 6.277837084267088 162.42430759518047 0
      vertex 6.277837084267088 162.42430759518047 13
      vertex 6.54723222932107 162.49649180674254 0
    endloop
  endfacet
  facet normal 0 0 1
    outer loop
      vertex 6.277837084267088 162.42430759518047 13
      vertex 6.54723222932107 7.503508193257454 13
      vertex 6.54723222932107 162.49649180674254 13
    endloop
  endfacet
  facet normal -0.25881904510250414 0.9659258262890726 0
    outer loop
      vertex 6.277837084267088 162.42430759518047 13
      vertex 6.54723222932107 162.49649180674254 13
      vertex 6.54723222932107 162.49649180674254 0
    endloop
  endfacet
  facet normal -0.25881904510250414 -0.9659258262890726 0
    outer loop
      vertex 6.277837084267088 165.57569240481953 0
      vertex 6.54723222932107 165.50350819325746 0
      vertex 6.54723222932107 165.50350819325746 13
    endloop
  endfacet
  facet normal -0.25881904510250414 -0.9659258262890726 0
    outer loop
      vertex 6.277837084267088 165.57569240481953 0
      vertex 6.54723222932107 165.50350819325746 13
      vertex 6.277837084267088 165.57569240481953 13
    endloop
  endfacet
  facet normal -0.4226182617407015 0.9063077870366489 0
    outer loop
      vertex 6.54723222932107 4.496491806742546 0
      vertex 6.54723222932107 4.496491806742546 13
      vertex 6.8 4.614359353944899 0
    endloop
  endfacet
  facet normal -0.4226182617407015 0.9063077870366489 0
    outer loop
      vertex 6.54723222932107 4.496491806742546 13
      vertex 6.8 4.614359353944899 13
      vertex 6.8 4.614359353944899 0
    endloop
  endfacet
  facet normal 0 0 -1
    outer loop
      vertex 6.54723222932107 7.503508193257454 0
      vertex 6.54723222932107 162.49649180674254 0
      vertex 6.8 162.6143593539449 0
    endloop
  endfacet
  facet normal -0.4226182617407015 -0.9063077870366489 0
    outer loop
      vertex 6.54723222932107 7.503508193257454 0
      vertex 6.8 7.385640646055101 0
      vertex 6.8 7.385640646055101 13
    endloop
  endfacet
  facet normal -0.4226182617407015 -0.9063077870366489 0
    outer loop
      vertex 6.54723222932107 7.503508193257454 0
      vertex 6.8 7.385640646055101 13
      vertex 6.54723222932107 7.503508193257454 13
    endloop
  endfacet
  facet normal 0 0 -1
    outer loop
      vertex 6.54723222932107 7.503508193257454 0
      vertex 6.8 162.6143593539449 0
      vertex 6.8 7.385640646055101 0
    endloop
  endfacet
  facet normal 0 0 1
    outer loop
      vertex 6.54723222932107 7.503508193257454 13
      vertex 6.8 7.385640646055101 13
      vertex 6.54723222932107 162.49649180674254 13
    endloop
  endfacet
  facet normal -0.42261826174074074 0.9063077870366306 0
    outer loop
      vertex 6.54723222932107 162.49649180674254 0
      vertex 6.54723222932107 162.49649180674254 13
      vertex 6.8 162.6143593539449 0
    endloop
  endfacet
  facet normal 0 0 1
    outer loop
      vertex 6.54723222932107 162.49649180674254 13
      vertex 6.8 7.385640646055101 13
      vertex 6.8 162.6143593539449 13
    endloop
  endfacet
  facet normal -0.42261826174074074 0.9063077870366306 0
    outer loop
      vertex 6.54723222932107 162.49649180674254 13
      vertex 6.8 162.6143593539449 13
      vertex 6.8 162.6143593539449 0
    endloop
  endfacet
  facet normal -0.42261826174074074 -0.9063077870366306 0
    outer loop
      vertex 6.54723222932107 165.50350819325746 0
      vertex 6.8 165.3856406460551 0
      vertex 6.8 165.3856406460551 13
    endloop
  endfacet
  facet normal -0.42261826174074074 -0.9063077870366306 0
    outer loop
      vertex 6.54723222932107 165.50350819325746 0
      vertex 6.8 165.3856406460551 13
      vertex 6.54723222932107 165.50350819325746 13
    endloop
  endfacet
  facet normal -0.5735764363510437 0.8191520442889934 0
    outer loop
      vertex 6.8 4.614359353944899 0
      vertex 6.8 4.614359353944899 13
      vertex 7.028460175498463 4.774328891009635 0
    endloop
  endfacet
  facet normal 0 0 -1
    outer loop
      vertex 6.8 4.614359353944899 0
      vertex 7.028460175498463 4.774328891009635 0
      vertex 111.7 4.614359353944899 0
    endloop
  endfacet
  facet normal -0.5735764363510437 0.8191520442889934 0
    outer loop
      vertex 6.8 4.614359353944899 13
      vertex 7.028460175498463 4.774328891009635 13
      vertex 7.028460175498463 4.774328891009635 0
    endloop
  endfacet
  facet normal 0 0 1
    outer loop
      vertex 6.8 4.614359353944899 13
      vertex 111.47153982450153 4.774328891009635 13
      vertex 7.028460175498463 4.774328891009635 13
    endloop
  endfacet
  facet normal 0 0 -1
    outer loop
      vertex 6.8 7.385640646055101 0
      vertex 6.8 162.6143593539449 0
      vertex 7.028460175498463 162.77432889100965 0
    endloop
  endfacet
  facet normal -0.5735764363510437 -0.8191520442889934 0
    outer loop
      vertex 6.8 7.385640646055101 0
      vertex 7.028460175498463 7.225671108990365 0
      vertex 7.028460175498463 7.225671108990365 13
    endloop
  endfacet
  facet normal -0.5735764363510437 -0.8191520442889934 0
    outer loop
      vertex 6.8 7.385640646055101 0
      vertex 7.028460175498463 7.225671108990365 13
      vertex 6.8 7.385640646055101 13
    endloop
  endfacet
  facet normal 0 0 -1
    outer loop
      vertex 6.8 7.385640646055101 0
      vertex 7.028460175498463 162.77432889100965 0
      vertex 7.028460175498463 7.225671108990365 0
    endloop
  endfacet
  facet normal 0 0 1
    outer loop
      vertex 6.8 7.385640646055101 13
      vertex 7.028460175498463 7.225671108990365 13
      vertex 6.8 162.6143593539449 13
    endloop
  endfacet
  facet normal -0.5735764363510523 0.8191520442889875 0
    outer loop
      vertex 6.8 162.6143593539449 0
      vertex 6.8 162.6143593539449 13
      vertex 7.028460175498463 162.77432889100965 0
    endloop
  endfacet
  facet normal 0 0 1
    outer loop
      vertex 6.8 162.6143593539449 13
      vertex 7.028460175498463 7.225671108990365 13
      vertex 7.028460175498463 162.77432889100965 13
    endloop
  endfacet
  facet normal -0.5735764363510523 0.8191520442889875 0
    outer loop
      vertex 6.8 162.6143593539449 13
      vertex 7.028460175498463 162.77432889100965 13
      vertex 7.028460175498463 162.77432889100965 0
    endloop
  endfacet
  facet normal -0.5735764363510523 -0.8191520442889875 0
    outer loop
      vertex 6.8 165.3856406460551 0
      vertex 7.028460175498463 165.22567110899035 0
      vertex 7.028460175498463 165.22567110899035 13
    endloop
  endfacet
  facet normal -0.5735764363510523 -0.8191520442889875 0
    outer loop
      vertex 6.8 165.3856406460551 0
      vertex 7.028460175498463 165.22567110899035 13
      vertex 6.8 165.3856406460551 13
    endloop
  endfacet
  facet normal -0.7071067811865475 0.7071067811865475 0
    outer loop
      vertex 7.028460175498463 4.774328891009635 0
      vertex 7.028460175498463 4.774328891009635 13
      vertex 7.225671108990365 4.971539824501537 0
    endloop
  endfacet
  facet normal 0 0 -1
    outer loop
      vertex 7.028460175498463 4.774328891009635 0
      vertex 7.225671108990365 4.971539824501537 0
      vertex 111.47153982450153 4.774328891009635 0
    endloop
  endfacet
  facet normal 0 0 -1
    outer loop
      vertex 7.028460175498463 4.774328891009635 0
      vertex 111.47153982450153 4.774328891009635 0
      vertex 111.7 4.614359353944899 0
    endloop
  endfacet
  facet normal -0.7071067811865475 0.7071067811865475 0
    outer loop
      vertex 7.028460175498463 4.774328891009635 13
      vertex 7.225671108990365 4.971539824501537 13
      vertex 7.225671108990365 4.971539824501537 0
    endloop
  endfacet
  facet normal 0 0 1
    outer loop
      vertex 7.028460175498463 4.774328891009635 13
      vertex 111.27432889100963 4.971539824501537 13
      vertex 7.225671108990365 4.971539824501537 13
    endloop
  endfacet
  facet normal 0 0 1
    outer loop
      vertex 7.028460175498463 4.774328891009635 13
      vertex 111.47153982450153 4.774328891009635 13
      vertex 111.27432889100963 4.971539824501537 13
    endloop
  endfacet
  facet normal 0 0 -1
    outer loop
      vertex 7.028460175498463 7.225671108990365 0
      vertex 7.028460175498463 162.77432889100965 0
      vertex 7.225671108990365 162.97153982450155 0
    endloop
  endfacet
  facet normal -0.7071067811865475 -0.7071067811865475 0
    outer loop
      vertex 7.028460175498463 7.225671108990365 0
      vertex 7.225671108990365 7.028460175498463 0
      vertex 7.225671108990365 7.028460175498463 13
    endloop
  endfacet
  facet normal -0.7071067811865475 -0.7071067811865475 0
    outer loop
      vertex 7.028460175498463 7.225671108990365 0
      vertex 7.225671108990365 7.028460175498463 13
      vertex 7.028460175498463 7.225671108990365 13
    endloop
  endfacet
  facet normal 0 0 -1
    outer loop
      vertex 7.028460175498463 7.225671108990365 0
      vertex 7.225671108990365 162.97153982450155 0
      vertex 7.385640646055101 163.2 0
    endloop
  endfacet
  facet normal 0 0 -1
    outer loop
      vertex 7.028460175498463 7.225671108990365 0
      vertex 7.385640646055101 163.2 0
      vertex 7.503508193257454 163.45276777067892 0
    endloop
  endfacet
  facet normal 0 0 -1
    outer loop
      vertex 7.028460175498463 7.225671108990365 0
      vertex 7.503508193257454 163.45276777067892 0
      vertex 22.99000768639508 147.00999231360493 0
    endloop
  endfacet
  facet normal 0 0 -1
    outer loop
      vertex 7.028460175498463 7.225671108990365 0
      vertex 22.99000768639508 22.99000768639508 0
      vertex 111.95276777067893 7.503508193257454 0
    endloop
  endfacet
  facet normal 0 0 -1
    outer loop
      vertex 7.028460175498463 7.225671108990365 0
      vertex 22.99000768639508 147.00999231360493 0
      vertex 22.99000768639508 22.99000768639508 0
    endloop
  endfacet
  facet normal 0 0 -1
    outer loop
      vertex 7.028460175498463 7.225671108990365 0
      vertex 111.27432889100963 7.028460175498463 0
      vertex 7.225671108990365 7.028460175498463 0
    endloop
  endfacet
  facet normal 0 0 -1
    outer loop
      vertex 7.028460175498463 7.225671108990365 0
      vertex 111.47153982450153 7.225671108990365 0
      vertex 111.27432889100963 7.028460175498463 0
    endloop
  endfacet
  facet normal 0 0 -1
    outer loop
      vertex 7.028460175498463 7.225671108990365 0
      vertex 111.7 7.385640646055101 0
      vertex 111.47153982450153 7.225671108990365 0
    endloop
  endfacet
  facet normal 0 0 -1
    outer loop
      vertex 7.028460175498463 7.225671108990365 0
      vertex 111.95276777067893 7.503508193257454 0
      vertex 111.7 7.385640646055101 0
    endloop
  endfacet
  facet normal 0 0 1
    outer loop
      vertex 7.028460175498463 7.225671108990365 13
      vertex 7.225671108990365 7.028460175498463 13
      vertex 7.028460175498463 162.77432889100965 13
    endloop
  endfacet
  facet normal -0.7071067811865475 0.7071067811865475 0
    outer loop
      vertex 7.028460175498463 162.77432889100965 0
      vertex 7.028460175498463 162.77432889100965 13
      vertex 7.225671108990365 162.97153982450155 0
    endloop
  endfacet
  facet normal 0 0 1
    outer loop
      vertex 7.028460175498463 162.77432889100965 13
      vertex 7.225671108990365 7.028460175498463 13
      vertex 10 10 13
    endloop
  endfacet
  facet normal -0.7071067811865475 0.7071067811865475 0
    outer loop
      vertex 7.028460175498463 162.77432889100965 13
      vertex 7.225671108990365 162.97153982450155 13
      vertex 7.225671108990365 162.97153982450155 0
    endloop
  endfacet
  facet normal 0 0 1
    outer loop
      vertex 7.028460175498463 162.77432889100965 13
      vertex 10 10 13
      vertex 7.225671108990365 162.97153982450155 13
    endloop
  endfacet
  facet normal -0.7071067811865475 -0.7071067811865475 0
    outer loop
      vertex 7.028460175498463 165.22567110899035 0
      vertex 7.225671108990365 165.02846017549845 0
      vertex 7.225671108990365 165.02846017549845 13
    endloop
  endfacet
  facet normal -0.7071067811865475 -0.7071067811865475 0
    outer loop
      vertex 7.028460175498463 165.22567110899035 0
      vertex 7.225671108990365 165.02846017549845 13
      vertex 7.028460175498463 165.22567110899035 13
    endloop
  endfacet
  facet normal 0 0 1
    outer loop
      vertex 7.028460175498463 165.22567110899035 13
      vertex 7.225671108990365 165.02846017549845 13
      vertex 13.141154300063981 160 13
    endloop
  endfacet
  facet normal -0.8191520442889934 0.5735764363510437 0
    outer loop
      vertex 7.225671108990365 4.971539824501537 0
      vertex 7.225671108990365 4.971539824501537 13
      vertex 7.385640646055101 5.2 0
    endloop
  endfacet
  facet normal 0 0 -1
    outer loop
      vertex 7.225671108990365 4.971539824501537 0
      vertex 7.385640646055101 5.2 0
      vertex 111.27432889100963 4.971539824501537 0
    endloop
  endfacet
  facet normal 0 0 -1
    outer loop
      vertex 7.225671108990365 4.971539824501537 0
      vertex 111.27432889100963 4.971539824501537 0
      vertex 111.47153982450153 4.774328891009635 0
    endloop
  endfacet
  facet normal -0.8191520442889934 0.5735764363510437 0
    outer loop
      vertex 7.225671108990365 4.971539824501537 13
      vertex 7.385640646055101 5.2 13
      vertex 7.385640646055101 5.2 0
    endloop
  endfacet
  facet normal 0 0 1
    outer loop
      vertex 7.225671108990365 4.971539824501537 13
      vertex 111.11435935394489 5.2 13
      vertex 7.385640646055101 5.2 13
    endloop
  endfacet
  facet normal 0 0 1
    outer loop
      vertex 7.225671108990365 4.971539824501537 13
      vertex 111.27432889100963 4.971539824501537 13
      vertex 111.11435935394489 5.2 13
    endloop
  endfacet
  facet normal -0.8191520442889934 -0.5735764363510437 0
    outer loop
      vertex 7.225671108990365 7.028460175498463 0
      vertex 7.385640646055101 6.8 0
      vertex 7.385640646055101 6.8 13
    endloop
  endfacet
  facet normal -0.8191520442889934 -0.5735764363510437 0
    outer loop
      vertex 7.225671108990365 7.028460175498463 0
      vertex 7.385640646055101 6.8 13
      vertex 7.225671108990365 7.028460175498463 13
    endloop
  endfacet
  facet normal 0 0 -1
    outer loop
      vertex 7.225671108990365 7.028460175498463 0
      vertex 111.11435935394489 6.8 0
      vertex 7.385640646055101 6.8 0
    endloop
  endfacet
  facet normal 0 0 -1
    outer loop
      vertex 7.225671108990365 7.028460175498463 0
      vertex 111.27432889100963 7.028460175498463 0
      vertex 111.11435935394489 6.8 0
    endloop
  endfacet
  facet normal 0 0 1
    outer loop
      vertex 7.225671108990365 7.028460175498463 13
      vertex 7.385640646055101 6.8 13
      vertex 111.27432889100963 7.028460175498463 13
    endloop
  endfacet
  facet normal 0 0 1
    outer loop
      vertex 7.225671108990365 7.028460175498463 13
      vertex 111.27432889100963 7.028460175498463 13
      vertex 10 10 13
    endloop
  endfacet
  facet normal -0.8191520442889673 0.5735764363510811 0
    outer loop
      vertex 7.225671108990365 162.97153982450155 0
      vertex 7.225671108990365 162.97153982450155 13
      vertex 7.385640646055101 163.2 0
    endloop
  endfacet
  facet normal -0.8191520442889673 0.5735764363510811 0
    outer loop
      vertex 7.225671108990365 162.97153982450155 13
      vertex 7.385640646055101 163.2 13
      vertex 7.385640646055101 163.2 0
    endloop
  endfacet
  facet normal 0 0 1
    outer loop
      vertex 7.225671108990365 162.97153982450155 13
      vertex 10 10 13
      vertex 7.385640646055101 163.2 13
    endloop
  endfacet
  facet normal -0.8191520442889673 -0.5735764363510811 0
    outer loop
      vertex 7.225671108990365 165.02846017549845 0
      vertex 7.385640646055101 164.8 0
      vertex 7.385640646055101 164.8 13
    endloop
  endfacet
  facet normal -0.8191520442889673 -0.5735764363510811 0
    outer loop
      vertex 7.225671108990365 165.02846017549845 0
      vertex 7.385640646055101 164.8 13
      vertex 7.225671108990365 165.02846017549845 13
    endloop
  endfacet
  facet normal 0 0 -1
    outer loop
      vertex 7.225671108990365 165.02846017549845 0
      vertex 22.99000768639508 147.00999231360493 0
      vertex 7.385640646055101 164.8 0
    endloop
  endfacet
  facet normal 0 0 1
    outer loop
      vertex 7.225671108990365 165.02846017549845 13
      vertex 7.385640646055101 164.8 13
      vertex 13.141154300063981 160 13
    endloop
  endfacet
  facet normal -0.9063077870366489 0.4226182617407015 0
    outer loop
      vertex 7.385640646055101 5.2 0
      vertex 7.385640646055101 5.2 13
      vertex 7.503508193257454 5.45276777067893 0
    endloop
  endfacet
  facet normal 0 0 -1
    outer loop
      vertex 7.385640646055101 5.2 0
      vertex 7.503508193257454 5.45276777067893 0
      vertex 111.11435935394489 5.2 0
    endloop
  endfacet
  facet normal 0 0 -1
    outer loop
      vertex 7.385640646055101 5.2 0
      vertex 111.11435935394489 5.2 0
      vertex 111.27432889100963 4.971539824501537 0
    endloop
  endfacet
  facet normal -0.9063077870366489 0.4226182617407015 0
    outer loop
      vertex 7.385640646055101 5.2 13
      vertex 7.503508193257454 5.45276777067893 13
      vertex 7.503508193257454 5.45276777067893 0
    endloop
  endfacet
  facet normal 0 0 1
    outer loop
      vertex 7.385640646055101 5.2 13
      vertex 110.99649180674254 5.45276777067893 13
      vertex 7.503508193257454 5.45276777067893 13
    endloop
  endfacet
  facet normal 0 0 1
    outer loop
      vertex 7.385640646055101 5.2 13
      vertex 111.11435935394489 5.2 13
      vertex 110.99649180674254 5.45276777067893 13
    endloop
  endfacet
  facet normal -0.9063077870366489 -0.4226182617407015 0
    outer loop
      vertex 7.385640646055101 6.8 0
      vertex 7.503508193257454 6.54723222932107 0
      vertex 7.503508193257454 6.54723222932107 13
    endloop
  endfacet
  facet normal -0.9063077870366489 -0.4226182617407015 0
    outer loop
      vertex 7.385640646055101 6.8 0
      vertex 7.503508193257454 6.54723222932107 13
      vertex 7.385640646055101 6.8 13
    endloop
  endfacet
  facet normal 0 0 -1
    outer loop
      vertex 7.385640646055101 6.8 0
      vertex 110.99649180674254 6.54723222932107 0
      vertex 7.503508193257454 6.54723222932107 0
    endloop
  endfacet
  facet normal 0 0 -1
    outer loop
      vertex 7.385640646055101 6.8 0
      vertex 111.11435935394489 6.8 0
      vertex 110.99649180674254 6.54723222932107 0
    endloop
  endfacet
  facet normal 0 0 1
    outer loop
      vertex 7.385640646055101 6.8 13
      vertex 7.503508193257454 6.54723222932107 13
      vertex 111.11435935394489 6.8 13
    endloop
  endfacet
  facet normal 0 0 1
    outer loop
      vertex 7.385640646055101 6.8 13
      vertex 111.11435935394489 6.8 13
      vertex 111.27432889100963 7.028460175498463 13
    endloop
  endfacet
  facet normal -0.9063077870366485 0.42261826174070277 0
    outer loop
      vertex 7.385640646055101 163.2 0
      vertex 7.385640646055101 163.2 13
      vertex 7.503508193257454 163.45276777067892 0
    endloop
  endfacet
  facet normal -0.9063077870366485 0.42261826174070277 0
    outer loop
      vertex 7.385640646055101 163.2 13
      vertex 7.503508193257454 163.45276777067892 13
      vertex 7.503508193257454 163.45276777067892 0
    endloop
  endfacet
  facet normal 0 0 1
    outer loop
      vertex 7.385640646055101 163.2 13
      vertex 10 10 13
      vertex 7.503508193257454 163.45276777067892 13
    endloop
  endfacet
  facet normal -0.9063077870366485 -0.42261826174070277 0
    outer loop
      vertex 7.385640646055101 164.8 0
      vertex 7.503508193257454 164.54723222932108 0
      vertex 7.503508193257454 164.54723222932108 13
    endloop
  endfacet
  facet normal -0.9063077870366485 -0.42261826174070277 0
    outer loop
      vertex 7.385640646055101 164.8 0
      vertex 7.503508193257454 164.54723222932108 13
      vertex 7.385640646055101 164.8 13
    endloop
  endfacet
  facet normal 0 0 -1
    outer loop
      vertex 7.385640646055101 164.8 0
      vertex 22.99000768639508 147.00999231360493 0
      vertex 7.503508193257454 164.54723222932108 0
    endloop
  endfacet
  facet normal 0 0 1
    outer loop
      vertex 7.385640646055101 164.8 13
      vertex 7.503508193257454 164.54723222932108 13
      vertex 13.141154300063981 160 13
    endloop
  endfacet
  facet normal -0.9659258262890688 0.258819045102519 0
    outer loop
      vertex 7.503508193257454 5.45276777067893 0
      vertex 7.503508193257454 5.45276777067893 13
      vertex 7.575692404819533 5.722162915732912 0
    endloop
  endfacet
  facet normal 0 0 -1
    outer loop
      vertex 7.503508193257454 5.45276777067893 0
      vertex 7.575692404819533 5.722162915732912 0
      vertex 110.99649180674254 5.45276777067893 0
    endloop
  endfacet
  facet normal 0 0 -1
    outer loop
      vertex 7.503508193257454 5.45276777067893 0
      vertex 110.99649180674254 5.45276777067893 0
      vertex 111.11435935394489 5.2 0
    endloop
  endfacet
  facet normal -0.9659258262890688 0.258819045102519 0
    outer loop
      vertex 7.503508193257454 5.45276777067893 13
      vertex 7.575692404819533 5.722162915732912 13
      vertex 7.575692404819533 5.722162915732912 0
    endloop
  endfacet
  facet normal 0 0 1
    outer loop
      vertex 7.503508193257454 5.45276777067893 13
      vertex 110.92430759518047 5.722162915732912 13
      vertex 7.575692404819533 5.722162915732912 13
    endloop
  endfacet
  facet normal 0 0 1
    outer loop
      vertex 7.503508193257454 5.45276777067893 13
      vertex 110.99649180674254 5.45276777067893 13
      vertex 110.92430759518047 5.722162915732912 13
    endloop
  endfacet
  facet normal -0.9659258262890688 -0.258819045102519 0
    outer loop
      vertex 7.503508193257454 6.54723222932107 0
      vertex 7.575692404819533 6.277837084267088 0
      vertex 7.575692404819533 6.277837084267088 13
    endloop
  endfacet
  facet normal -0.9659258262890688 -0.258819045102519 0
    outer loop
      vertex 7.503508193257454 6.54723222932107 0
      vertex 7.575692404819533 6.277837084267088 13
      vertex 7.503508193257454 6.54723222932107 13
    endloop
  endfacet
  facet normal 0 0 -1
    outer loop
      vertex 7.503508193257454 6.54723222932107 0
      vertex 110.99649180674254 6.54723222932107 0
      vertex 7.575692404819533 6.277837084267088 0
    endloop
  endfacet
  facet normal 0 0 1
    outer loop
      vertex 7.503508193257454 6.54723222932107 13
      vertex 7.575692404819533 6.277837084267088 13
      vertex 110.99649180674254 6.54723222932107 13
    endloop
  endfacet
  facet normal 0 0 1
    outer loop
      vertex 7.503508193257454 6.54723222932107 13
      vertex 110.99649180674254 6.54723222932107 13
      vertex 111.11435935394489 6.8 13
    endloop
  endfacet
  facet normal -0.9659258262890745 0.25881904510249754 0
    outer loop
      vertex 7.503508193257454 163.45276777067892 0
      vertex 7.503508193257454 163.45276777067892 13
      vertex 7.575692404819533 163.72216291573292 0
    endloop
  endfacet
  facet normal 0 0 -1
    outer loop
      vertex 7.503508193257454 163.45276777067892 0
      vertex 7.575692404819533 163.72216291573292 0
      vertex 22.99000768639508 147.00999231360493 0
    endloop
  endfacet
  facet normal -0.9659258262890745 0.25881904510249754 0
    outer loop
      vertex 7.503508193257454 163.45276777067892 13
      vertex 7.575692404819533 163.72216291573292 13
      vertex 7.575692404819533 163.72216291573292 0
    endloop
  endfacet
  facet normal 0 0 1
    outer loop
      vertex 7.503508193257454 163.45276777067892 13
      vertex 10 10 13
      vertex 10 160 13
    endloop
  endfacet
  facet normal 0 0 1
    outer loop
      vertex 7.503508193257454 163.45276777067892 13
      vertex 10 160 13
      vertex 7.575692404819533 163.72216291573292 13
    endloop
  endfacet
  facet normal -0.9659258262890745 -0.25881904510249754 0
    outer loop
      vertex 7.503508193257454 164.54723222932108 0
      vertex 7.575692404819533 164.27783708426708 0
      vertex 7.575692404819533 164.27783708426708 13
    endloop
  endfacet
  facet normal -0.9659258262890745 -0.25881904510249754 0
    outer loop
      vertex 7.503508193257454 164.54723222932108 0
      vertex 7.575692404819533 164.27783708426708 13
      vertex 7.503508193257454 164.54723222932108 13
    endloop
  endfacet
  facet normal 0 0 -1
    outer loop
      vertex 7.503508193257454 164.54723222932108 0
      vertex 22.99000768639508 147.00999231360493 0
      vertex 7.575692404819533 164.27783708426708 0
    endloop
  endfacet
  facet normal 0 0 1
    outer loop
      vertex 7.503508193257454 164.54723222932108 13
      vertex 7.575692404819533 164.27783708426708 13
      vertex 13.141154300063981 160 13
    endloop
  endfacet
  facet normal -0.9961946980917457 0.08715574274765785 0
    outer loop
      vertex 7.575692404819533 5.722162915732912 0
      vertex 7.575692404819533 5.722162915732912 13
      vertex 7.6 6 0
    endloop
  endfacet
  facet normal 0 0 -1
    outer loop
      vertex 7.575692404819533 5.722162915732912 0
      vertex 7.6 6 0
      vertex 110.99649180674254 5.45276777067893 0
    endloop
  endfacet
  facet normal -0.9961946980917457 0.08715574274765785 0
    outer loop
      vertex 7.575692404819533 5.722162915732912 13
      vertex 7.6 6 13
      vertex 7.6 6 0
    endloop
  endfacet
  facet normal 0 0 1
    outer loop
      vertex 7.575692404819533 5.722162915732912 13
      vertex 110.9 6 13
      vertex 7.6 6 13
    endloop
  endfacet
  facet normal 0 0 1
    outer loop
      vertex 7.575692404819533 5.722162915732912 13
      vertex 110.92430759518047 5.722162915732912 13
      vertex 110.9 6 13
    endloop
  endfacet
  facet normal -0.9961946980917457 -0.08715574274765785 0
    outer loop
      vertex 7.575692404819533 6.277837084267088 0
      vertex 7.6 6 0
      vertex 7.6 6 13
    endloop
  endfacet
  facet normal -0.9961946980917457 -0.08715574274765785 0
    outer loop
      vertex 7.575692404819533 6.277837084267088 0
      vertex 7.6 6 13
      vertex 7.575692404819533 6.277837084267088 13
    endloop
  endfacet
  facet normal 0 0 -1
    outer loop
      vertex 7.575692404819533 6.277837084267088 0
      vertex 110.99649180674254 6.54723222932107 0
      vertex 7.6 6 0
    endloop
  endfacet
  facet normal 0 0 1
    outer loop
      vertex 7.575692404819533 6.277837084267088 13
      vertex 7.6 6 13
      vertex 110.92430759518047 6.277837084267088 13
    endloop
  endfacet
  facet normal 0 0 1
    outer loop
      vertex 7.575692404819533 6.277837084267088 13
      vertex 110.92430759518047 6.277837084267088 13
      vertex 110.99649180674254 6.54723222932107 13
    endloop
  endfacet
  facet normal -0.9961946980917452 0.08715574274766143 0
    outer loop
      vertex 7.575692404819533 163.72216291573292 0
      vertex 7.575692404819533 163.72216291573292 13
      vertex 7.6 164 0
    endloop
  endfacet
  facet normal 0 0 -1
    outer loop
      vertex 7.575692404819533 163.72216291573292 0
      vertex 7.6 164 0
      vertex 22.99000768639508 147.00999231360493 0
    endloop
  endfacet
  facet normal -0.9961946980917452 0.08715574274766143 0
    outer loop
      vertex 7.575692404819533 163.72216291573292 13
      vertex 7.6 164 13
      vertex 7.6 164 0
    endloop
  endfacet
  facet normal 0 0 1
    outer loop
      vertex 7.575692404819533 163.72216291573292 13
      vertex 10 160 13
      vertex 7.6 164 13
    endloop
  endfacet
  facet normal -0.9961946980917452 -0.08715574274766143 0
    outer loop
      vertex 7.575692404819533 164.27783708426708 0
      vertex 7.6 164 0
      vertex 7.6 164 13
    endloop
  endfacet
  facet normal -0.9961946980917452 -0.08715574274766143 0
    outer loop
      vertex 7.575692404819533 164.27783708426708 0
      vertex 7.6 164 13
      vertex 7.575692404819533 164.27783708426708 13
    endloop
  endfacet
  facet normal 0 0 -1
    outer loop
      vertex 7.575692404819533 164.27783708426708 0
      vertex 22.99000768639508 147.00999231360493 0
      vertex 7.6 164 0
    endloop
  endfacet
  facet normal 0 0 1
    outer loop
      vertex 7.575692404819533 164.27783708426708 13
      vertex 7.6 164 13
      vertex 10 160 13
    endloop
  endfacet
  facet normal 0 0 1
    outer loop
      vertex 7.575692404819533 164.27783708426708 13
      vertex 10 160 13
      vertex 13.141154300063981 160 13
    endloop
  endfacet
  facet normal 0 0 -1
    outer loop
      vertex 7.6 6 0
      vertex 110.9 6 0
      vertex 110.92430759518047 5.722162915732912 0
    endloop
  endfacet
  facet normal 0 0 -1
    outer loop
      vertex 7.6 6 0
      vertex 110.92430759518047 5.722162915732912 0
      vertex 110.99649180674254 5.45276777067893 0
    endloop
  endfacet
  facet normal 0 0 -1
    outer loop
      vertex 7.6 6 0
      vertex 110.92430759518047 6.277837084267088 0
      vertex 110.9 6 0
    endloop
  endfacet
  facet normal 0 0 -1
    outer loop
      vertex 7.6 6 0
      vertex 110.99649180674254 6.54723222932107 0
      vertex 110.92430759518047 6.277837084267088 0
    endloop
  endfacet
  facet normal 0 0 1
    outer loop
      vertex 7.6 6 13
      vertex 110.9 6 13
      vertex 110.92430759518047 6.277837084267088 13
    endloop
  endfacet
  facet normal 0.7073785884911029 0 0.7068348693608254
    outer loop
      vertex 10 10 13
      vertex 22.99000768639508 22.99000768639508 0
      vertex 10 160 13
    endloop
  endfacet
  facet normal 0 0 1
    outer loop
      vertex 10 10 13
      vertex 111.27432889100963 7.028460175498463 13
      vertex 111.53827227372865 10 13
    endloop
  endfacet
  facet normal 0 0.7073785884911028 0.7068348693608253
    outer loop
      vertex 10 10 13
      vertex 111.53827227372865 10 13
      vertex 22.99000768639508 22.99000768639508 0
    endloop
  endfacet
  facet normal 0.7073785884911028 0 0.7068348693608253
    outer loop
      vertex 10 160 13
      vertex 22.99000768639508 22.99000768639508 0
      vertex 22.99000768639508 147.00999231360493 0
    endloop
  endfacet
  facet normal 0 -0.707378588491103 0.7068348693608252
    outer loop
      vertex 10 160 13
      vertex 22.99000768639508 147.00999231360493 0
      vertex 202.01 147.00999231360493 0
    endloop
  endfacet
  facet normal 0 -0.707378588491103 0.7068348693608252
    outer loop
      vertex 10 160 13
      vertex 202.01 147.00999231360493 0
      vertex 13.141154300063981 160 13
    endloop
  endfacet
  facet normal 0 0 1
    outer loop
      vertex 13.141154300063981 160 13
      vertex 111.27432889100963 162.97153982450155 13
      vertex 111.11435935394489 163.2 13
    endloop
  endfacet
  facet normal 0 0 1
    outer loop
      vertex 13.141154300063981 160 13
      vertex 111.47153982450153 162.77432889100965 13
      vertex 111.27432889100963 162.97153982450155 13
    endloop
  endfacet
  facet normal 0 0 1
    outer loop
      vertex 13.141154300063981 160 13
      vertex 111.7 162.6143593539449 13
      vertex 111.47153982450153 162.77432889100965 13
    endloop
  endfacet
  facet normal 0 0 1
    outer loop
      vertex 13.141154300063981 160 13
      vertex 111.95276777067893 162.49649180674254 13
      vertex 111.7 162.6143593539449 13
    endloop
  endfacet
  facet normal 0 0 1
    outer loop
      vertex 13.141154300063981 160 13
      vertex 112.22216291573291 162.42430759518047 13
      vertex 111.95276777067893 162.49649180674254 13
    endloop
  endfacet
  facet normal 0 0 1
    outer loop
      vertex 13.141154300063981 160 13
      vertex 113.84079540626689 160 13
      vertex 112.22216291573291 162.42430759518047 13
    endloop
  endfacet
  facet normal 0 -0.707378588491103 0.7068348693608252
    outer loop
      vertex 13.141154300063981 160 13
      vertex 202.01 147.00999231360493 0
      vertex 113.84079540626689 160 13
    endloop
  endfacet
  facet normal 0 0.7073785884911029 0.7068348693608252
    outer loop
      vertex 22.99000768639508 22.99000768639508 0
      vertex 111.53827227372865 10 13
      vertex 215.01 10 13
    endloop
  endfacet
  facet normal 0 0 -1
    outer loop
      vertex 22.99000768639508 22.99000768639508 0
      vertex 112.22216291573291 7.575692404819533 0
      vertex 111.95276777067893 7.503508193257454 0
    endloop
  endfacet
  facet normal 0 0 -1
    outer loop
      vertex 22.99000768639508 22.99000768639508 0
      vertex 202.01 22.99000768639508 0
      vertex 112.22216291573291 7.575692404819533 0
    endloop
  endfacet
  facet normal 0 0.7073785884911029 0.7068348693608253
    outer loop
      vertex 22.99000768639508 22.99000768639508 0
      vertex 215.01 10 13
      vertex 202.01 22.99000768639508 0
    endloop
  endfacet
  facet normal 0 0 -1
    outer loop
      vertex 22.99000768639508 147.00999231360493 0
      vertex 110.9 164 0
      vertex 110.92430759518047 163.72216291573292 0
    endloop
  endfacet
  facet normal 0 0 -1
    outer loop
      vertex 22.99000768639508 147.00999231360493 0
      vertex 110.92430759518047 163.72216291573292 0
      vertex 110.99649180674254 163.45276777067892 0
    endloop
  endfacet
  facet normal 0 0 -1
    outer loop
      vertex 22.99000768639508 147.00999231360493 0
      vertex 110.99649180674254 163.45276777067892 0
      vertex 111.11435935394489 163.2 0
    endloop
  endfacet
  facet normal 0 0 -1
    outer loop
      vertex 22.99000768639508 147.00999231360493 0
      vertex 111.11435935394489 163.2 0
      vertex 111.27432889100963 162.97153982450155 0
    endloop
  endfacet
  facet normal 0 0 -1
    outer loop
      vertex 22.99000768639508 147.00999231360493 0
      vertex 111.27432889100963 162.97153982450155 0
      vertex 111.47153982450153 162.77432889100965 0
    endloop
  endfacet
  facet normal 0 0 -1
    outer loop
      vertex 22.99000768639508 147.00999231360493 0
      vertex 111.47153982450153 162.77432889100965 0
      vertex 111.7 162.6143593539449 0
    endloop
  endfacet
  facet normal 0 0 -1
    outer loop
      vertex 22.99000768639508 147.00999231360493 0
      vertex 111.7 162.6143593539449 0
      vertex 111.95276777067893 162.49649180674254 0
    endloop
  endfacet
  facet normal 0 0 -1
    outer loop
      vertex 22.99000768639508 147.00999231360493 0
      vertex 111.95276777067893 162.49649180674254 0
      vertex 112.22216291573291 162.42430759518047 0
    endloop
  endfacet
  facet normal 0 0 -1
    outer loop
      vertex 22.99000768639508 147.00999231360493 0
      vertex 112.22216291573291 162.42430759518047 0
      vertex 202.01 147.00999231360493 0
    endloop
  endfacet
  facet normal 0.9961946980917478 0.08715574274763256 0
    outer loop
      vertex 110.9 6 0
      vertex 110.9 6 13
      vertex 110.92430759518047 5.722162915732912 0
    endloop
  endfacet
  facet normal 0.9961946980917478 -0.08715574274763256 0
    outer loop
      vertex 110.9 6 0
      vertex 110.92430759518047 6.277837084267088 0
      vertex 110.92430759518047 6.277837084267088 13
    endloop
  endfacet
  facet normal 0.9961946980917478 -0.08715574274763256 0
    outer loop
      vertex 110.9 6 0
      vertex 110.92430759518047 6.277837084267088 13
      vertex 110.9 6 13
    endloop
  endfacet
  facet normal 0.9961946980917478 0.08715574274763256 0
    outer loop
      vertex 110.9 6 13
      vertex 110.92430759518047 5.722162915732912 13
      vertex 110.92430759518047 5.722162915732912 0
    endloop
  endfacet
  facet normal 0.9961946980917474 0.08715574274763614 0
    outer loop
      vertex 110.9 164 0
      vertex 110.9 164 13
      vertex 110.92430759518047 163.72216291573292 0
    endloop
  endfacet
  facet normal 0.9961946980917474 -0.08715574274763614 0
    outer loop
      vertex 110.9 164 0
      vertex 110.92430759518047 164.27783708426708 0
      vertex 110.92430759518047 164.27783708426708 13
    endloop
  endfacet
  facet normal 0.9961946980917474 -0.08715574274763614 0
    outer loop
      vertex 110.9 164 0
      vertex 110.92430759518047 164.27783708426708 13
      vertex 110.9 164 13
    endloop
  endfacet
  facet normal 0.9961946980917474 0.08715574274763614 0
    outer loop
      vertex 110.9 164 13
      vertex 110.92430759518047 163.72216291573292 13
      vertex 110.92430759518047 163.72216291573292 0
    endloop
  endfacet
  facet normal 0.9659258262890726 0.25881904510250414 0
    outer loop
      vertex 110.92430759518047 5.722162915732912 0
      vertex 110.92430759518047 5.722162915732912 13
      vertex 110.99649180674254 5.45276777067893 0
    endloop
  endfacet
  facet normal 0.9659258262890726 0.25881904510250414 0
    outer loop
      vertex 110.92430759518047 5.722162915732912 13
      vertex 110.99649180674254 5.45276777067893 13
      vertex 110.99649180674254 5.45276777067893 0
    endloop
  endfacet
  facet normal 0.9659258262890726 -0.25881904510250414 0
    outer loop
      vertex 110.92430759518047 6.277837084267088 0
      vertex 110.99649180674254 6.54723222932107 0
      vertex 110.99649180674254 6.54723222932107 13
    endloop
  endfacet
  facet normal 0.9659258262890726 -0.25881904510250414 0
    outer loop
      vertex 110.92430759518047 6.277837084267088 0
      vertex 110.99649180674254 6.54723222932107 13
      vertex 110.92430759518047 6.277837084267088 13
    endloop
  endfacet
  facet normal 0.9659258262890784 0.25881904510248266 0
    outer loop
      vertex 110.92430759518047 163.72216291573292 0
      vertex 110.92430759518047 163.72216291573292 13
      vertex 110.99649180674254 163.45276777067892 0
    endloop
  endfacet
  facet normal 0.9659258262890784 0.25881904510248266 0
    outer loop
      vertex 110.92430759518047 163.72216291573292 13
      vertex 110.99649180674254 163.45276777067892 13
      vertex 110.99649180674254 163.45276777067892 0
    endloop
  endfacet
  facet normal 0.9659258262890784 -0.25881904510248266 0
    outer loop
      vertex 110.92430759518047 164.27783708426708 0
      vertex 110.99649180674254 164.54723222932108 0
      vertex 110.99649180674254 164.54723222932108 13
    endloop
  endfacet
  facet normal 0.9659258262890784 -0.25881904510248266 0
    outer loop
      vertex 110.92430759518047 164.27783708426708 0
      vertex 110.99649180674254 164.54723222932108 13
      vertex 110.92430759518047 164.27783708426708 13
    endloop
  endfacet
  facet normal 0.9063077870366502 0.4226182617406989 0
    outer loop
      vertex 110.99649180674254 5.45276777067893 0
      vertex 110.99649180674254 5.45276777067893 13
      vertex 111.11435935394489 5.2 0
    endloop
  endfacet
  facet normal 0.9063077870366502 0.4226182617406989 0
    outer loop
      vertex 110.99649180674254 5.45276777067893 13
      vertex 111.11435935394489 5.2 13
      vertex 111.11435935394489 5.2 0
    endloop
  endfacet
  facet normal 0.9063077870366502 -0.4226182617406989 0
    outer loop
      vertex 110.99649180674254 6.54723222932107 0
      vertex 111.11435935394489 6.8 0
      vertex 111.11435935394489 6.8 13
    endloop
  endfacet
  facet normal 0.9063077870366502 -0.4226182617406989 0
    outer loop
      vertex 110.99649180674254 6.54723222932107 0
      vertex 111.11435935394489 6.8 13
      vertex 110.99649180674254 6.54723222932107 13
    endloop
  endfacet
  facet normal 0.9063077870366497 0.42261826174070016 0
    outer loop
      vertex 110.99649180674254 163.45276777067892 0
      vertex 110.99649180674254 163.45276777067892 13
      vertex 111.11435935394489 163.2 0
    endloop
  endfacet
  facet normal 0.9063077870366497 0.42261826174070016 0
    outer loop
      vertex 110.99649180674254 163.45276777067892 13
      vertex 111.11435935394489 163.2 13
      vertex 111.11435935394489 163.2 0
    endloop
  endfacet
  facet normal 0.9063077870366497 -0.42261826174070016 0
    outer loop
      vertex 110.99649180674254 164.54723222932108 0
      vertex 111.11435935394489 164.8 0
      vertex 111.11435935394489 164.8 13
    endloop
  endfacet
  facet normal 0.9063077870366497 -0.42261826174070016 0
    outer loop
      vertex 110.99649180674254 164.54723222932108 0
      vertex 111.11435935394489 164.8 13
      vertex 110.99649180674254 164.54723222932108 13
    endloop
  endfacet
  facet normal 0.8191520442889875 0.5735764363510523 0
    outer loop
      vertex 111.11435935394489 5.2 0
      vertex 111.11435935394489 5.2 13
      vertex 111.27432889100963 4.971539824501537 0
    endloop
  endfacet
  facet normal 0.8191520442889875 0.5735764363510523 0
    outer loop
      vertex 111.11435935394489 5.2 13
      vertex 111.27432889100963 4.971539824501537 13
      vertex 111.27432889100963 4.971539824501537 0
    endloop
  endfacet
  facet normal 0.8191520442889875 -0.5735764363510523 0
    outer loop
      vertex 111.11435935394489 6.8 0
      vertex 111.27432889100963 7.028460175498463 0
      vertex 111.27432889100963 7.028460175498463 13
    endloop
  endfacet
  facet normal 0.8191520442889875 -0.5735764363510523 0
    outer loop
      vertex 111.11435935394489 6.8 0
      vertex 111.27432889100963 7.028460175498463 13
      vertex 111.11435935394489 6.8 13
    endloop
  endfacet
  facet normal 0.8191520442889613 0.5735764363510897 0
    outer loop
      vertex 111.11435935394489 163.2 0
      vertex 111.11435935394489 163.2 13
      vertex 111.27432889100963 162.97153982450155 0
    endloop
  endfacet
  facet normal 0.8191520442889613 0.5735764363510897 0
    outer loop
      vertex 111.11435935394489 163.2 13
      vertex 111.27432889100963 162.97153982450155 13
      vertex 111.27432889100963 162.97153982450155 0
    endloop
  endfacet
  facet normal 0.8191520442889613 -0.5735764363510897 0
    outer loop
      vertex 111.11435935394489 164.8 0
      vertex 111.27432889100963 165.02846017549845 0
      vertex 111.27432889100963 165.02846017549845 13
    endloop
  endfacet
  facet normal 0.8191520442889613 -0.5735764363510897 0
    outer loop
      vertex 111.11435935394489 164.8 0
      vertex 111.27432889100963 165.02846017549845 13
      vertex 111.11435935394489 164.8 13
    endloop
  endfacet
  facet normal 0.7071067811865475 0.7071067811865475 0
    outer loop
      vertex 111.27432889100963 4.971539824501537 0
      vertex 111.27432889100963 4.971539824501537 13
      vertex 111.47153982450153 4.774328891009635 0
    endloop
  endfacet
  facet normal 0.7071067811865475 0.7071067811865475 0
    outer loop
      vertex 111.27432889100963 4.971539824501537 13
      vertex 111.47153982450153 4.774328891009635 13
      vertex 111.47153982450153 4.774328891009635 0
    endloop
  endfacet
  facet normal 0.7071067811865475 -0.7071067811865475 0
    outer loop
      vertex 111.27432889100963 7.028460175498463 0
      vertex 111.47153982450153 7.225671108990365 0
      vertex 111.47153982450153 7.225671108990365 13
    endloop
  endfacet
  facet normal 0.7071067811865475 -0.7071067811865475 0
    outer loop
      vertex 111.27432889100963 7.028460175498463 0
      vertex 111.47153982450153 7.225671108990365 13
      vertex 111.27432889100963 7.028460175498463 13
    endloop
  endfacet
  facet normal 0 0 1
    outer loop
      vertex 111.27432889100963 7.028460175498463 13
      vertex 111.47153982450153 7.225671108990365 13
      vertex 111.53827227372865 10 13
    endloop
  endfacet
  facet normal 0.7071067811865475 0.7071067811865475 0
    outer loop
      vertex 111.27432889100963 162.97153982450155 0
      vertex 111.27432889100963 162.97153982450155 13
      vertex 111.47153982450153 162.77432889100965 0
    endloop
  endfacet
  facet normal 0.7071067811865475 0.7071067811865475 0
    outer loop
      vertex 111.27432889100963 162.97153982450155 13
      vertex 111.47153982450153 162.77432889100965 13
      vertex 111.47153982450153 162.77432889100965 0
    endloop
  endfacet
  facet normal 0.7071067811865475 -0.7071067811865475 0
    outer loop
      vertex 111.27432889100963 165.02846017549845 0
      vertex 111.47153982450153 165.22567110899035 0
      vertex 111.47153982450153 165.22567110899035 13
    endloop
  endfacet
  facet normal 0.7071067811865475 -0.7071067811865475 0
    outer loop
      vertex 111.27432889100963 165.02846017549845 0
      vertex 111.47153982450153 165.22567110899035 13
      vertex 111.27432889100963 165.02846017549845 13
    endloop
  endfacet
  facet normal 0.5735764363510333 0.8191520442890008 0
    outer loop
      vertex 111.47153982450153 4.774328891009635 0
      vertex 111.47153982450153 4.774328891009635 13
      vertex 111.7 4.614359353944899 0
    endloop
  endfacet
  facet normal 0.5735764363510333 0.8191520442890008 0
    outer loop
      vertex 111.47153982450153 4.774328891009635 13
      vertex 111.7 4.614359353944899 13
      vertex 111.7 4.614359353944899 0
    endloop
  endfacet
  facet normal 0.5735764363510333 -0.8191520442890008 0
    outer loop
      vertex 111.47153982450153 7.225671108990365 0
      vertex 111.7 7.385640646055101 0
      vertex 111.7 7.385640646055101 13
    endloop
  endfacet
  facet normal 0.5735764363510333 -0.8191520442890008 0
    outer loop
      vertex 111.47153982450153 7.225671108990365 0
      vertex 111.7 7.385640646055101 13
      vertex 111.47153982450153 7.225671108990365 13
    endloop
  endfacet
  facet normal 0 0 1
    outer loop
      vertex 111.47153982450153 7.225671108990365 13
      vertex 111.7 7.385640646055101 13
      vertex 111.53827227372865 10 13
    endloop
  endfacet
  facet normal 0.5735764363510418 0.8191520442889948 0
    outer loop
      vertex 111.47153982450153 162.77432889100965 0
      vertex 111.47153982450153 162.77432889100965 13
      vertex 111.7 162.6143593539449 0
    endloop
  endfacet
  facet normal 0.5735764363510418 0.8191520442889948 0
    outer loop
      vertex 111.47153982450153 162.77432889100965 13
      vertex 111.7 162.6143593539449 13
      vertex 111.7 162.6143593539449 0
    endloop
  endfacet
  facet normal 0.5735764363510418 -0.8191520442889948 0
    outer loop
      vertex 111.47153982450153 165.22567110899035 0
      vertex 111.7 165.3856406460551 0
      vertex 111.7 165.3856406460551 13
    endloop
  endfacet
  facet normal 0.5735764363510418 -0.8191520442889948 0
    outer loop
      vertex 111.47153982450153 165.22567110899035 0
      vertex 111.7 165.3856406460551 13
      vertex 111.47153982450153 165.22567110899035 13
    endloop
  endfacet
  facet normal 0 0 1
    outer loop
      vertex 111.53827227372865 10 13
      vertex 111.7 7.385640646055101 13
      vertex 111.95276777067893 7.503508193257454 13
    endloop
  endfacet
  facet normal 0 0 1
    outer loop
      vertex 111.53827227372865 10 13
      vertex 111.95276777067893 7.503508193257454 13
      vertex 112.22216291573291 7.575692404819533 13
    endloop
  endfacet
  facet normal 0 0 1
    outer loop
      vertex 111.53827227372865 10 13
      vertex 112.22216291573291 7.575692404819533 13
      vertex 112.5 7.6 13
    endloop
  endfacet
  facet normal 0 0 1
    outer loop
      vertex 111.53827227372865 10 13
      vertex 112.5 7.6 13
      vertex 112.77783708426709 7.575692404819533 13
    endloop
  endfacet
  facet normal 0 0 1
    outer loop
      vertex 111.53827227372865 10 13
      vertex 112.77783708426709 7.575692404819533 13
      vertex 113.04723222932107 7.503508193257454 13
    endloop
  endfacet
  facet normal 0 0 1
    outer loop
      vertex 111.53827227372865 10 13
      vertex 113.04723222932107 7.503508193257454 13
      vertex 113.3 7.385640646055101 13
    endloop
  endfacet
  facet normal 0 0 1
    outer loop
      vertex 111.53827227372865 10 13
      vertex 113.3 7.385640646055101 13
      vertex 220 1 13
    endloop
  endfacet
  facet normal 0 0 1
    outer loop
      vertex 111.53827227372865 10 13
      vertex 217.4 6 13
      vertex 217.42430759518047 6.277837084267088 13
    endloop
  endfacet
  facet normal 0 0 1
    outer loop
      vertex 111.53827227372865 10 13
      vertex 217.42430759518047 5.722162915732912 13
      vertex 217.4 6 13
    endloop
  endfacet
  facet normal 0 0 1
    outer loop
      vertex 111.53827227372865 10 13
      vertex 217.42430759518047 6.277837084267088 13
      vertex 215.01 10 13
    endloop
  endfacet
  facet normal 0 0 1
    outer loop
      vertex 111.53827227372865 10 13
      vertex 217.49649180674254 5.45276777067893 13
      vertex 217.42430759518047 5.722162915732912 13
    endloop
  endfacet
  facet normal 0 0 1
    outer loop
      vertex 111.53827227372865 10 13
      vertex 217.6143593539449 5.2 13
      vertex 217.49649180674254 5.45276777067893 13
    endloop
  endfacet
  facet normal 0 0 1
    outer loop
      vertex 111.53827227372865 10 13
      vertex 220 1 13
      vertex 217.6143593539449 5.2 13
    endloop
  endfacet
  facet normal 0.42261826174070277 0.9063077870366485 0
    outer loop
      vertex 111.7 4.614359353944899 0
      vertex 111.7 4.614359353944899 13
      vertex 111.95276777067893 4.496491806742546 0
    endloop
  endfacet
  facet normal 0.42261826174070277 0.9063077870366485 0
    outer loop
      vertex 111.7 4.614359353944899 13
      vertex 111.95276777067893 4.496491806742546 13
      vertex 111.95276777067893 4.496491806742546 0
    endloop
  endfacet
  facet normal 0.42261826174070277 -0.9063077870366485 0
    outer loop
      vertex 111.7 7.385640646055101 0
      vertex 111.95276777067893 7.503508193257454 0
      vertex 111.95276777067893 7.503508193257454 13
    endloop
  endfacet
  facet normal 0.42261826174070277 -0.9063077870366485 0
    outer loop
      vertex 111.7 7.385640646055101 0
      vertex 111.95276777067893 7.503508193257454 13
      vertex 111.7 7.385640646055101 13
    endloop
  endfacet
  facet normal 0.42261826174074196 0.9063077870366302 0
    outer loop
      vertex 111.7 162.6143593539449 0
      vertex 111.7 162.6143593539449 13
      vertex 111.95276777067893 162.49649180674254 0
    endloop
  endfacet
  facet normal 0.42261826174074196 0.9063077870366302 0
    outer loop
      vertex 111.7 162.6143593539449 13
      vertex 111.95276777067893 162.49649180674254 13
      vertex 111.95276777067893 162.49649180674254 0
    endloop
  endfacet
  facet normal 0.42261826174074196 -0.9063077870366302 0
    outer loop
      vertex 111.7 165.3856406460551 0
      vertex 111.95276777067893 165.50350819325746 0
      vertex 111.95276777067893 165.50350819325746 13
    endloop
  endfacet
  facet normal 0.42261826174074196 -0.9063077870366302 0
    outer loop
      vertex 111.7 165.3856406460551 0
      vertex 111.95276777067893 165.50350819325746 13
      vertex 111.7 165.3856406460551 13
    endloop
  endfacet
  facet normal 0.258819045102523 0.9659258262890678 0
    outer loop
      vertex 111.95276777067893 4.496491806742546 0
      vertex 111.95276777067893 4.496491806742546 13
      vertex 112.22216291573291 4.424307595180467 0
    endloop
  endfacet
  facet normal 0.258819045102523 0.9659258262890678 0
    outer loop
      vertex 111.95276777067893 4.496491806742546 13
      vertex 112.22216291573291 4.424307595180467 13
      vertex 112.22216291573291 4.424307595180467 0
    endloop
  endfacet
  facet normal 0.258819045102523 -0.9659258262890678 0
    outer loop
      vertex 111.95276777067893 7.503508193257454 0
      vertex 112.22216291573291 7.575692404819533 0
      vertex 112.22216291573291 7.575692404819533 13
    endloop
  endfacet
  facet normal 0.258819045102523 -0.9659258262890678 0
    outer loop
      vertex 111.95276777067893 7.503508193257454 0
      vertex 112.22216291573291 7.575692404819533 13
      vertex 111.95276777067893 7.503508193257454 13
    endloop
  endfacet
  facet normal 0.25881904510250814 0.9659258262890716 0
    outer loop
      vertex 111.95276777067893 162.49649180674254 0
      vertex 111.95276777067893 162.49649180674254 13
      vertex 112.22216291573291 162.42430759518047 0
    endloop
  endfacet
  facet normal 0.25881904510250814 0.9659258262890716 0
    outer loop
      vertex 111.95276777067893 162.49649180674254 13
      vertex 112.22216291573291 162.42430759518047 13
      vertex 112.22216291573291 162.42430759518047 0
    endloop
  endfacet
  facet normal 0.25881904510250814 -0.9659258262890716 0
    outer loop
      vertex 111.95276777067893 165.50350819325746 0
      vertex 112.22216291573291 165.57569240481953 0
      vertex 112.22216291573291 165.57569240481953 13
    endloop
  endfacet
  facet normal 0.25881904510250814 -0.9659258262890716 0
    outer loop
      vertex 111.95276777067893 165.50350819325746 0
      vertex 112.22216291573291 165.57569240481953 13
      vertex 111.95276777067893 165.50350819325746 13
    endloop
  endfacet
  facet normal 0.08715574274765701 0.9961946980917457 0
    outer loop
      vertex 112.22216291573291 4.424307595180467 0
      vertex 112.22216291573291 4.424307595180467 13
      vertex 112.5 4.4 0
    endloop
  endfacet
  facet normal 0.08715574274765701 0.9961946980917457 0
    outer loop
      vertex 112.22216291573291 4.424307595180467 13
      vertex 112.5 4.4 13
      vertex 112.5 4.4 0
    endloop
  endfacet
  facet normal 0.08715574274765701 -0.9961946980917457 0
    outer loop
      vertex 112.22216291573291 7.575692404819533 0
      vertex 112.5 7.6 0
      vertex 112.5 7.6 13
    endloop
  endfacet
  facet normal 0.08715574274765701 -0.9961946980917457 0
    outer loop
      vertex 112.22216291573291 7.575692404819533 0
      vertex 112.5 7.6 13
      vertex 112.22216291573291 7.575692404819533 13
    endloop
  endfacet
  facet normal 0 0 -1
    outer loop
      vertex 112.22216291573291 7.575692404819533 0
      vertex 202.01 22.99000768639508 0
      vertex 112.5 7.6 0
    endloop
  endfacet
  facet normal 0.08715574274763173 0.9961946980917479 0
    outer loop
      vertex 112.22216291573291 162.42430759518047 0
      vertex 112.22216291573291 162.42430759518047 13
      vertex 112.5 162.4 0
    endloop
  endfacet
  facet normal 0 0 -1
    outer loop
      vertex 112.22216291573291 162.42430759518047 0
      vertex 112.5 162.4 0
      vertex 202.01 147.00999231360493 0
    endloop
  endfacet
  facet normal 0.08715574274763173 0.9961946980917479 0
    outer loop
      vertex 112.22216291573291 162.42430759518047 13
      vertex 112.5 162.4 13
      vertex 112.5 162.4 0
    endloop
  endfacet
  facet normal 0 0 1
    outer loop
      vertex 112.22216291573291 162.42430759518047 13
      vertex 113.84079540626689 160 13
      vertex 112.5 162.4 13
    endloop
  endfacet
  facet normal 0.08715574274763173 -0.9961946980917479 0
    outer loop
      vertex 112.22216291573291 165.57569240481953 0
      vertex 112.5 165.6 0
      vertex 112.5 165.6 13
    endloop
  endfacet
  facet normal 0.08715574274763173 -0.9961946980917479 0
    outer loop
      vertex 112.22216291573291 165.57569240481953 0
      vertex 112.5 165.6 13
      vertex 112.22216291573291 165.57569240481953 13
    endloop
  endfacet
  facet normal -0.08715574274765701 0.9961946980917457 0
    outer loop
      vertex 112.5 4.4 0
      vertex 112.5 4.4 13
      vertex 112.77783708426709 4.424307595180467 0
    endloop
  endfacet
  facet normal 0 0 -1
    outer loop
      vertex 112.5 4.4 0
      vertex 112.77783708426709 4.424307595180467 0
      vertex 220 0 0
    endloop
  endfacet
  facet normal -0.08715574274765701 0.9961946980917457 0
    outer loop
      vertex 112.5 4.4 13
      vertex 112.77783708426709 4.424307595180467 13
      vertex 112.77783708426709 4.424307595180467 0
    endloop
  endfacet
  facet normal 0 0 1
    outer loop
      vertex 112.5 4.4 13
      vertex 220 1 13
      vertex 112.77783708426709 4.424307595180467 13
    endloop
  endfacet
  facet normal -0.08715574274765701 -0.9961946980917457 0
    outer loop
      vertex 112.5 7.6 0
      vertex 112.77783708426709 7.575692404819533 0
      vertex 112.77783708426709 7.575692404819533 13
    endloop
  endfacet
  facet normal -0.08715574274765701 -0.9961946980917457 0
    outer loop
      vertex 112.5 7.6 0
      vertex 112.77783708426709 7.575692404819533 13
      vertex 112.5 7.6 13
    endloop
  endfacet
  facet normal 0 0 -1
    outer loop
      vertex 112.5 7.6 0
      vertex 202.01 22.99000768639508 0
      vertex 112.77783708426709 7.575692404819533 0
    endloop
  endfacet
  facet normal -0.08715574274763173 0.9961946980917479 0
    outer loop
      vertex 112.5 162.4 0
      vertex 112.5 162.4 13
      vertex 112.77783708426709 162.42430759518047 0
    endloop
  endfacet
  facet normal 0 0 -1
    outer loop
      vertex 112.5 162.4 0
      vertex 112.77783708426709 162.42430759518047 0
      vertex 202.01 147.00999231360493 0
    endloop
  endfacet
  facet normal -0.08715574274763173 0.9961946980917479 0
    outer loop
      vertex 112.5 162.4 13
      vertex 112.77783708426709 162.42430759518047 13
      vertex 112.77783708426709 162.42430759518047 0
    endloop
  endfacet
  facet normal 0 0 1
    outer loop
      vertex 112.5 162.4 13
      vertex 113.84079540626689 160 13
      vertex 112.77783708426709 162.42430759518047 13
    endloop
  endfacet
  facet normal -0.08715574274763173 -0.9961946980917479 0
    outer loop
      vertex 112.5 165.6 0
      vertex 112.77783708426709 165.57569240481953 0
      vertex 112.77783708426709 165.57569240481953 13
    endloop
  endfacet
  facet normal -0.08715574274763173 -0.9961946980917479 0
    outer loop
      vertex 112.5 165.6 0
      vertex 112.77783708426709 165.57569240481953 13
      vertex 112.5 165.6 13
    endloop
  endfacet
  facet normal 0 0 -1
    outer loop
      vertex 112.5 165.6 0
      vertex 220 170 0
      vertex 112.77783708426709 165.57569240481953 0
    endloop
  endfacet
  facet normal 0 0 1
    outer loop
      vertex 112.5 165.6 13
      vertex 112.77783708426709 165.57569240481953 13
      vertex 217.77432889100965 165.02846017549845 13
    endloop
  endfacet
  facet normal 0 0 1
    outer loop
      vertex 112.5 165.6 13
      vertex 217.77432889100965 165.02846017549845 13
      vertex 220 169 13
    endloop
  endfacet
  facet normal -0.258819045102523 0.9659258262890678 0
    outer loop
      vertex 112.77783708426709 4.424307595180467 0
      vertex 112.77783708426709 4.424307595180467 13
      vertex 113.04723222932107 4.496491806742546 0
    endloop
  endfacet
  facet normal 0 0 -1
    outer loop
      vertex 112.77783708426709 4.424307595180467 0
      vertex 113.04723222932107 4.496491806742546 0
      vertex 220 0 0
    endloop
  endfacet
  facet normal -0.258819045102523 0.9659258262890678 0
    outer loop
      vertex 112.77783708426709 4.424307595180467 13
      vertex 113.04723222932107 4.496491806742546 13
      vertex 113.04723222932107 4.496491806742546 0
    endloop
  endfacet
  facet normal 0 0 1
    outer loop
      vertex 112.77783708426709 4.424307595180467 13
      vertex 220 1 13
      vertex 113.04723222932107 4.496491806742546 13
    endloop
  endfacet
  facet normal -0.258819045102523 -0.9659258262890678 0
    outer loop
      vertex 112.77783708426709 7.575692404819533 0
      vertex 113.04723222932107 7.503508193257454 0
      vertex 113.04723222932107 7.503508193257454 13
    endloop
  endfacet
  facet normal -0.258819045102523 -0.9659258262890678 0
    outer loop
      vertex 112.77783708426709 7.575692404819533 0
      vertex 113.04723222932107 7.503508193257454 13
      vertex 112.77783708426709 7.575692404819533 13
    endloop
  endfacet
  facet normal 0 0 -1
    outer loop
      vertex 112.77783708426709 7.575692404819533 0
      vertex 202.01 22.99000768639508 0
      vertex 113.04723222932107 7.503508193257454 0
    endloop
  endfacet
  facet normal -0.25881904510250814 0.9659258262890716 0
    outer loop
      vertex 112.77783708426709 162.42430759518047 0
      vertex 112.77783708426709 162.42430759518047 13
      vertex 113.04723222932107 162.49649180674254 0
    endloop
  endfacet
  facet normal 0 0 -1
    outer loop
      vertex 112.77783708426709 162.42430759518047 0
      vertex 113.04723222932107 162.49649180674254 0
      vertex 202.01 147.00999231360493 0
    endloop
  endfacet
  facet normal -0.25881904510250814 0.9659258262890716 0
    outer loop
      vertex 112.77783708426709 162.42430759518047 13
      vertex 113.04723222932107 162.49649180674254 13
      vertex 113.04723222932107 162.49649180674254 0
    endloop
  endfacet
  facet normal 0 0 1
    outer loop
      vertex 112.77783708426709 162.42430759518047 13
      vertex 113.84079540626689 160 13
      vertex 113.04723222932107 162.49649180674254 13
    endloop
  endfacet
  facet normal -0.25881904510250814 -0.9659258262890716 0
    outer loop
      vertex 112.77783708426709 165.57569240481953 0
      vertex 113.04723222932107 165.50350819325746 0
      vertex 113.04723222932107 165.50350819325746 13
    endloop
  endfacet
  facet normal -0.25881904510250814 -0.9659258262890716 0
    outer loop
      vertex 112.77783708426709 165.57569240481953 0
      vertex 113.04723222932107 165.50350819325746 13
      vertex 112.77783708426709 165.57569240481953 13
    endloop
  endfacet
  facet normal 0 0 -1
    outer loop
      vertex 112.77783708426709 165.57569240481953 0
      vertex 220 170 0
      vertex 113.04723222932107 165.50350819325746 0
    endloop
  endfacet
  facet normal 0 0 1
    outer loop
      vertex 112.77783708426709 165.57569240481953 13
      vertex 113.04723222932107 165.50350819325746 13
      vertex 217.77432889100965 165.02846017549845 13
    endloop
  endfacet
  facet normal -0.42261826174070277 0.9063077870366485 0
    outer loop
      vertex 113.04723222932107 4.496491806742546 0
      vertex 113.04723222932107 4.496491806742546 13
      vertex 113.3 4.614359353944899 0
    endloop
  endfacet
  facet normal 0 0 -1
    outer loop
      vertex 113.04723222932107 4.496491806742546 0
      vertex 113.3 4.614359353944899 0
      vertex 220 0 0
    endloop
  endfacet
  facet normal -0.42261826174070277 0.9063077870366485 0
    outer loop
      vertex 113.04723222932107 4.496491806742546 13
      vertex 113.3 4.614359353944899 13
      vertex 113.3 4.614359353944899 0
    endloop
  endfacet
  facet normal 0 0 1
    outer loop
      vertex 113.04723222932107 4.496491806742546 13
      vertex 220 1 13
      vertex 113.3 4.614359353944899 13
    endloop
  endfacet
  facet normal -0.42261826174070277 -0.9063077870366485 0
    outer loop
      vertex 113.04723222932107 7.503508193257454 0
      vertex 113.3 7.385640646055101 0
      vertex 113.3 7.385640646055101 13
    endloop
  endfacet
  facet normal -0.42261826174070277 -0.9063077870366485 0
    outer loop
      vertex 113.04723222932107 7.503508193257454 0
      vertex 113.3 7.385640646055101 13
      vertex 113.04723222932107 7.503508193257454 13
    endloop
  endfacet
  facet normal 0 0 -1
    outer loop
      vertex 113.04723222932107 7.503508193257454 0
      vertex 202.01 22.99000768639508 0
      vertex 113.3 7.385640646055101 0
    endloop
  endfacet
  facet normal -0.42261826174074196 0.9063077870366302 0
    outer loop
      vertex 113.04723222932107 162.49649180674254 0
      vertex 113.04723222932107 162.49649180674254 13
      vertex 113.3 162.6143593539449 0
    endloop
  endfacet
  facet normal 0 0 -1
    outer loop
      vertex 113.04723222932107 162.49649180674254 0
      vertex 113.3 162.6143593539449 0
      vertex 202.01 147.00999231360493 0
    endloop
  endfacet
  facet normal -0.42261826174074196 0.9063077870366302 0
    outer loop
      vertex 113.04723222932107 162.49649180674254 13
      vertex 113.3 162.6143593539449 13
      vertex 113.3 162.6143593539449 0
    endloop
  endfacet
  facet normal 0 0 1
    outer loop
      vertex 113.04723222932107 162.49649180674254 13
      vertex 113.84079540626689 160 13
      vertex 113.3 162.6143593539449 13
    endloop
  endfacet
  facet normal -0.42261826174074196 -0.9063077870366302 0
    outer loop
      vertex 113.04723222932107 165.50350819325746 0
      vertex 113.3 165.3856406460551 0
      vertex 113.3 165.3856406460551 13
    endloop
  endfacet
  facet normal -0.42261826174074196 -0.9063077870366302 0
    outer loop
      vertex 113.04723222932107 165.50350819325746 0
      vertex 113.3 165.3856406460551 13
      vertex 113.04723222932107 165.50350819325746 13
    endloop
  endfacet
  facet normal 0 0 -1
    outer loop
      vertex 113.04723222932107 165.50350819325746 0
      vertex 220 170 0
      vertex 113.3 165.3856406460551 0
    endloop
  endfacet
  facet normal 0 0 1
    outer loop
      vertex 113.04723222932107 165.50350819325746 13
      vertex 113.3 165.3856406460551 13
      vertex 217.77432889100965 165.02846017549845 13
    endloop
  endfacet
  facet normal -0.5735764363510333 0.8191520442890008 0
    outer loop
      vertex 113.3 4.614359353944899 0
      vertex 113.3 4.614359353944899 13
      vertex 113.52846017549847 4.774328891009635 0
    endloop
  endfacet
  facet normal 0 0 -1
    outer loop
      vertex 113.3 4.614359353944899 0
      vertex 113.52846017549847 4.774328891009635 0
      vertex 220 0 0
    endloop
  endfacet
  facet normal -0.5735764363510333 0.8191520442890008 0
    outer loop
      vertex 113.3 4.614359353944899 13
      vertex 113.52846017549847 4.774328891009635 13
      vertex 113.52846017549847 4.774328891009635 0
    endloop
  endfacet
  facet normal 0 0 1
    outer loop
      vertex 113.3 4.614359353944899 13
      vertex 220 1 13
      vertex 113.52846017549847 4.774328891009635 13
    endloop
  endfacet
  facet normal -0.5735764363510333 -0.8191520442890008 0
    outer loop
      vertex 113.3 7.385640646055101 0
      vertex 113.52846017549847 7.225671108990365 0
      vertex 113.52846017549847 7.225671108990365 13
    endloop
  endfacet
  facet normal -0.5735764363510333 -0.8191520442890008 0
    outer loop
      vertex 113.3 7.385640646055101 0
      vertex 113.52846017549847 7.225671108990365 13
      vertex 113.3 7.385640646055101 13
    endloop
  endfacet
  facet normal 0 0 -1
    outer loop
      vertex 113.3 7.385640646055101 0
      vertex 202.01 22.99000768639508 0
      vertex 113.52846017549847 7.225671108990365 0
    endloop
  endfacet
  facet normal 0 0 1
    outer loop
      vertex 113.3 7.385640646055101 13
      vertex 113.52846017549847 7.225671108990365 13
      vertex 220 1 13
    endloop
  endfacet
  facet normal -0.5735764363510418 0.8191520442889948 0
    outer loop
      vertex 113.3 162.6143593539449 0
      vertex 113.3 162.6143593539449 13
      vertex 113.52846017549847 162.77432889100965 0
    endloop
  endfacet
  facet normal 0 0 -1
    outer loop
      vertex 113.3 162.6143593539449 0
      vertex 113.52846017549847 162.77432889100965 0
      vertex 202.01 147.00999231360493 0
    endloop
  endfacet
  facet normal -0.5735764363510418 0.8191520442889948 0
    outer loop
      vertex 113.3 162.6143593539449 13
      vertex 113.52846017549847 162.77432889100965 13
      vertex 113.52846017549847 162.77432889100965 0
    endloop
  endfacet
  facet normal 0 0 1
    outer loop
      vertex 113.3 162.6143593539449 13
      vertex 113.84079540626689 160 13
      vertex 113.52846017549847 162.77432889100965 13
    endloop
  endfacet
  facet normal -0.5735764363510418 -0.8191520442889948 0
    outer loop
      vertex 113.3 165.3856406460551 0
      vertex 113.52846017549847 165.22567110899035 0
      vertex 113.52846017549847 165.22567110899035 13
    endloop
  endfacet
  facet normal -0.5735764363510418 -0.8191520442889948 0
    outer loop
      vertex 113.3 165.3856406460551 0
      vertex 113.52846017549847 165.22567110899035 13
      vertex 113.3 165.3856406460551 13
    endloop
  endfacet
  facet normal 0 0 -1
    outer loop
      vertex 113.3 165.3856406460551 0
      vertex 202.01 147.00999231360493 0
      vertex 113.52846017549847 165.22567110899035 0
    endloop
  endfacet
  facet normal 0 0 -1
    outer loop
      vertex 113.3 165.3856406460551 0
      vertex 217.4 164 0
      vertex 202.01 147.00999231360493 0
    endloop
  endfacet
  facet normal 0 0 -1
    outer loop
      vertex 113.3 165.3856406460551 0
      vertex 217.42430759518047 164.27783708426708 0
      vertex 217.4 164 0
    endloop
  endfacet
  facet normal 0 0 -1
    outer loop
      vertex 113.3 165.3856406460551 0
      vertex 217.49649180674254 164.54723222932108 0
      vertex 217.42430759518047 164.27783708426708 0
    endloop
  endfacet
  facet normal 0 0 -1
    outer loop
      vertex 113.3 165.3856406460551 0
      vertex 217.6143593539449 164.8 0
      vertex 217.49649180674254 164.54723222932108 0
    endloop
  endfacet
  facet normal 0 0 -1
    outer loop
      vertex 113.3 165.3856406460551 0
      vertex 217.77432889100965 165.02846017549845 0
      vertex 217.6143593539449 164.8 0
    endloop
  endfacet
  facet normal 0 0 -1
    outer loop
      vertex 113.3 165.3856406460551 0
      vertex 220 170 0
      vertex 217.77432889100965 165.02846017549845 0
    endloop
  endfacet
  facet normal 0 0 1
    outer loop
      vertex 113.3 165.3856406460551 13
      vertex 113.52846017549847 165.22567110899035 13
      vertex 217.77432889100965 165.02846017549845 13
    endloop
  endfacet
  facet normal -0.7071067811865475 0.7071067811865475 0
    outer loop
      vertex 113.52846017549847 4.774328891009635 0
      vertex 113.52846017549847 4.774328891009635 13
      vertex 113.72567110899037 4.971539824501537 0
    endloop
  endfacet
  facet normal 0 0 -1
    outer loop
      vertex 113.52846017549847 4.774328891009635 0
      vertex 113.72567110899037 4.971539824501537 0
      vertex 220 0 0
    endloop
  endfacet
  facet normal -0.7071067811865475 0.7071067811865475 0
    outer loop
      vertex 113.52846017549847 4.774328891009635 13
      vertex 113.72567110899037 4.971539824501537 13
      vertex 113.72567110899037 4.971539824501537 0
    endloop
  endfacet
  facet normal 0 0 1
    outer loop
      vertex 113.52846017549847 4.774328891009635 13
      vertex 220 1 13
      vertex 113.72567110899037 4.971539824501537 13
    endloop
  endfacet
  facet normal -0.7071067811865475 -0.7071067811865475 0
    outer loop
      vertex 113.52846017549847 7.225671108990365 0
      vertex 113.72567110899037 7.028460175498463 0
      vertex 113.72567110899037 7.028460175498463 13
    endloop
  endfacet
  facet normal -0.7071067811865475 -0.7071067811865475 0
    outer loop
      vertex 113.52846017549847 7.225671108990365 0
      vertex 113.72567110899037 7.028460175498463 13
      vertex 113.52846017549847 7.225671108990365 13
    endloop
  endfacet
  facet normal 0 0 -1
    outer loop
      vertex 113.52846017549847 7.225671108990365 0
      vertex 202.01 22.99000768639508 0
      vertex 113.72567110899037 7.028460175498463 0
    endloop
  endfacet
  facet normal 0 0 1
    outer loop
      vertex 113.52846017549847 7.225671108990365 13
      vertex 113.72567110899037 7.028460175498463 13
      vertex 220 1 13
    endloop
  endfacet
  facet normal -0.7071067811865475 0.7071067811865475 0
    outer loop
      vertex 113.52846017549847 162.77432889100965 0
      vertex 113.52846017549847 162.77432889100965 13
      vertex 113.72567110899037 162.97153982450155 0
    endloop
  endfacet
  facet normal 0 0 -1
    outer loop
      vertex 113.52846017549847 162.77432889100965 0
      vertex 113.72567110899037 162.97153982450155 0
      vertex 202.01 147.00999231360493 0
    endloop
  endfacet
  facet normal -0.7071067811865475 0.7071067811865475 0
    outer loop
      vertex 113.52846017549847 162.77432889100965 13
      vertex 113.72567110899037 162.97153982450155 13
      vertex 113.72567110899037 162.97153982450155 0
    endloop
  endfacet
  facet normal 0 0 1
    outer loop
      vertex 113.52846017549847 162.77432889100965 13
      vertex 113.84079540626689 160 13
      vertex 113.72567110899037 162.97153982450155 13
    endloop
  endfacet
  facet normal -0.7071067811865475 -0.7071067811865475 0
    outer loop
      vertex 113.52846017549847 165.22567110899035 0
      vertex 113.72567110899037 165.02846017549845 0
      vertex 113.72567110899037 165.02846017549845 13
    endloop
  endfacet
  facet normal -0.7071067811865475 -0.7071067811865475 0
    outer loop
      vertex 113.52846017549847 165.22567110899035 0
      vertex 113.72567110899037 165.02846017549845 13
      vertex 113.52846017549847 165.22567110899035 13
    endloop
  endfacet
  facet normal 0 0 -1
    outer loop
      vertex 113.52846017549847 165.22567110899035 0
      vertex 202.01 147.00999231360493 0
      vertex 113.72567110899037 165.02846017549845 0
    endloop
  endfacet
  facet normal 0 0 1
    outer loop
      vertex 113.52846017549847 165.22567110899035 13
      vertex 113.72567110899037 165.02846017549845 13
      vertex 217.77432889100965 165.02846017549845 13
    endloop
  endfacet
  facet normal -0.8191520442889875 0.5735764363510523 0
    outer loop
      vertex 113.72567110899037 4.971539824501537 0
      vertex 113.72567110899037 4.971539824501537 13
      vertex 113.88564064605511 5.2 0
    endloop
  endfacet
  facet normal 0 0 -1
    outer loop
      vertex 113.72567110899037 4.971539824501537 0
      vertex 113.88564064605511 5.2 0
      vertex 220 0 0
    endloop
  endfacet
  facet normal -0.8191520442889875 0.5735764363510523 0
    outer loop
      vertex 113.72567110899037 4.971539824501537 13
      vertex 113.88564064605511 5.2 13
      vertex 113.88564064605511 5.2 0
    endloop
  endfacet
  facet normal 0 0 1
    outer loop
      vertex 113.72567110899037 4.971539824501537 13
      vertex 220 1 13
      vertex 113.88564064605511 5.2 13
    endloop
  endfacet
  facet normal -0.8191520442889875 -0.5735764363510523 0
    outer loop
      vertex 113.72567110899037 7.028460175498463 0
      vertex 113.88564064605511 6.8 0
      vertex 113.88564064605511 6.8 13
    endloop
  endfacet
  facet normal -0.8191520442889875 -0.5735764363510523 0
    outer loop
      vertex 113.72567110899037 7.028460175498463 0
      vertex 113.88564064605511 6.8 13
      vertex 113.72567110899037 7.028460175498463 13
    endloop
  endfacet
  facet normal 0 0 -1
    outer loop
      vertex 113.72567110899037 7.028460175498463 0
      vertex 202.01 22.99000768639508 0
      vertex 113.88564064605511 6.8 0
    endloop
  endfacet
  facet normal 0 0 1
    outer loop
      vertex 113.72567110899037 7.028460175498463 13
      vertex 113.88564064605511 6.8 13
      vertex 220 1 13
    endloop
  endfacet
  facet normal -0.8191520442889613 0.5735764363510897 0
    outer loop
      vertex 113.72567110899037 162.97153982450155 0
      vertex 113.72567110899037 162.97153982450155 13
      vertex 113.88564064605511 163.2 0
    endloop
  endfacet
  facet normal 0 0 -1
    outer loop
      vertex 113.72567110899037 162.97153982450155 0
      vertex 113.88564064605511 163.2 0
      vertex 202.01 147.00999231360493 0
    endloop
  endfacet
  facet normal 0 0 1
    outer loop
      vertex 113.72567110899037 162.97153982450155 13
      vertex 113.84079540626689 160 13
      vertex 113.88564064605511 163.2 13
    endloop
  endfacet
  facet normal -0.8191520442889613 0.5735764363510897 0
    outer loop
      vertex 113.72567110899037 162.97153982450155 13
      vertex 113.88564064605511 163.2 13
      vertex 113.88564064605511 163.2 0
    endloop
  endfacet
  facet normal -0.8191520442889613 -0.5735764363510897 0
    outer loop
      vertex 113.72567110899037 165.02846017549845 0
      vertex 113.88564064605511 164.8 0
      vertex 113.88564064605511 164.8 13
    endloop
  endfacet
  facet normal -0.8191520442889613 -0.5735764363510897 0
    outer loop
      vertex 113.72567110899037 165.02846017549845 0
      vertex 113.88564064605511 164.8 13
      vertex 113.72567110899037 165.02846017549845 13
    endloop
  endfacet
  facet normal 0 0 -1
    outer loop
      vertex 113.72567110899037 165.02846017549845 0
      vertex 202.01 147.00999231360493 0
      vertex 113.88564064605511 164.8 0
    endloop
  endfacet
  facet normal 0 0 1
    outer loop
      vertex 113.72567110899037 165.02846017549845 13
      vertex 113.88564064605511 164.8 13
      vertex 217.6143593539449 164.8 13
    endloop
  endfacet
  facet normal 0 0 1
    outer loop
      vertex 113.72567110899037 165.02846017549845 13
      vertex 217.6143593539449 164.8 13
      vertex 217.77432889100965 165.02846017549845 13
    endloop
  endfacet
  facet normal 0 0 1
    outer loop
      vertex 113.84079540626689 160 13
      vertex 114.00350819325746 163.45276777067892 13
      vertex 113.88564064605511 163.2 13
    endloop
  endfacet
  facet normal 0 0 1
    outer loop
      vertex 113.84079540626689 160 13
      vertex 114.07569240481953 163.72216291573292 13
      vertex 114.00350819325746 163.45276777067892 13
    endloop
  endfacet
  facet normal 0 0 1
    outer loop
      vertex 113.84079540626689 160 13
      vertex 114.1 164 13
      vertex 114.07569240481953 163.72216291573292 13
    endloop
  endfacet
  facet normal 0 -0.707378588491103 0.7068348693608252
    outer loop
      vertex 113.84079540626689 160 13
      vertex 202.01 147.00999231360493 0
      vertex 215.01 160 13
    endloop
  endfacet
  facet normal 0 0 1
    outer loop
      vertex 113.84079540626689 160 13
      vertex 215.01 160 13
      vertex 114.1 164 13
    endloop
  endfacet
  facet normal -0.9063077870366502 0.4226182617406989 0
    outer loop
      vertex 113.88564064605511 5.2 0
      vertex 113.88564064605511 5.2 13
      vertex 114.00350819325746 5.45276777067893 0
    endloop
  endfacet
  facet normal 0 0 -1
    outer loop
      vertex 113.88564064605511 5.2 0
      vertex 114.00350819325746 5.45276777067893 0
      vertex 202.01 22.99000768639508 0
    endloop
  endfacet
  facet normal 0 0 -1
    outer loop
      vertex 113.88564064605511 5.2 0
      vertex 202.01 22.99000768639508 0
      vertex 220 0 0
    endloop
  endfacet
  facet normal -0.9063077870366502 0.4226182617406989 0
    outer loop
      vertex 113.88564064605511 5.2 13
      vertex 114.00350819325746 5.45276777067893 13
      vertex 114.00350819325746 5.45276777067893 0
    endloop
  endfacet
  facet normal 0 0 1
    outer loop
      vertex 113.88564064605511 5.2 13
      vertex 220 1 13
      vertex 114.00350819325746 5.45276777067893 13
    endloop
  endfacet
  facet normal -0.9063077870366502 -0.4226182617406989 0
    outer loop
      vertex 113.88564064605511 6.8 0
      vertex 114.00350819325746 6.54723222932107 0
      vertex 114.00350819325746 6.54723222932107 13
    endloop
  endfacet
  facet normal -0.9063077870366502 -0.4226182617406989 0
    outer loop
      vertex 113.88564064605511 6.8 0
      vertex 114.00350819325746 6.54723222932107 13
      vertex 113.88564064605511 6.8 13
    endloop
  endfacet
  facet normal 0 0 -1
    outer loop
      vertex 113.88564064605511 6.8 0
      vertex 202.01 22.99000768639508 0
      vertex 114.00350819325746 6.54723222932107 0
    endloop
  endfacet
  facet normal 0 0 1
    outer loop
      vertex 113.88564064605511 6.8 13
      vertex 114.00350819325746 6.54723222932107 13
      vertex 220 1 13
    endloop
  endfacet
  facet normal -0.9063077870366497 0.42261826174070016 0
    outer loop
      vertex 113.88564064605511 163.2 0
      vertex 113.88564064605511 163.2 13
      vertex 114.00350819325746 163.45276777067892 0
    endloop
  endfacet
  facet normal 0 0 -1
    outer loop
      vertex 113.88564064605511 163.2 0
      vertex 114.00350819325746 163.45276777067892 0
      vertex 202.01 147.00999231360493 0
    endloop
  endfacet
  facet normal -0.9063077870366497 0.42261826174070016 0
    outer loop
      vertex 113.88564064605511 163.2 13
      vertex 114.00350819325746 163.45276777067892 13
      vertex 114.00350819325746 163.45276777067892 0
    endloop
  endfacet
  facet normal -0.9063077870366497 -0.42261826174070016 0
    outer loop
      vertex 113.88564064605511 164.8 0
      vertex 114.00350819325746 164.54723222932108 0
      vertex 114.00350819325746 164.54723222932108 13
    endloop
  endfacet
  facet normal -0.9063077870366497 -0.42261826174070016 0
    outer loop
      vertex 113.88564064605511 164.8 0
      vertex 114.00350819325746 164.54723222932108 13
      vertex 113.88564064605511 164.8 13
    endloop
  endfacet
  facet normal 0 0 -1
    outer loop
      vertex 113.88564064605511 164.8 0
      vertex 202.01 147.00999231360493 0
      vertex 114.00350819325746 164.54723222932108 0
    endloop
  endfacet
  facet normal 0 0 1
    outer loop
      vertex 113.88564064605511 164.8 13
      vertex 114.00350819325746 164.54723222932108 13
      vertex 215.01 160 13
    endloop
  endfacet
  facet normal 0 0 1
    outer loop
      vertex 113.88564064605511 164.8 13
      vertex 215.01 160 13
      vertex 217.42430759518047 163.72216291573292 13
    endloop
  endfacet
  facet normal 0 0 1
    outer loop
      vertex 113.88564064605511 164.8 13
      vertex 217.4 164 13
      vertex 217.42430759518047 164.27783708426708 13
    endloop
  endfacet
  facet normal 0 0 1
    outer loop
      vertex 113.88564064605511 164.8 13
      vertex 217.42430759518047 163.72216291573292 13
      vertex 217.4 164 13
    endloop
  endfacet
  facet normal 0 0 1
    outer loop
      vertex 113.88564064605511 164.8 13
      vertex 217.42430759518047 164.27783708426708 13
      vertex 217.49649180674254 164.54723222932108 13
    endloop
  endfacet
  facet normal 0 0 1
    outer loop
      vertex 113.88564064605511 164.8 13
      vertex 217.49649180674254 164.54723222932108 13
      vertex 217.6143593539449 164.8 13
    endloop
  endfacet
  facet normal -0.9659258262890726 0.25881904510250414 0
    outer loop
      vertex 114.00350819325746 5.45276777067893 0
      vertex 114.00350819325746 5.45276777067893 13
      vertex 114.07569240481953 5.722162915732912 0
    endloop
  endfacet
  facet normal 0 0 -1
    outer loop
      vertex 114.00350819325746 5.45276777067893 0
      vertex 114.07569240481953 5.722162915732912 0
      vertex 202.01 22.99000768639508 0
    endloop
  endfacet
  facet normal -0.9659258262890726 0.25881904510250414 0
    outer loop
      vertex 114.00350819325746 5.45276777067893 13
      vertex 114.07569240481953 5.722162915732912 13
      vertex 114.07569240481953 5.722162915732912 0
    endloop
  endfacet
  facet normal 0 0 1
    outer loop
      vertex 114.00350819325746 5.45276777067893 13
      vertex 220 1 13
      vertex 114.07569240481953 5.722162915732912 13
    endloop
  endfacet
  facet normal -0.9659258262890726 -0.25881904510250414 0
    outer loop
      vertex 114.00350819325746 6.54723222932107 0
      vertex 114.07569240481953 6.277837084267088 0
      vertex 114.07569240481953 6.277837084267088 13
    endloop
  endfacet
  facet normal -0.9659258262890726 -0.25881904510250414 0
    outer loop
      vertex 114.00350819325746 6.54723222932107 0
      vertex 114.07569240481953 6.277837084267088 13
      vertex 114.00350819325746 6.54723222932107 13
    endloop
  endfacet
  facet normal 0 0 -1
    outer loop
      vertex 114.00350819325746 6.54723222932107 0
      vertex 202.01 22.99000768639508 0
      vertex 114.07569240481953 6.277837084267088 0
    endloop
  endfacet
  facet normal 0 0 1
    outer loop
      vertex 114.00350819325746 6.54723222932107 13
      vertex 114.07569240481953 6.277837084267088 13
      vertex 220 1 13
    endloop
  endfacet
  facet normal -0.9659258262890784 0.25881904510248266 0
    outer loop
      vertex 114.00350819325746 163.45276777067892 0
      vertex 114.00350819325746 163.45276777067892 13
      vertex 114.07569240481953 163.72216291573292 0
    endloop
  endfacet
  facet normal 0 0 -1
    outer loop
      vertex 114.00350819325746 163.45276777067892 0
      vertex 114.07569240481953 163.72216291573292 0
      vertex 202.01 147.00999231360493 0
    endloop
  endfacet
  facet normal -0.9659258262890784 0.25881904510248266 0
    outer loop
      vertex 114.00350819325746 163.45276777067892 13
      vertex 114.07569240481953 163.72216291573292 13
      vertex 114.07569240481953 163.72216291573292 0
    endloop
  endfacet
  facet normal -0.9659258262890784 -0.25881904510248266 0
    outer loop
      vertex 114.00350819325746 164.54723222932108 0
      vertex 114.07569240481953 164.27783708426708 0
      vertex 114.07569240481953 164.27783708426708 13
    endloop
  endfacet
  facet normal -0.9659258262890784 -0.25881904510248266 0
    outer loop
      vertex 114.00350819325746 164.54723222932108 0
      vertex 114.07569240481953 164.27783708426708 13
      vertex 114.00350819325746 164.54723222932108 13
    endloop
  endfacet
  facet normal 0 0 -1
    outer loop
      vertex 114.00350819325746 164.54723222932108 0
      vertex 202.01 147.00999231360493 0
      vertex 114.07569240481953 164.27783708426708 0
    endloop
  endfacet
  facet normal 0 0 1
    outer loop
      vertex 114.00350819325746 164.54723222932108 13
      vertex 114.07569240481953 164.27783708426708 13
      vertex 215.01 160 13
    endloop
  endfacet
  facet normal -0.9961946980917478 0.08715574274763256 0
    outer loop
      vertex 114.07569240481953 5.722162915732912 0
      vertex 114.07569240481953 5.722162915732912 13
      vertex 114.1 6 0
    endloop
  endfacet
  facet normal 0 0 -1
    outer loop
      vertex 114.07569240481953 5.722162915732912 0
      vertex 114.1 6 0
      vertex 202.01 22.99000768639508 0
    endloop
  endfacet
  facet normal -0.9961946980917478 0.08715574274763256 0
    outer loop
      vertex 114.07569240481953 5.722162915732912 13
      vertex 114.1 6 13
      vertex 114.1 6 0
    endloop
  endfacet
  facet normal 0 0 1
    outer loop
      vertex 114.07569240481953 5.722162915732912 13
      vertex 220 1 13
      vertex 114.1 6 13
    endloop
  endfacet
  facet normal -0.9961946980917478 -0.08715574274763256 0
    outer loop
      vertex 114.07569240481953 6.277837084267088 0
      vertex 114.1 6 0
      vertex 114.1 6 13
    endloop
  endfacet
  facet normal -0.9961946980917478 -0.08715574274763256 0
    outer loop
      vertex 114.07569240481953 6.277837084267088 0
      vertex 114.1 6 13
      vertex 114.07569240481953 6.277837084267088 13
    endloop
  endfacet
  facet normal 0 0 -1
    outer loop
      vertex 114.07569240481953 6.277837084267088 0
      vertex 202.01 22.99000768639508 0
      vertex 114.1 6 0
    endloop
  endfacet
  facet normal 0 0 1
    outer loop
      vertex 114.07569240481953 6.277837084267088 13
      vertex 114.1 6 13
      vertex 220 1 13
    endloop
  endfacet
  facet normal -0.9961946980917474 0.08715574274763614 0
    outer loop
      vertex 114.07569240481953 163.72216291573292 0
      vertex 114.07569240481953 163.72216291573292 13
      vertex 114.1 164 0
    endloop
  endfacet
  facet normal 0 0 -1
    outer loop
      vertex 114.07569240481953 163.72216291573292 0
      vertex 114.1 164 0
      vertex 202.01 147.00999231360493 0
    endloop
  endfacet
  facet normal -0.9961946980917474 0.08715574274763614 0
    outer loop
      vertex 114.07569240481953 163.72216291573292 13
      vertex 114.1 164 13
      vertex 114.1 164 0
    endloop
  endfacet
  facet normal -0.9961946980917474 -0.08715574274763614 0
    outer loop
      vertex 114.07569240481953 164.27783708426708 0
      vertex 114.1 164 0
      vertex 114.1 164 13
    endloop
  endfacet
  facet normal -0.9961946980917474 -0.08715574274763614 0
    outer loop
      vertex 114.07569240481953 164.27783708426708 0
      vertex 114.1 164 13
      vertex 114.07569240481953 164.27783708426708 13
    endloop
  endfacet
  facet normal 0 0 -1
    outer loop
      vertex 114.07569240481953 164.27783708426708 0
      vertex 202.01 147.00999231360493 0
      vertex 114.1 164 0
    endloop
  endfacet
  facet normal 0 0 1
    outer loop
      vertex 114.07569240481953 164.27783708426708 13
      vertex 114.1 164 13
      vertex 215.01 160 13
    endloop
  endfacet
  facet normal 0 0 -1
    outer loop
      vertex 202.01 22.99000768639508 0
      vertex 202.01 147.00999231360493 0
      vertex 217.49649180674254 163.45276777067892 0
    endloop
  endfacet
  facet normal -0.7071067811865475 0 0.7071067811865475
    outer loop
      vertex 202.01 22.99000768639508 0
      vertex 215.01 10 13
      vertex 202.01 147.00999231360493 0
    endloop
  endfacet
  facet normal 0 0 -1
    outer loop
      vertex 202.01 22.99000768639508 0
      vertex 217.4 6 0
      vertex 217.42430759518047 5.722162915732912 0
    endloop
  endfacet
  facet normal 0 0 -1
    outer loop
      vertex 202.01 22.99000768639508 0
      vertex 217.42430759518047 5.722162915732912 0
      vertex 217.49649180674254 5.45276777067893 0
    endloop
  endfacet
  facet normal 0 0 -1
    outer loop
      vertex 202.01 22.99000768639508 0
      vertex 217.42430759518047 6.277837084267088 0
      vertex 217.4 6 0
    endloop
  endfacet
  facet normal 0 0 -1
    outer loop
      vertex 202.01 22.99000768639508 0
      vertex 217.49649180674254 5.45276777067893 0
      vertex 217.6143593539449 5.2 0
    endloop
  endfacet
  facet normal 0 0 -1
    outer loop
      vertex 202.01 22.99000768639508 0
      vertex 217.49649180674254 6.54723222932107 0
      vertex 217.42430759518047 6.277837084267088 0
    endloop
  endfacet
  facet normal 0 0 -1
    outer loop
      vertex 202.01 22.99000768639508 0
      vertex 217.49649180674254 163.45276777067892 0
      vertex 217.49649180674254 6.54723222932107 0
    endloop
  endfacet
  facet normal 0 0 -1
    outer loop
      vertex 202.01 22.99000768639508 0
      vertex 217.6143593539449 5.2 0
      vertex 217.77432889100965 4.971539824501537 0
    endloop
  endfacet
  facet normal 0 0 -1
    outer loop
      vertex 202.01 22.99000768639508 0
      vertex 217.77432889100965 4.971539824501537 0
      vertex 220 0 0
    endloop
  endfacet
  facet normal -0.7071067811865476 0 0.7071067811865476
    outer loop
      vertex 202.01 147.00999231360493 0
      vertex 215.01 10 13
      vertex 215.01 160 13
    endloop
  endfacet
  facet normal 0 0 -1
    outer loop
      vertex 202.01 147.00999231360493 0
      vertex 217.4 164 0
      vertex 217.42430759518047 163.72216291573292 0
    endloop
  endfacet
  facet normal 0 0 -1
    outer loop
      vertex 202.01 147.00999231360493 0
      vertex 217.42430759518047 163.72216291573292 0
      vertex 217.49649180674254 163.45276777067892 0
    endloop
  endfacet
  facet normal 0 0 1
    outer loop
      vertex 215.01 10 13
      vertex 217.42430759518047 6.277837084267088 13
      vertex 217.42430759518047 163.72216291573292 13
    endloop
  endfacet
  facet normal 0 0 1
    outer loop
      vertex 215.01 10 13
      vertex 217.42430759518047 163.72216291573292 13
      vertex 215.01 160 13
    endloop
  endfacet
  facet normal 0.9961946980917478 0.08715574274763256 0
    outer loop
      vertex 217.4 6 0
      vertex 217.4 6 13
      vertex 217.42430759518047 5.722162915732912 0
    endloop
  endfacet
  facet normal 0.9961946980917478 -0.08715574274763256 0
    outer loop
      vertex 217.4 6 0
      vertex 217.42430759518047 6.277837084267088 0
      vertex 217.42430759518047 6.277837084267088 13
    endloop
  endfacet
  facet normal 0.9961946980917478 -0.08715574274763256 0
    outer loop
      vertex 217.4 6 0
      vertex 217.42430759518047 6.277837084267088 13
      vertex 217.4 6 13
    endloop
  endfacet
  facet normal 0.9961946980917478 0.08715574274763256 0
    outer loop
      vertex 217.4 6 13
      vertex 217.42430759518047 5.722162915732912 13
      vertex 217.42430759518047 5.722162915732912 0
    endloop
  endfacet
  facet normal 0.9961946980917474 0.08715574274763614 0
    outer loop
      vertex 217.4 164 0
      vertex 217.4 164 13
      vertex 217.42430759518047 163.72216291573292 0
    endloop
  endfacet
  facet normal 0.9961946980917474 -0.08715574274763614 0
    outer loop
      vertex 217.4 164 0
      vertex 217.42430759518047 164.27783708426708 0
      vertex 217.42430759518047 164.27783708426708 13
    endloop
  endfacet
  facet normal 0.9961946980917474 -0.08715574274763614 0
    outer loop
      vertex 217.4 164 0
      vertex 217.42430759518047 164.27783708426708 13
      vertex 217.4 164 13
    endloop
  endfacet
  facet normal 0.9961946980917474 0.08715574274763614 0
    outer loop
      vertex 217.4 164 13
      vertex 217.42430759518047 163.72216291573292 13
      vertex 217.42430759518047 163.72216291573292 0
    endloop
  endfacet
  facet normal 0.9659258262890726 0.25881904510250414 0
    outer loop
      vertex 217.42430759518047 5.722162915732912 0
      vertex 217.42430759518047 5.722162915732912 13
      vertex 217.49649180674254 5.45276777067893 0
    endloop
  endfacet
  facet normal 0.9659258262890726 0.25881904510250414 0
    outer loop
      vertex 217.42430759518047 5.722162915732912 13
      vertex 217.49649180674254 5.45276777067893 13
      vertex 217.49649180674254 5.45276777067893 0
    endloop
  endfacet
  facet normal 0.9659258262890726 -0.25881904510250414 0
    outer loop
      vertex 217.42430759518047 6.277837084267088 0
      vertex 217.49649180674254 6.54723222932107 0
      vertex 217.49649180674254 6.54723222932107 13
    endloop
  endfacet
  facet normal 0.9659258262890726 -0.25881904510250414 0
    outer loop
      vertex 217.42430759518047 6.277837084267088 0
      vertex 217.49649180674254 6.54723222932107 13
      vertex 217.42430759518047 6.277837084267088 13
    endloop
  endfacet
  facet normal 0 0 1
    outer loop
      vertex 217.42430759518047 6.277837084267088 13
      vertex 217.49649180674254 6.54723222932107 13
      vertex 217.42430759518047 163.72216291573292 13
    endloop
  endfacet
  facet normal 0.9659258262890784 0.25881904510248266 0
    outer loop
      vertex 217.42430759518047 163.72216291573292 0
      vertex 217.42430759518047 163.72216291573292 13
      vertex 217.49649180674254 163.45276777067892 0
    endloop
  endfacet
  facet normal 0 0 1
    outer loop
      vertex 217.42430759518047 163.72216291573292 13
      vertex 217.49649180674254 6.54723222932107 13
      vertex 217.49649180674254 163.45276777067892 13
    endloop
  endfacet
  facet normal 0.9659258262890784 0.25881904510248266 0
    outer loop
      vertex 217.42430759518047 163.72216291573292 13
      vertex 217.49649180674254 163.45276777067892 13
      vertex 217.49649180674254 163.45276777067892 0
    endloop
  endfacet
  facet normal 0.9659258262890784 -0.25881904510248266 0
    outer loop
      vertex 217.42430759518047 164.27783708426708 0
      vertex 217.49649180674254 164.54723222932108 0
      vertex 217.49649180674254 164.54723222932108 13
    endloop
  endfacet
  facet normal 0.9659258262890784 -0.25881904510248266 0
    outer loop
      vertex 217.42430759518047 164.27783708426708 0
      vertex 217.49649180674254 164.54723222932108 13
      vertex 217.42430759518047 164.27783708426708 13
    endloop
  endfacet
  facet normal 0.9063077870366306 0.42261826174074074 0
    outer loop
      vertex 217.49649180674254 5.45276777067893 0
      vertex 217.49649180674254 5.45276777067893 13
      vertex 217.6143593539449 5.2 0
    endloop
  endfacet
  facet normal 0.9063077870366306 0.42261826174074074 0
    outer loop
      vertex 217.49649180674254 5.45276777067893 13
      vertex 217.6143593539449 5.2 13
      vertex 217.6143593539449 5.2 0
    endloop
  endfacet
  facet normal 0 0 -1
    outer loop
      vertex 217.49649180674254 6.54723222932107 0
      vertex 217.49649180674254 163.45276777067892 0
      vertex 217.6143593539449 163.2 0
    endloop
  endfacet
  facet normal 0.9063077870366306 -0.42261826174074074 0
    outer loop
      vertex 217.49649180674254 6.54723222932107 0
      vertex 217.6143593539449 6.8 0
      vertex 217.6143593539449 6.8 13
    endloop
  endfacet
  facet normal 0.9063077870366306 -0.42261826174074074 0
    outer loop
      vertex 217.49649180674254 6.54723222932107 0
      vertex 217.6143593539449 6.8 13
      vertex 217.49649180674254 6.54723222932107 13
    endloop
  endfacet
  facet normal 0 0 -1
    outer loop
      vertex 217.49649180674254 6.54723222932107 0
      vertex 217.6143593539449 163.2 0
      vertex 217.6143593539449 6.8 0
    endloop
  endfacet
  facet normal 0 0 1
    outer loop
      vertex 217.49649180674254 6.54723222932107 13
      vertex 217.6143593539449 6.8 13
      vertex 217.49649180674254 163.45276777067892 13
    endloop
  endfacet
  facet normal 0.9063077870366302 0.42261826174074196 0
    outer loop
      vertex 217.49649180674254 163.45276777067892 0
      vertex 217.49649180674254 163.45276777067892 13
      vertex 217.6143593539449 163.2 0
    endloop
  endfacet
  facet normal 0 0 1
    outer loop
      vertex 217.49649180674254 163.45276777067892 13
      vertex 217.6143593539449 6.8 13
      vertex 217.6143593539449 163.2 13
    endloop
  endfacet
  facet normal 0.9063077870366302 0.42261826174074196 0
    outer loop
      vertex 217.49649180674254 163.45276777067892 13
      vertex 217.6143593539449 163.2 13
      vertex 217.6143593539449 163.2 0
    endloop
  endfacet
  facet normal 0.9063077870366302 -0.42261826174074196 0
    outer loop
      vertex 217.49649180674254 164.54723222932108 0
      vertex 217.6143593539449 164.8 0
      vertex 217.6143593539449 164.8 13
    endloop
  endfacet
  facet normal 0.9063077870366302 -0.42261826174074196 0
    outer loop
      vertex 217.49649180674254 164.54723222932108 0
      vertex 217.6143593539449 164.8 13
      vertex 217.49649180674254 164.54723222932108 13
    endloop
  endfacet
  facet normal 0.8191520442889875 0.5735764363510523 0
    outer loop
      vertex 217.6143593539449 5.2 0
      vertex 217.6143593539449 5.2 13
      vertex 217.77432889100965 4.971539824501537 0
    endloop
  endfacet
  facet normal 0.8191520442889875 0.5735764363510523 0
    outer loop
      vertex 217.6143593539449 5.2 13
      vertex 217.77432889100965 4.971539824501537 13
      vertex 217.77432889100965 4.971539824501537 0
    endloop
  endfacet
  facet normal 0 0 1
    outer loop
      vertex 217.6143593539449 5.2 13
      vertex 220 1 13
      vertex 217.77432889100965 4.971539824501537 13
    endloop
  endfacet
  facet normal 0 0 -1
    outer loop
      vertex 217.6143593539449 6.8 0
      vertex 217.6143593539449 163.2 0
      vertex 217.77432889100965 162.97153982450155 0
    endloop
  endfacet
  facet normal 0.8191520442889875 -0.5735764363510523 0
    outer loop
      vertex 217.6143593539449 6.8 0
      vertex 217.77432889100965 7.028460175498463 0
      vertex 217.77432889100965 7.028460175498463 13
    endloop
  endfacet
  facet normal 0.8191520442889875 -0.5735764363510523 0
    outer loop
      vertex 217.6143593539449 6.8 0
      vertex 217.77432889100965 7.028460175498463 13
      vertex 217.6143593539449 6.8 13
    endloop
  endfacet
  facet normal 0 0 -1
    outer loop
      vertex 217.6143593539449 6.8 0
      vertex 217.77432889100965 162.97153982450155 0
      vertex 217.77432889100965 7.028460175498463 0
    endloop
  endfacet
  facet normal 0 0 1
    outer loop
      vertex 217.6143593539449 6.8 13
      vertex 217.77432889100965 7.028460175498463 13
      vertex 217.6143593539449 163.2 13
    endloop
  endfacet
  facet normal 0.8191520442889613 0.5735764363510897 0
    outer loop
      vertex 217.6143593539449 163.2 0
      vertex 217.6143593539449 163.2 13
      vertex 217.77432889100965 162.97153982450155 0
    endloop
  endfacet
  facet normal 0 0 1
    outer loop
      vertex 217.6143593539449 163.2 13
      vertex 217.77432889100965 7.028460175498463 13
      vertex 217.77432889100965 162.97153982450155 13
    endloop
  endfacet
  facet normal 0.8191520442889613 0.5735764363510897 0
    outer loop
      vertex 217.6143593539449 163.2 13
      vertex 217.77432889100965 162.97153982450155 13
      vertex 217.77432889100965 162.97153982450155 0
    endloop
  endfacet
  facet normal 0.8191520442889613 -0.5735764363510897 0
    outer loop
      vertex 217.6143593539449 164.8 0
      vertex 217.77432889100965 165.02846017549845 0
      vertex 217.77432889100965 165.02846017549845 13
    endloop
  endfacet
  facet normal 0.8191520442889613 -0.5735764363510897 0
    outer loop
      vertex 217.6143593539449 164.8 0
      vertex 217.77432889100965 165.02846017549845 13
      vertex 217.6143593539449 164.8 13
    endloop
  endfacet
  facet normal 0.7071067811865475 0.7071067811865475 0
    outer loop
      vertex 217.77432889100965 4.971539824501537 0
      vertex 217.77432889100965 4.971539824501537 13
      vertex 217.97153982450155 4.774328891009635 0
    endloop
  endfacet
  facet normal 0 0 -1
    outer loop
      vertex 217.77432889100965 4.971539824501537 0
      vertex 217.97153982450155 4.774328891009635 0
      vertex 220 0 0
    endloop
  endfacet
  facet normal 0.7071067811865475 0.7071067811865475 0
    outer loop
      vertex 217.77432889100965 4.971539824501537 13
      vertex 217.97153982450155 4.774328891009635 13
      vertex 217.97153982450155 4.774328891009635 0
    endloop
  endfacet
  facet normal 0 0 1
    outer loop
      vertex 217.77432889100965 4.971539824501537 13
      vertex 220 1 13
      vertex 217.97153982450155 4.774328891009635 13
    endloop
  endfacet
  facet normal 0 0 -1
    outer loop
      vertex 217.77432889100965 7.028460175498463 0
      vertex 217.77432889100965 162.97153982450155 0
      vertex 217.97153982450155 162.77432889100965 0
    endloop
  endfacet
  facet normal 0.7071067811865475 -0.7071067811865475 0
    outer loop
      vertex 217.77432889100965 7.028460175498463 0
      vertex 217.97153982450155 7.225671108990365 0
      vertex 217.97153982450155 7.225671108990365 13
    endloop
  endfacet
  facet normal 0.7071067811865475 -0.7071067811865475 0
    outer loop
      vertex 217.77432889100965 7.028460175498463 0
      vertex 217.97153982450155 7.225671108990365 13
      vertex 217.77432889100965 7.028460175498463 13
    endloop
  endfacet
  facet normal 0 0 -1
    outer loop
      vertex 217.77432889100965 7.028460175498463 0
      vertex 217.97153982450155 162.77432889100965 0
      vertex 217.97153982450155 7.225671108990365 0
    endloop
  endfacet
  facet normal 0 0 1
    outer loop
      vertex 217.77432889100965 7.028460175498463 13
      vertex 217.97153982450155 7.225671108990365 13
      vertex 217.77432889100965 162.97153982450155 13
    endloop
  endfacet
  facet normal 0.7071067811865475 0.7071067811865475 0
    outer loop
      vertex 217.77432889100965 162.97153982450155 0
      vertex 217.77432889100965 162.97153982450155 13
      vertex 217.97153982450155 162.77432889100965 0
    endloop
  endfacet
  facet normal 0 0 1
    outer loop
      vertex 217.77432889100965 162.97153982450155 13
      vertex 217.97153982450155 7.225671108990365 13
      vertex 217.97153982450155 162.77432889100965 13
    endloop
  endfacet
  facet normal 0.7071067811865475 0.7071067811865475 0
    outer loop
      vertex 217.77432889100965 162.97153982450155 13
      vertex 217.97153982450155 162.77432889100965 13
      vertex 217.97153982450155 162.77432889100965 0
    endloop
  endfacet
  facet normal 0.7071067811865475 -0.7071067811865475 0
    outer loop
      vertex 217.77432889100965 165.02846017549845 0
      vertex 217.97153982450155 165.22567110899035 0
      vertex 217.97153982450155 165.22567110899035 13
    endloop
  endfacet
  facet normal 0.7071067811865475 -0.7071067811865475 0
    outer loop
      vertex 217.77432889100965 165.02846017549845 0
      vertex 217.97153982450155 165.22567110899035 13
      vertex 217.77432889100965 165.02846017549845 13
    endloop
  endfacet
  facet normal 0 0 -1
    outer loop
      vertex 217.77432889100965 165.02846017549845 0
      vertex 220 170 0
      vertex 217.97153982450155 165.22567110899035 0
    endloop
  endfacet
  facet normal 0 0 1
    outer loop
      vertex 217.77432889100965 165.02846017549845 13
      vertex 217.97153982450155 165.22567110899035 13
      vertex 220 169 13
    endloop
  endfacet
  facet normal 0.5735764363510811 0.8191520442889673 0
    outer loop
      vertex 217.97153982450155 4.774328891009635 0
      vertex 217.97153982450155 4.774328891009635 13
      vertex 218.2 4.614359353944899 0
    endloop
  endfacet
  facet normal 0 0 -1
    outer loop
      vertex 217.97153982450155 4.774328891009635 0
      vertex 218.2 4.614359353944899 0
      vertex 220 0 0
    endloop
  endfacet
  facet normal 0.5735764363510811 0.8191520442889673 0
    outer loop
      vertex 217.97153982450155 4.774328891009635 13
      vertex 218.2 4.614359353944899 13
      vertex 218.2 4.614359353944899 0
    endloop
  endfacet
  facet normal 0 0 1
    outer loop
      vertex 217.97153982450155 4.774328891009635 13
      vertex 220 1 13
      vertex 218.2 4.614359353944899 13
    endloop
  endfacet
  facet normal 0 0 -1
    outer loop
      vertex 217.97153982450155 7.225671108990365 0
      vertex 217.97153982450155 162.77432889100965 0
      vertex 218.2 162.6143593539449 0
    endloop
  endfacet
  facet normal 0.5735764363510811 -0.8191520442889673 0
    outer loop
      vertex 217.97153982450155 7.225671108990365 0
      vertex 218.2 7.385640646055101 0
      vertex 218.2 7.385640646055101 13
    endloop
  endfacet
  facet normal 0.5735764363510811 -0.8191520442889673 0
    outer loop
      vertex 217.97153982450155 7.225671108990365 0
      vertex 218.2 7.385640646055101 13
      vertex 217.97153982450155 7.225671108990365 13
    endloop
  endfacet
  facet normal 0 0 -1
    outer loop
      vertex 217.97153982450155 7.225671108990365 0
      vertex 218.2 162.6143593539449 0
      vertex 218.2 7.385640646055101 0
    endloop
  endfacet
  facet normal 0 0 1
    outer loop
      vertex 217.97153982450155 7.225671108990365 13
      vertex 218.2 7.385640646055101 13
      vertex 217.97153982450155 162.77432889100965 13
    endloop
  endfacet
  facet normal 0.5735764363510897 0.8191520442889613 0
    outer loop
      vertex 217.97153982450155 162.77432889100965 0
      vertex 217.97153982450155 162.77432889100965 13
      vertex 218.2 162.6143593539449 0
    endloop
  endfacet
  facet normal 0 0 1
    outer loop
      vertex 217.97153982450155 162.77432889100965 13
      vertex 218.2 7.385640646055101 13
      vertex 218.2 162.6143593539449 13
    endloop
  endfacet
  facet normal 0.5735764363510897 0.8191520442889613 0
    outer loop
      vertex 217.97153982450155 162.77432889100965 13
      vertex 218.2 162.6143593539449 13
      vertex 218.2 162.6143593539449 0
    endloop
  endfacet
  facet normal 0.5735764363510897 -0.8191520442889613 0
    outer loop
      vertex 217.97153982450155 165.22567110899035 0
      vertex 218.2 165.3856406460551 0
      vertex 218.2 165.3856406460551 13
    endloop
  endfacet
  facet normal 0.5735764363510897 -0.8191520442889613 0
    outer loop
      vertex 217.97153982450155 165.22567110899035 0
      vertex 218.2 165.3856406460551 13
      vertex 217.97153982450155 165.22567110899035 13
    endloop
  endfacet
  facet normal 0 0 -1
    outer loop
      vertex 217.97153982450155 165.22567110899035 0
      vertex 220 170 0
      vertex 218.2 165.3856406460551 0
    endloop
  endfacet
  facet normal 0 0 1
    outer loop
      vertex 217.97153982450155 165.22567110899035 13
      vertex 218.2 165.3856406460551 13
      vertex 220 169 13
    endloop
  endfacet
  facet normal 0.42261826174070277 0.9063077870366485 0
    outer loop
      vertex 218.2 4.614359353944899 0
      vertex 218.2 4.614359353944899 13
      vertex 218.45276777067892 4.496491806742546 0
    endloop
  endfacet
  facet normal 0 0 -1
    outer loop
      vertex 218.2 4.614359353944899 0
      vertex 218.45276777067892 4.496491806742546 0
      vertex 220 0 0
    endloop
  endfacet
  facet normal 0.42261826174070277 0.9063077870366485 0
    outer loop
      vertex 218.2 4.614359353944899 13
      vertex 218.45276777067892 4.496491806742546 13
      vertex 218.45276777067892 4.496491806742546 0
    endloop
  endfacet
  facet normal 0 0 1
    outer loop
      vertex 218.2 4.614359353944899 13
      vertex 220 1 13
      vertex 218.45276777067892 4.496491806742546 13
    endloop
  endfacet
  facet normal 0 0 -1
    outer loop
      vertex 218.2 7.385640646055101 0
      vertex 218.2 162.6143593539449 0
      vertex 218.45276777067892 162.49649180674254 0
    endloop
  endfacet
  facet normal 0.42261826174070277 -0.9063077870366485 0
    outer loop
      vertex 218.2 7.385640646055101 0
      vertex 218.45276777067892 7.503508193257454 0
      vertex 218.45276777067892 7.503508193257454 13
    endloop
  endfacet
  facet normal 0.42261826174070277 -0.9063077870366485 0
    outer loop
      vertex 218.2 7.385640646055101 0
      vertex 218.45276777067892 7.503508193257454 13
      vertex 218.2 7.385640646055101 13
    endloop
  endfacet
  facet normal 0 0 -1
    outer loop
      vertex 218.2 7.385640646055101 0
      vertex 218.45276777067892 162.49649180674254 0
      vertex 218.45276777067892 7.503508193257454 0
    endloop
  endfacet
  facet normal 0 0 1
    outer loop
      vertex 218.2 7.385640646055101 13
      vertex 218.45276777067892 7.503508193257454 13
      vertex 218.2 162.6143593539449 13
    endloop
  endfacet
  facet normal 0.42261826174074196 0.9063077870366302 0
    outer loop
      vertex 218.2 162.6143593539449 0
      vertex 218.2 162.6143593539449 13
      vertex 218.45276777067892 162.49649180674254 0
    endloop
  endfacet
  facet normal 0 0 1
    outer loop
      vertex 218.2 162.6143593539449 13
      vertex 218.45276777067892 7.503508193257454 13
      vertex 218.45276777067892 162.49649180674254 13
    endloop
  endfacet
  facet normal 0.42261826174074196 0.9063077870366302 0
    outer loop
      vertex 218.2 162.6143593539449 13
      vertex 218.45276777067892 162.49649180674254 13
      vertex 218.45276777067892 162.49649180674254 0
    endloop
  endfacet
  facet normal 0.42261826174074196 -0.9063077870366302 0
    outer loop
      vertex 218.2 165.3856406460551 0
      vertex 218.45276777067892 165.50350819325746 0
      vertex 218.45276777067892 165.50350819325746 13
    endloop
  endfacet
  facet normal 0.42261826174074196 -0.9063077870366302 0
    outer loop
      vertex 218.2 165.3856406460551 0
      vertex 218.45276777067892 165.50350819325746 13
      vertex 218.2 165.3856406460551 13
    endloop
  endfacet
  facet normal 0 0 -1
    outer loop
      vertex 218.2 165.3856406460551 0
      vertex 220 170 0
      vertex 218.45276777067892 165.50350819325746 0
    endloop
  endfacet
  facet normal 0 0 1
    outer loop
      vertex 218.2 165.3856406460551 13
      vertex 218.45276777067892 165.50350819325746 13
      vertex 220 169 13
    endloop
  endfacet
  facet normal 0.25881904510249754 0.9659258262890745 0
    outer loop
      vertex 218.45276777067892 4.496491806742546 0
      vertex 218.45276777067892 4.496491806742546 13
      vertex 218.72216291573292 4.424307595180467 0
    endloop
  endfacet
  facet normal 0 0 -1
    outer loop
      vertex 218.45276777067892 4.496491806742546 0
      vertex 218.72216291573292 4.424307595180467 0
      vertex 220 0 0
    endloop
  endfacet
  facet normal 0.25881904510249754 0.9659258262890745 0
    outer loop
      vertex 218.45276777067892 4.496491806742546 13
      vertex 218.72216291573292 4.424307595180467 13
      vertex 218.72216291573292 4.424307595180467 0
    endloop
  endfacet
  facet normal 0 0 1
    outer loop
      vertex 218.45276777067892 4.496491806742546 13
      vertex 220 1 13
      vertex 218.72216291573292 4.424307595180467 13
    endloop
  endfacet
  facet normal 0 0 -1
    outer loop
      vertex 218.45276777067892 7.503508193257454 0
      vertex 218.45276777067892 162.49649180674254 0
      vertex 218.72216291573292 162.42430759518047 0
    endloop
  endfacet
  facet normal 0.25881904510249754 -0.9659258262890745 0
    outer loop
      vertex 218.45276777067892 7.503508193257454 0
      vertex 218.72216291573292 7.575692404819533 0
      vertex 218.72216291573292 7.575692404819533 13
    endloop
  endfacet
  facet normal 0.25881904510249754 -0.9659258262890745 0
    outer loop
      vertex 218.45276777067892 7.503508193257454 0
      vertex 218.72216291573292 7.575692404819533 13
      vertex 218.45276777067892 7.503508193257454 13
    endloop
  endfacet
  facet normal 0 0 -1
    outer loop
      vertex 218.45276777067892 7.503508193257454 0
      vertex 218.72216291573292 162.42430759518047 0
      vertex 219 162.4 0
    endloop
  endfacet
  facet normal 0 0 -1
    outer loop
      vertex 218.45276777067892 7.503508193257454 0
      vertex 219 162.4 0
      vertex 218.72216291573292 7.575692404819533 0
    endloop
  endfacet
  facet normal 0 0 1
    outer loop
      vertex 218.45276777067892 7.503508193257454 13
      vertex 218.72216291573292 7.575692404819533 13
      vertex 218.45276777067892 162.49649180674254 13
    endloop
  endfacet
  facet normal 0.25881904510248266 0.9659258262890784 0
    outer loop
      vertex 218.45276777067892 162.49649180674254 0
      vertex 218.45276777067892 162.49649180674254 13
      vertex 218.72216291573292 162.42430759518047 0
    endloop
  endfacet
  facet normal 0 0 1
    outer loop
      vertex 218.45276777067892 162.49649180674254 13
      vertex 218.72216291573292 7.575692404819533 13
      vertex 218.72216291573292 162.42430759518047 13
    endloop
  endfacet
  facet normal 0.25881904510248266 0.9659258262890784 0
    outer loop
      vertex 218.45276777067892 162.49649180674254 13
      vertex 218.72216291573292 162.42430759518047 13
      vertex 218.72216291573292 162.42430759518047 0
    endloop
  endfacet
  facet normal 0.25881904510248266 -0.9659258262890784 0
    outer loop
      vertex 218.45276777067892 165.50350819325746 0
      vertex 218.72216291573292 165.57569240481953 0
      vertex 218.72216291573292 165.57569240481953 13
    endloop
  endfacet
  facet normal 0.25881904510248266 -0.9659258262890784 0
    outer loop
      vertex 218.45276777067892 165.50350819325746 0
      vertex 218.72216291573292 165.57569240481953 13
      vertex 218.45276777067892 165.50350819325746 13
    endloop
  endfacet
  facet normal 0 0 -1
    outer loop
      vertex 218.45276777067892 165.50350819325746 0
      vertex 220 170 0
      vertex 218.72216291573292 165.57569240481953 0
    endloop
  endfacet
  facet normal 0 0 1
    outer loop
      vertex 218.45276777067892 165.50350819325746 13
      vertex 218.72216291573292 165.57569240481953 13
      vertex 220 169 13
    endloop
  endfacet
  facet normal 0.08715574274766143 0.9961946980917452 0
    outer loop
      vertex 218.72216291573292 4.424307595180467 0
      vertex 218.72216291573292 4.424307595180467 13
      vertex 219 4.4 0
    endloop
  endfacet
  facet normal 0 0 -1
    outer loop
      vertex 218.72216291573292 4.424307595180467 0
      vertex 219 4.4 0
      vertex 220 0 0
    endloop
  endfacet
  facet normal 0.08715574274766143 0.9961946980917452 0
    outer loop
      vertex 218.72216291573292 4.424307595180467 13
      vertex 219 4.4 13
      vertex 219 4.4 0
    endloop
  endfacet
  facet normal 0 0 1
    outer loop
      vertex 218.72216291573292 4.424307595180467 13
      vertex 220 1 13
      vertex 219 4.4 13
    endloop
  endfacet
  facet normal 0.08715574274766143 -0.9961946980917452 0
    outer loop
      vertex 218.72216291573292 7.575692404819533 0
      vertex 219 7.6 0
      vertex 219 7.6 13
    endloop
  endfacet
  facet normal 0.08715574274766143 -0.9961946980917452 0
    outer loop
      vertex 218.72216291573292 7.575692404819533 0
      vertex 219 7.6 13
      vertex 218.72216291573292 7.575692404819533 13
    endloop
  endfacet
  facet normal 0 0 -1
    outer loop
      vertex 218.72216291573292 7.575692404819533 0
      vertex 219 162.4 0
      vertex 219 7.6 0
    endloop
  endfacet
  facet normal 0 0 1
    outer loop
      vertex 218.72216291573292 7.575692404819533 13
      vertex 219 7.6 13
      vertex 218.72216291573292 162.42430759518047 13
    endloop
  endfacet
  facet normal 0.08715574274763614 0.9961946980917474 0
    outer loop
      vertex 218.72216291573292 162.42430759518047 0
      vertex 218.72216291573292 162.42430759518047 13
      vertex 219 162.4 0
    endloop
  endfacet
  facet normal 0 0 1
    outer loop
      vertex 218.72216291573292 162.42430759518047 13
      vertex 219 7.6 13
      vertex 219 162.4 13
    endloop
  endfacet
  facet normal 0.08715574274763614 0.9961946980917474 0
    outer loop
      vertex 218.72216291573292 162.42430759518047 13
      vertex 219 162.4 13
      vertex 219 162.4 0
    endloop
  endfacet
  facet normal 0.08715574274763614 -0.9961946980917474 0
    outer loop
      vertex 218.72216291573292 165.57569240481953 0
      vertex 219 165.6 0
      vertex 219 165.6 13
    endloop
  endfacet
  facet normal 0.08715574274763614 -0.9961946980917474 0
    outer loop
      vertex 218.72216291573292 165.57569240481953 0
      vertex 219 165.6 13
      vertex 218.72216291573292 165.57569240481953 13
    endloop
  endfacet
  facet normal 0 0 -1
    outer loop
      vertex 218.72216291573292 165.57569240481953 0
      vertex 220 170 0
      vertex 219 165.6 0
    endloop
  endfacet
  facet normal 0 0 1
    outer loop
      vertex 218.72216291573292 165.57569240481953 13
      vertex 219 165.6 13
      vertex 220 169 13
    endloop
  endfacet
  facet normal -0.08715574274766143 0.9961946980917452 0
    outer loop
      vertex 219 4.4 0
      vertex 219 4.4 13
      vertex 219.27783708426708 4.424307595180467 0
    endloop
  endfacet
  facet normal 0 0 -1
    outer loop
      vertex 219 4.4 0
      vertex 219.27783708426708 4.424307595180467 0
      vertex 220 0 0
    endloop
  endfacet
  facet normal -0.08715574274766143 0.9961946980917452 0
    outer loop
      vertex 219 4.4 13
      vertex 219.27783708426708 4.424307595180467 13
      vertex 219.27783708426708 4.424307595180467 0
    endloop
  endfacet
  facet normal 0 0 1
    outer loop
      vertex 219 4.4 13
      vertex 220 1 13
      vertex 219.27783708426708 4.424307595180467 13
    endloop
  endfacet
  facet normal 0 0 -1
    outer loop
      vertex 219 7.6 0
      vertex 219 162.4 0
      vertex 219.27783708426708 7.575692404819533 0
    endloop
  endfacet
  facet normal -0.08715574274766143 -0.9961946980917452 0
    outer loop
      vertex 219 7.6 0
      vertex 219.27783708426708 7.575692404819533 0
      vertex 219.27783708426708 7.575692404819533 13
    endloop
  endfacet
  facet normal -0.08715574274766143 -0.9961946980917452 0
    outer loop
      vertex 219 7.6 0
      vertex 219.27783708426708 7.575692404819533 13
      vertex 219 7.6 13
    endloop
  endfacet
  facet normal 0 0 1
    outer loop
      vertex 219 7.6 13
      vertex 219.27783708426708 7.575692404819533 13
      vertex 219 162.4 13
    endloop
  endfacet
  facet normal -0.08715574274763614 0.9961946980917474 0
    outer loop
      vertex 219 162.4 0
      vertex 219 162.4 13
      vertex 219.27783708426708 162.42430759518047 0
    endloop
  endfacet
  facet normal 0 0 -1
    outer loop
      vertex 219 162.4 0
      vertex 219.27783708426708 162.42430759518047 0
      vertex 219.54723222932108 7.503508193257454 0
    endloop
  endfacet
  facet normal 0 0 -1
    outer loop
      vertex 219 162.4 0
      vertex 219.54723222932108 7.503508193257454 0
      vertex 219.27783708426708 7.575692404819533 0
    endloop
  endfacet
  facet normal 0 0 1
    outer loop
      vertex 219 162.4 13
      vertex 219.27783708426708 7.575692404819533 13
      vertex 219.27783708426708 162.42430759518047 13
    endloop
  endfacet
  facet normal -0.08715574274763614 0.9961946980917474 0
    outer loop
      vertex 219 162.4 13
      vertex 219.27783708426708 162.42430759518047 13
      vertex 219.27783708426708 162.42430759518047 0
    endloop
  endfacet
  facet normal -0.08715574274763614 -0.9961946980917474 0
    outer loop
      vertex 219 165.6 0
      vertex 219.27783708426708 165.57569240481953 0
      vertex 219.27783708426708 165.57569240481953 13
    endloop
  endfacet
  facet normal -0.08715574274763614 -0.9961946980917474 0
    outer loop
      vertex 219 165.6 0
      vertex 219.27783708426708 165.57569240481953 13
      vertex 219 165.6 13
    endloop
  endfacet
  facet normal 0 0 -1
    outer loop
      vertex 219 165.6 0
      vertex 220 170 0
      vertex 219.27783708426708 165.57569240481953 0
    endloop
  endfacet
  facet normal 0 0 1
    outer loop
      vertex 219 165.6 13
      vertex 219.27783708426708 165.57569240481953 13
      vertex 220 169 13
    endloop
  endfacet
  facet normal -0.25881904510249754 0.9659258262890745 0
    outer loop
      vertex 219.27783708426708 4.424307595180467 0
      vertex 219.27783708426708 4.424307595180467 13
      vertex 219.54723222932108 4.496491806742546 0
    endloop
  endfacet
  facet normal 0 0 -1
    outer loop
      vertex 219.27783708426708 4.424307595180467 0
      vertex 219.54723222932108 4.496491806742546 0
      vertex 220 0 0
    endloop
  endfacet
  facet normal -0.25881904510249754 0.9659258262890745 0
    outer loop
      vertex 219.27783708426708 4.424307595180467 13
      vertex 219.54723222932108 4.496491806742546 13
      vertex 219.54723222932108 4.496491806742546 0
    endloop
  endfacet
  facet normal 0 0 1
    outer loop
      vertex 219.27783708426708 4.424307595180467 13
      vertex 220 1 13
      vertex 219.54723222932108 4.496491806742546 13
    endloop
  endfacet
  facet normal -0.25881904510249754 -0.9659258262890745 0
    outer loop
      vertex 219.27783708426708 7.575692404819533 0
      vertex 219.54723222932108 7.503508193257454 0
      vertex 219.54723222932108 7.503508193257454 13
    endloop
  endfacet
  facet normal -0.25881904510249754 -0.9659258262890745 0
    outer loop
      vertex 219.27783708426708 7.575692404819533 0
      vertex 219.54723222932108 7.503508193257454 13
      vertex 219.27783708426708 7.575692404819533 13
    endloop
  endfacet
  facet normal 0 0 1
    outer loop
      vertex 219.27783708426708 7.575692404819533 13
      vertex 219.54723222932108 7.503508193257454 13
      vertex 219.27783708426708 162.42430759518047 13
    endloop
  endfacet
  facet normal -0.25881904510248266 0.9659258262890784 0
    outer loop
      vertex 219.27783708426708 162.42430759518047 0
      vertex 219.27783708426708 162.42430759518047 13
      vertex 219.54723222932108 162.49649180674254 0
    endloop
  endfacet
  facet normal 0 0 -1
    outer loop
      vertex 219.27783708426708 162.42430759518047 0
      vertex 219.54723222932108 162.49649180674254 0
      vertex 219.54723222932108 7.503508193257454 0
    endloop
  endfacet
  facet normal 0 0 1
    outer loop
      vertex 219.27783708426708 162.42430759518047 13
      vertex 219.54723222932108 7.503508193257454 13
      vertex 219.54723222932108 162.49649180674254 13
    endloop
  endfacet
  facet normal -0.25881904510248266 0.9659258262890784 0
    outer loop
      vertex 219.27783708426708 162.42430759518047 13
      vertex 219.54723222932108 162.49649180674254 13
      vertex 219.54723222932108 162.49649180674254 0
    endloop
  endfacet
  facet normal -0.25881904510248266 -0.9659258262890784 0
    outer loop
      vertex 219.27783708426708 165.57569240481953 0
      vertex 219.54723222932108 165.50350819325746 0
      vertex 219.54723222932108 165.50350819325746 13
    endloop
  endfacet
  facet normal -0.25881904510248266 -0.9659258262890784 0
    outer loop
      vertex 219.27783708426708 165.57569240481953 0
      vertex 219.54723222932108 165.50350819325746 13
      vertex 219.27783708426708 165.57569240481953 13
    endloop
  endfacet
  facet normal 0 0 -1
    outer loop
      vertex 219.27783708426708 165.57569240481953 0
      vertex 220 170 0
      vertex 219.54723222932108 165.50350819325746 0
    endloop
  endfacet
  facet normal 0 0 1
    outer loop
      vertex 219.27783708426708 165.57569240481953 13
      vertex 219.54723222932108 165.50350819325746 13
      vertex 220 169 13
    endloop
  endfacet
  facet normal -0.42261826174070277 0.9063077870366485 0
    outer loop
      vertex 219.54723222932108 4.496491806742546 0
      vertex 219.54723222932108 4.496491806742546 13
      vertex 219.8 4.614359353944899 0
    endloop
  endfacet
  facet normal 0 0 -1
    outer loop
      vertex 219.54723222932108 4.496491806742546 0
      vertex 219.8 4.614359353944899 0
      vertex 220 0 0
    endloop
  endfacet
  facet normal -0.42261826174070277 0.9063077870366485 0
    outer loop
      vertex 219.54723222932108 4.496491806742546 13
      vertex 219.8 4.614359353944899 13
      vertex 219.8 4.614359353944899 0
    endloop
  endfacet
  facet normal 0 0 1
    outer loop
      vertex 219.54723222932108 4.496491806742546 13
      vertex 220 1 13
      vertex 219.8 4.614359353944899 13
    endloop
  endfacet
  facet normal 0 0 -1
    outer loop
      vertex 219.54723222932108 7.503508193257454 0
      vertex 219.54723222932108 162.49649180674254 0
      vertex 219.8 7.385640646055101 0
    endloop
  endfacet
  facet normal -0.42261826174070277 -0.9063077870366485 0
    outer loop
      vertex 219.54723222932108 7.503508193257454 0
      vertex 219.8 7.385640646055101 0
      vertex 219.8 7.385640646055101 13
    endloop
  endfacet
  facet normal -0.42261826174070277 -0.9063077870366485 0
    outer loop
      vertex 219.54723222932108 7.503508193257454 0
      vertex 219.8 7.385640646055101 13
      vertex 219.54723222932108 7.503508193257454 13
    endloop
  endfacet
  facet normal 0 0 1
    outer loop
      vertex 219.54723222932108 7.503508193257454 13
      vertex 219.8 7.385640646055101 13
      vertex 219.54723222932108 162.49649180674254 13
    endloop
  endfacet
  facet normal -0.42261826174074196 0.9063077870366302 0
    outer loop
      vertex 219.54723222932108 162.49649180674254 0
      vertex 219.54723222932108 162.49649180674254 13
      vertex 219.8 162.6143593539449 0
    endloop
  endfacet
  facet normal 0 0 -1
    outer loop
      vertex 219.54723222932108 162.49649180674254 0
      vertex 219.8 162.6143593539449 0
      vertex 219.8 7.385640646055101 0
    endloop
  endfacet
  facet normal 0 0 1
    outer loop
      vertex 219.54723222932108 162.49649180674254 13
      vertex 219.8 7.385640646055101 13
      vertex 219.8 162.6143593539449 13
    endloop
  endfacet
  facet normal -0.42261826174074196 0.9063077870366302 0
    outer loop
      vertex 219.54723222932108 162.49649180674254 13
      vertex 219.8 162.6143593539449 13
      vertex 219.8 162.6143593539449 0
    endloop
  endfacet
  facet normal -0.42261826174074196 -0.9063077870366302 0
    outer loop
      vertex 219.54723222932108 165.50350819325746 0
      vertex 219.8 165.3856406460551 0
      vertex 219.8 165.3856406460551 13
    endloop
  endfacet
  facet normal -0.42261826174074196 -0.9063077870366302 0
    outer loop
      vertex 219.54723222932108 165.50350819325746 0
      vertex 219.8 165.3856406460551 13
      vertex 219.54723222932108 165.50350819325746 13
    endloop
  endfacet
  facet normal 0 0 -1
    outer loop
      vertex 219.54723222932108 165.50350819325746 0
      vertex 220 170 0
      vertex 219.8 165.3856406460551 0
    endloop
  endfacet
  facet normal 0 0 1
    outer loop
      vertex 219.54723222932108 165.50350819325746 13
      vertex 219.8 165.3856406460551 13
      vertex 220 169 13
    endloop
  endfacet
  facet normal -0.5735764363510811 0.8191520442889673 0
    outer loop
      vertex 219.8 4.614359353944899 0
      vertex 219.8 4.614359353944899 13
      vertex 220.02846017549845 4.774328891009635 0
    endloop
  endfacet
  facet normal 0 0 -1
    outer loop
      vertex 219.8 4.614359353944899 0
      vertex 220.02846017549845 4.774328891009635 0
      vertex 220 0 0
    endloop
  endfacet
  facet normal 0 0 1
    outer loop
      vertex 219.8 4.614359353944899 13
      vertex 220 1 13
      vertex 220.13959798681 1.002436691923617 13
    endloop
  endfacet
  facet normal -0.5735764363510811 0.8191520442889673 0
    outer loop
      vertex 219.8 4.614359353944899 13
      vertex 220.02846017549845 4.774328891009635 13
      vertex 220.02846017549845 4.774328891009635 0
    endloop
  endfacet
  facet normal 0 0 1
    outer loop
      vertex 219.8 4.614359353944899 13
      vertex 220.13959798681 1.002436691923617 13
      vertex 220.02846017549845 4.774328891009635 13
    endloop
  endfacet
  facet normal 0 0 -1
    outer loop
      vertex 219.8 7.385640646055101 0
      vertex 219.8 162.6143593539449 0
      vertex 220.02846017549845 162.77432889100965 0
    endloop
  endfacet
  facet normal -0.5735764363510811 -0.8191520442889673 0
    outer loop
      vertex 219.8 7.385640646055101 0
      vertex 220.02846017549845 7.225671108990365 0
      vertex 220.02846017549845 7.225671108990365 13
    endloop
  endfacet
  facet normal -0.5735764363510811 -0.8191520442889673 0
    outer loop
      vertex 219.8 7.385640646055101 0
      vertex 220.02846017549845 7.225671108990365 13
      vertex 219.8 7.385640646055101 13
    endloop
  endfacet
  facet normal 0 0 -1
    outer loop
      vertex 219.8 7.385640646055101 0
      vertex 220.02846017549845 162.77432889100965 0
      vertex 220.02846017549845 7.225671108990365 0
    endloop
  endfacet
  facet normal 0 0 1
    outer loop
      vertex 219.8 7.385640646055101 13
      vertex 220.02846017549845 7.225671108990365 13
      vertex 219.8 162.6143593539449 13
    endloop
  endfacet
  facet normal -0.5735764363510897 0.8191520442889613 0
    outer loop
      vertex 219.8 162.6143593539449 0
      vertex 219.8 162.6143593539449 13
      vertex 220.02846017549845 162.77432889100965 0
    endloop
  endfacet
  facet normal 0 0 1
    outer loop
      vertex 219.8 162.6143593539449 13
      vertex 220.02846017549845 7.225671108990365 13
      vertex 220.22567110899035 7.028460175498463 13
    endloop
  endfacet
  facet normal -0.5735764363510897 0.8191520442889613 0
    outer loop
      vertex 219.8 162.6143593539449 13
      vertex 220.02846017549845 162.77432889100965 13
      vertex 220.02846017549845 162.77432889100965 0
    endloop
  endfacet
  facet normal 0 0 1
    outer loop
      vertex 219.8 162.6143593539449 13
      vertex 220.22567110899035 7.028460175498463 13
      vertex 220.02846017549845 162.77432889100965 13
    endloop
  endfacet
  facet normal 0 0 -1
    outer loop
      vertex 219.8 165.3856406460551 0
      vertex 220 170 0
      vertex 220.1744974835125 169.99695413509548 0
    endloop
  endfacet
  facet normal -0.5735764363510897 -0.8191520442889613 0
    outer loop
      vertex 219.8 165.3856406460551 0
      vertex 220.02846017549845 165.22567110899035 0
      vertex 220.02846017549845 165.22567110899035 13
    endloop
  endfacet
  facet normal -0.5735764363510897 -0.8191520442889613 0
    outer loop
      vertex 219.8 165.3856406460551 0
      vertex 220.02846017549845 165.22567110899035 13
      vertex 219.8 165.3856406460551 13
    endloop
  endfacet
  facet normal 0 0 -1
    outer loop
      vertex 219.8 165.3856406460551 0
      vertex 220.1744974835125 169.99695413509548 0
      vertex 220.02846017549845 165.22567110899035 0
    endloop
  endfacet
  facet normal 0 0 1
    outer loop
      vertex 219.8 165.3856406460551 13
      vertex 220.02846017549845 165.22567110899035 13
      vertex 220 169 13
    endloop
  endfacet
  facet normal 0 0 -1
    outer loop
      vertex 220 0 0
      vertex 220.02846017549845 4.774328891009635 0
      vertex 220.1744974835125 0.0030458649045215225 0
    endloop
  endfacet
  facet normal 0.017452406437283928 -0.9998476951563912 0
    outer loop
      vertex 220 0 0
      vertex 220.1744974835125 0.0030458649045215225 0
      vertex 220 0 19
    endloop
  endfacet
  facet normal 0.017452406437283928 -0.9998476951563912 0
    outer loop
      vertex 220 0 19
      vertex 220.1744974835125 0.0030458649045215225 0
      vertex 220.1744974835125 0.0030458649045215225 19
    endloop
  endfacet
  facet normal 0 0 1
    outer loop
      vertex 220 0 19
      vertex 220.1744974835125 0.0030458649045215225 19
      vertex 220 1 19
    endloop
  endfacet
  facet normal -0.017452406437282728 0.9998476951563912 0
    outer loop
      vertex 220 1 13
      vertex 220 1 19
      vertex 220.13959798681 1.002436691923617 13
    endloop
  endfacet
  facet normal -0.017452406437282728 0.9998476951563912 0
    outer loop
      vertex 220 1 19
      vertex 220.13959798681 1.002436691923617 19
      vertex 220.13959798681 1.002436691923617 13
    endloop
  endfacet
  facet normal 0 0 1
    outer loop
      vertex 220 1 19
      vertex 220.1744974835125 0.0030458649045215225 19
      vertex 220.13959798681 1.002436691923617 19
    endloop
  endfacet
  facet normal 0 0 1
    outer loop
      vertex 220 169 13
      vertex 220.02846017549845 165.22567110899035 13
      vertex 220.13959798681 168.9975633080764 13
    endloop
  endfacet
  facet normal -0.017452406437203236 -0.9998476951563926 0
    outer loop
      vertex 220 169 13
      vertex 220.13959798681 168.9975633080764 13
      vertex 220.13959798681 168.9975633080764 19
    endloop
  endfacet
  facet normal -0.017452406437203236 -0.9998476951563926 0
    outer loop
      vertex 220 169 13
      vertex 220.13959798681 168.9975633080764 19
      vertex 220 169 19
    endloop
  endfacet
  facet normal 0 0 1
    outer loop
      vertex 220 169 19
      vertex 220.13959798681 168.9975633080764 19
      vertex 220 170 19
    endloop
  endfacet
  facet normal 0.017452406437283928 0.9998476951563912 0
    outer loop
      vertex 220 170 0
      vertex 220 170 19
      vertex 220.1744974835125 169.99695413509548 19
    endloop
  endfacet
  facet normal 0.017452406437283928 0.9998476951563912 0
    outer loop
      vertex 220 170 0
      vertex 220.1744974835125 169.99695413509548 19
      vertex 220.1744974835125 169.99695413509548 0
    endloop
  endfacet
  facet normal 0 0 1
    outer loop
      vertex 220 170 19
      vertex 220.13959798681 168.9975633080764 19
      vertex 220.1744974835125 169.99695413509548 19
    endloop
  endfacet
  facet normal -0.7071067811865475 0.7071067811865475 0
    outer loop
      vertex 220.02846017549845 4.774328891009635 0
      vertex 220.02846017549845 4.774328891009635 13
      vertex 220.22567110899035 4.971539824501537 0
    endloop
  endfacet
  facet normal 0 0 -1
    outer loop
      vertex 220.02846017549845 4.774328891009635 0
      vertex 220.22567110899035 4.971539824501537 0
      vertex 220.1744974835125 0.0030458649045215225 0
    endloop
  endfacet
  facet normal 0 0 1
    outer loop
      vertex 220.02846017549845 4.774328891009635 13
      vertex 220.13959798681 1.002436691923617 13
      vertex 220.2790258949765 1.0097437989607032 13
    endloop
  endfacet
  facet normal -0.7071067811865475 0.7071067811865475 0
    outer loop
      vertex 220.02846017549845 4.774328891009635 13
      vertex 220.22567110899035 4.971539824501537 13
      vertex 220.22567110899035 4.971539824501537 0
    endloop
  endfacet
  facet normal 0 0 1
    outer loop
      vertex 220.02846017549845 4.774328891009635 13
      vertex 220.2790258949765 1.0097437989607032 13
      vertex 220.22567110899035 4.971539824501537 13
    endloop
  endfacet
  facet normal 0 0 -1
    outer loop
      vertex 220.02846017549845 7.225671108990365 0
      vertex 220.02846017549845 162.77432889100965 0
      vertex 220.22567110899035 162.97153982450155 0
    endloop
  endfacet
  facet normal -0.7071067811865475 -0.7071067811865475 0
    outer loop
      vertex 220.02846017549845 7.225671108990365 0
      vertex 220.22567110899035 7.028460175498463 0
      vertex 220.22567110899035 7.028460175498463 13
    endloop
  endfacet
  facet normal -0.7071067811865475 -0.7071067811865475 0
    outer loop
      vertex 220.02846017549845 7.225671108990365 0
      vertex 220.22567110899035 7.028460175498463 13
      vertex 220.02846017549845 7.225671108990365 13
    endloop
  endfacet
  facet normal 0 0 -1
    outer loop
      vertex 220.02846017549845 7.225671108990365 0
      vertex 220.22567110899035 162.97153982450155 0
      vertex 220.22567110899035 7.028460175498463 0
    endloop
  endfacet
  facet normal -0.7071067811865475 0.7071067811865475 0
    outer loop
      vertex 220.02846017549845 162.77432889100965 0
      vertex 220.02846017549845 162.77432889100965 13
      vertex 220.22567110899035 162.97153982450155 0
    endloop
  endfacet
  facet normal 0 0 1
    outer loop
      vertex 220.02846017549845 162.77432889100965 13
      vertex 220.22567110899035 7.028460175498463 13
      vertex 220.3856406460551 6.8 13
    endloop
  endfacet
  facet normal -0.7071067811865475 0.7071067811865475 0
    outer loop
      vertex 220.02846017549845 162.77432889100965 13
      vertex 220.22567110899035 162.97153982450155 13
      vertex 220.22567110899035 162.97153982450155 0
    endloop
  endfacet
  facet normal 0 0 1
    outer loop
      vertex 220.02846017549845 162.77432889100965 13
      vertex 220.3856406460551 6.8 13
      vertex 220.22567110899035 162.97153982450155 13
    endloop
  endfacet
  facet normal 0 0 -1
    outer loop
      vertex 220.02846017549845 165.22567110899035 0
      vertex 220.1744974835125 169.99695413509548 0
      vertex 220.34878236872063 169.98782025129913 0
    endloop
  endfacet
  facet normal -0.7071067811865475 -0.7071067811865475 0
    outer loop
      vertex 220.02846017549845 165.22567110899035 0
      vertex 220.22567110899035 165.02846017549845 0
      vertex 220.22567110899035 165.02846017549845 13
    endloop
  endfacet
  facet normal -0.7071067811865475 -0.7071067811865475 0
    outer loop
      vertex 220.02846017549845 165.22567110899035 0
      vertex 220.22567110899035 165.02846017549845 13
      vertex 220.02846017549845 165.22567110899035 13
    endloop
  endfacet
  facet normal 0 0 -1
    outer loop
      vertex 220.02846017549845 165.22567110899035 0
      vertex 220.34878236872063 169.98782025129913 0
      vertex 220.22567110899035 165.02846017549845 0
    endloop
  endfacet
  facet normal 0 0 1
    outer loop
      vertex 220.02846017549845 165.22567110899035 13
      vertex 220.22567110899035 165.02846017549845 13
      vertex 220.13959798681 168.9975633080764 13
    endloop
  endfacet
  facet normal -0.052335956242941274 0.9986295347545739 0
    outer loop
      vertex 220.13959798681 1.002436691923617 13
      vertex 220.13959798681 1.002436691923617 19
      vertex 220.2790258949765 1.0097437989607032 13
    endloop
  endfacet
  facet normal 0 0 1
    outer loop
      vertex 220.13959798681 1.002436691923617 19
      vertex 220.1744974835125 0.0030458649045215225 19
      vertex 220.34878236872063 0.01217974870087879 19
    endloop
  endfacet
  facet normal -0.052335956242941274 0.9986295347545739 0
    outer loop
      vertex 220.13959798681 1.002436691923617 19
      vertex 220.2790258949765 1.0097437989607032 19
      vertex 220.2790258949765 1.0097437989607032 13
    endloop
  endfacet
  facet normal 0 0 1
    outer loop
      vertex 220.13959798681 1.002436691923617 19
      vertex 220.34878236872063 0.01217974870087879 19
      vertex 220.2790258949765 1.0097437989607032 19
    endloop
  endfacet
  facet normal 0 0 1
    outer loop
      vertex 220.13959798681 168.9975633080764 13
      vertex 220.22567110899035 165.02846017549845 13
      vertex 220.2790258949765 168.9902562010393 13
    endloop
  endfacet
  facet normal -0.052335956242988854 -0.9986295347545715 0
    outer loop
      vertex 220.13959798681 168.9975633080764 13
      vertex 220.2790258949765 168.9902562010393 13
      vertex 220.2790258949765 168.9902562010393 19
    endloop
  endfacet
  facet normal -0.052335956242988854 -0.9986295347545715 0
    outer loop
      vertex 220.13959798681 168.9975633080764 13
      vertex 220.2790258949765 168.9902562010393 19
      vertex 220.13959798681 168.9975633080764 19
    endloop
  endfacet
  facet normal 0 0 1
    outer loop
      vertex 220.13959798681 168.9975633080764 19
      vertex 220.2790258949765 168.9902562010393 19
      vertex 220.1744974835125 169.99695413509548 19
    endloop
  endfacet
  facet normal 0 0 -1
    outer loop
      vertex 220.1744974835125 0.0030458649045215225 0
      vertex 220.22567110899035 4.971539824501537 0
      vertex 220.34878236872063 0.01217974870087879 0
    endloop
  endfacet
  facet normal 0.052335956242942364 -0.998629534754574 0
    outer loop
      vertex 220.1744974835125 0.0030458649045215225 0
      vertex 220.34878236872063 0.01217974870087879 0
      vertex 220.1744974835125 0.0030458649045215225 19
    endloop
  endfacet
  facet normal 0.052335956242942364 -0.998629534754574 0
    outer loop
      vertex 220.1744974835125 0.0030458649045215225 19
      vertex 220.34878236872063 0.01217974870087879 0
      vertex 220.34878236872063 0.01217974870087879 19
    endloop
  endfacet
  facet normal 0.052335956242911916 0.9986295347545756 0
    outer loop
      vertex 220.1744974835125 169.99695413509548 0
      vertex 220.1744974835125 169.99695413509548 19
      vertex 220.34878236872063 169.98782025129913 19
    endloop
  endfacet
  facet normal 0.052335956242911916 0.9986295347545756 0
    outer loop
      vertex 220.1744974835125 169.99695413509548 0
      vertex 220.34878236872063 169.98782025129913 19
      vertex 220.34878236872063 169.98782025129913 0
    endloop
  endfacet
  facet normal 0 0 1
    outer loop
      vertex 220.1744974835125 169.99695413509548 19
      vertex 220.2790258949765 168.9902562010393 19
      vertex 220.34878236872063 169.98782025129913 19
    endloop
  endfacet
  facet normal -0.8191520442889875 0.5735764363510523 0
    outer loop
      vertex 220.22567110899035 4.971539824501537 0
      vertex 220.22567110899035 4.971539824501537 13
      vertex 220.3856406460551 5.2 0
    endloop
  endfacet
  facet normal 0 0 -1
    outer loop
      vertex 220.22567110899035 4.971539824501537 0
      vertex 220.3856406460551 5.2 0
      vertex 220.34878236872063 0.01217974870087879 0
    endloop
  endfacet
  facet normal 0 0 1
    outer loop
      vertex 220.22567110899035 4.971539824501537 13
      vertex 220.2790258949765 1.0097437989607032 13
      vertex 220.41811385307062 1.0219124185269068 13
    endloop
  endfacet
  facet normal -0.8191520442889875 0.5735764363510523 0
    outer loop
      vertex 220.22567110899035 4.971539824501537 13
      vertex 220.3856406460551 5.2 13
      vertex 220.3856406460551 5.2 0
    endloop
  endfacet
  facet normal 0 0 1
    outer loop
      vertex 220.22567110899035 4.971539824501537 13
      vertex 220.41811385307062 1.0219124185269068 13
      vertex 220.3856406460551 5.2 13
    endloop
  endfacet
  facet normal 0 0 -1
    outer loop
      vertex 220.22567110899035 7.028460175498463 0
      vertex 220.22567110899035 162.97153982450155 0
      vertex 220.3856406460551 163.2 0
    endloop
  endfacet
  facet normal -0.8191520442889875 -0.5735764363510523 0
    outer loop
      vertex 220.22567110899035 7.028460175498463 0
      vertex 220.3856406460551 6.8 0
      vertex 220.3856406460551 6.8 13
    endloop
  endfacet
  facet normal -0.8191520442889875 -0.5735764363510523 0
    outer loop
      vertex 220.22567110899035 7.028460175498463 0
      vertex 220.3856406460551 6.8 13
      vertex 220.22567110899035 7.028460175498463 13
    endloop
  endfacet
  facet normal 0 0 -1
    outer loop
      vertex 220.22567110899035 7.028460175498463 0
      vertex 220.3856406460551 163.2 0
      vertex 220.3856406460551 6.8 0
    endloop
  endfacet
  facet normal -0.8191520442889613 0.5735764363510897 0
    outer loop
      vertex 220.22567110899035 162.97153982450155 0
      vertex 220.22567110899035 162.97153982450155 13
      vertex 220.3856406460551 163.2 0
    endloop
  endfacet
  facet normal 0 0 1
    outer loop
      vertex 220.22567110899035 162.97153982450155 13
      vertex 220.3856406460551 6.8 13
      vertex 220.50350819325746 6.54723222932107 13
    endloop
  endfacet
  facet normal -0.8191520442889613 0.5735764363510897 0
    outer loop
      vertex 220.22567110899035 162.97153982450155 13
      vertex 220.3856406460551 163.2 13
      vertex 220.3856406460551 163.2 0
    endloop
  endfacet
  facet normal 0 0 1
    outer loop
      vertex 220.22567110899035 162.97153982450155 13
      vertex 220.50350819325746 6.54723222932107 13
      vertex 220.3856406460551 163.2 13
    endloop
  endfacet
  facet normal 0 0 -1
    outer loop
      vertex 220.22567110899035 165.02846017549845 0
      vertex 220.34878236872063 169.98782025129913 0
      vertex 220.52264231633828 169.97260947684137 0
    endloop
  endfacet
  facet normal -0.8191520442889613 -0.5735764363510897 0
    outer loop
      vertex 220.22567110899035 165.02846017549845 0
      vertex 220.3856406460551 164.8 0
      vertex 220.3856406460551 164.8 13
    endloop
  endfacet
  facet normal -0.8191520442889613 -0.5735764363510897 0
    outer loop
      vertex 220.22567110899035 165.02846017549845 0
      vertex 220.3856406460551 164.8 13
      vertex 220.22567110899035 165.02846017549845 13
    endloop
  endfacet
  facet normal 0 0 -1
    outer loop
      vertex 220.22567110899035 165.02846017549845 0
      vertex 220.52264231633828 169.97260947684137 0
      vertex 220.3856406460551 164.8 0
    endloop
  endfacet
  facet normal 0 0 1
    outer loop
      vertex 220.22567110899035 165.02846017549845 13
      vertex 220.3856406460551 164.8 13
      vertex 220.2790258949765 168.9902562010393 13
    endloop
  endfacet
  facet normal -0.08715574274766044 0.9961946980917453 0
    outer loop
      vertex 220.2790258949765 1.0097437989607032 13
      vertex 220.2790258949765 1.0097437989607032 19
      vertex 220.41811385307062 1.0219124185269068 13
    endloop
  endfacet
  facet normal 0 0 1
    outer loop
      vertex 220.2790258949765 1.0097437989607032 19
      vertex 220.34878236872063 0.01217974870087879 19
      vertex 220.52264231633828 0.02739052315863333 19
    endloop
  endfacet
  facet normal -0.08715574274766044 0.9961946980917453 0
    outer loop
      vertex 220.2790258949765 1.0097437989607032 19
      vertex 220.41811385307062 1.0219124185269068 19
      vertex 220.41811385307062 1.0219124185269068 13
    endloop
  endfacet
  facet normal 0 0 1
    outer loop
      vertex 220.2790258949765 1.0097437989607032 19
      vertex 220.52264231633828 0.02739052315863333 19
      vertex 220.41811385307062 1.0219124185269068 19
    endloop
  endfacet
  facet normal 0 0 1
    outer loop
      vertex 220.2790258949765 168.9902562010393 13
      vertex 220.3856406460551 164.8 13
      vertex 220.41811385307062 168.9780875814731 13
    endloop
  endfacet
  facet normal -0.08715574274771096 -0.996194698091741 0
    outer loop
      vertex 220.2790258949765 168.9902562010393 13
      vertex 220.41811385307062 168.9780875814731 13
      vertex 220.41811385307062 168.9780875814731 19
    endloop
  endfacet
  facet normal -0.08715574274771096 -0.996194698091741 0
    outer loop
      vertex 220.2790258949765 168.9902562010393 13
      vertex 220.41811385307062 168.9780875814731 19
      vertex 220.2790258949765 168.9902562010393 19
    endloop
  endfacet
  facet normal 0 0 1
    outer loop
      vertex 220.2790258949765 168.9902562010393 19
      vertex 220.41811385307062 168.9780875814731 19
      vertex 220.34878236872063 169.98782025129913 19
    endloop
  endfacet
  facet normal 0 0 -1
    outer loop
      vertex 220.34878236872063 0.01217974870087879 0
      vertex 220.3856406460551 5.2 0
      vertex 220.52264231633828 0.02739052315863333 0
    endloop
  endfacet
  facet normal 0.08715574274765692 -0.9961946980917457 0
    outer loop
      vertex 220.34878236872063 0.01217974870087879 0
      vertex 220.52264231633828 0.02739052315863333 0
      vertex 220.34878236872063 0.01217974870087879 19
    endloop
  endfacet
  facet normal 0.08715574274765692 -0.9961946980917457 0
    outer loop
      vertex 220.34878236872063 0.01217974870087879 19
      vertex 220.52264231633828 0.02739052315863333 0
      vertex 220.52264231633828 0.02739052315863333 19
    endloop
  endfacet
  facet normal 0.087155742747667 0.9961946980917448 0
    outer loop
      vertex 220.34878236872063 169.98782025129913 0
      vertex 220.34878236872063 169.98782025129913 19
      vertex 220.52264231633828 169.97260947684137 19
    endloop
  endfacet
  facet normal 0.087155742747667 0.9961946980917448 0
    outer loop
      vertex 220.34878236872063 169.98782025129913 0
      vertex 220.52264231633828 169.97260947684137 19
      vertex 220.52264231633828 169.97260947684137 0
    endloop
  endfacet
  facet normal 0 0 1
    outer loop
      vertex 220.34878236872063 169.98782025129913 19
      vertex 220.41811385307062 168.9780875814731 19
      vertex 220.52264231633828 169.97260947684137 19
    endloop
  endfacet
  facet normal -0.9063077870366306 0.42261826174074074 0
    outer loop
      vertex 220.3856406460551 5.2 0
      vertex 220.3856406460551 5.2 13
      vertex 220.50350819325746 5.45276777067893 0
    endloop
  endfacet
  facet normal 0 0 -1
    outer loop
      vertex 220.3856406460551 5.2 0
      vertex 220.50350819325746 5.45276777067893 0
      vertex 220.52264231633828 0.02739052315863333 0
    endloop
  endfacet
  facet normal 0 0 1
    outer loop
      vertex 220.3856406460551 5.2 13
      vertex 220.41811385307062 1.0219124185269068 13
      vertex 220.55669240384026 1.0389277250337186 13
    endloop
  endfacet
  facet normal -0.9063077870366306 0.42261826174074074 0
    outer loop
      vertex 220.3856406460551 5.2 13
      vertex 220.50350819325746 5.45276777067893 13
      vertex 220.50350819325746 5.45276777067893 0
    endloop
  endfacet
  facet normal 0 0 1
    outer loop
      vertex 220.3856406460551 5.2 13
      vertex 220.55669240384026 1.0389277250337186 13
      vertex 220.50350819325746 5.45276777067893 13
    endloop
  endfacet
  facet normal 0 0 -1
    outer loop
      vertex 220.3856406460551 6.8 0
      vertex 220.3856406460551 163.2 0
      vertex 220.50350819325746 6.54723222932107 0
    endloop
  endfacet
  facet normal -0.9063077870366306 -0.42261826174074074 0
    outer loop
      vertex 220.3856406460551 6.8 0
      vertex 220.50350819325746 6.54723222932107 0
      vertex 220.50350819325746 6.54723222932107 13
    endloop
  endfacet
  facet normal -0.9063077870366306 -0.42261826174074074 0
    outer loop
      vertex 220.3856406460551 6.8 0
      vertex 220.50350819325746 6.54723222932107 13
      vertex 220.3856406460551 6.8 13
    endloop
  endfacet
  facet normal -0.9063077870366302 0.42261826174074196 0
    outer loop
      vertex 220.3856406460551 163.2 0
      vertex 220.3856406460551 163.2 13
      vertex 220.50350819325746 163.45276777067892 0
    endloop
  endfacet
  facet normal 0 0 -1
    outer loop
      vertex 220.3856406460551 163.2 0
      vertex 220.50350819325746 163.45276777067892 0
      vertex 220.50350819325746 6.54723222932107 0
    endloop
  endfacet
  facet normal 0 0 1
    outer loop
      vertex 220.3856406460551 163.2 13
      vertex 220.50350819325746 6.54723222932107 13
      vertex 220.57569240481953 6.277837084267088 13
    endloop
  endfacet
  facet normal -0.9063077870366302 0.42261826174074196 0
    outer loop
      vertex 220.3856406460551 163.2 13
      vertex 220.50350819325746 163.45276777067892 13
      vertex 220.50350819325746 163.45276777067892 0
    endloop
  endfacet
  facet normal 0 0 1
    outer loop
      vertex 220.3856406460551 163.2 13
      vertex 220.57569240481953 6.277837084267088 13
      vertex 220.50350819325746 163.45276777067892 13
    endloop
  endfacet
  facet normal -0.9063077870366302 -0.42261826174074196 0
    outer loop
      vertex 220.3856406460551 164.8 0
      vertex 220.50350819325746 164.54723222932108 0
      vertex 220.50350819325746 164.54723222932108 13
    endloop
  endfacet
  facet normal -0.9063077870366302 -0.42261826174074196 0
    outer loop
      vertex 220.3856406460551 164.8 0
      vertex 220.50350819325746 164.54723222932108 13
      vertex 220.3856406460551 164.8 13
    endloop
  endfacet
  facet normal 0 0 -1
    outer loop
      vertex 220.3856406460551 164.8 0
      vertex 220.52264231633828 169.97260947684137 0
      vertex 220.50350819325746 164.54723222932108 0
    endloop
  endfacet
  facet normal 0 0 1
    outer loop
      vertex 220.3856406460551 164.8 13
      vertex 220.50350819325746 164.54723222932108 13
      vertex 220.41811385307062 168.9780875814731 13
    endloop
  endfacet
  facet normal -0.12186934340515437 0.9925461516413212 0
    outer loop
      vertex 220.41811385307062 1.0219124185269068 13
      vertex 220.41811385307062 1.0219124185269068 19
      vertex 220.55669240384026 1.0389277250337186 13
    endloop
  endfacet
  facet normal 0 0 1
    outer loop
      vertex 220.41811385307062 1.0219124185269068 19
      vertex 220.52264231633828 0.02739052315863333 19
      vertex 220.69586550480034 0.04865965629214841 19
    endloop
  endfacet
  facet normal -0.12186934340515437 0.9925461516413212 0
    outer loop
      vertex 220.41811385307062 1.0219124185269068 19
      vertex 220.55669240384026 1.0389277250337186 19
      vertex 220.55669240384026 1.0389277250337186 13
    endloop
  endfacet
  facet normal 0 0 1
    outer loop
      vertex 220.41811385307062 1.0219124185269068 19
      vertex 220.69586550480034 0.04865965629214841 19
      vertex 220.55669240384026 1.0389277250337186 19
    endloop
  endfacet
  facet normal 0 0 1
    outer loop
      vertex 220.41811385307062 168.9780875814731 13
      vertex 220.50350819325746 164.54723222932108 13
      vertex 220.55669240384026 168.96107227496628 13
    endloop
  endfacet
  facet normal -0.12186934340511678 -0.9925461516413259 0
    outer loop
      vertex 220.41811385307062 168.9780875814731 13
      vertex 220.55669240384026 168.96107227496628 13
      vertex 220.55669240384026 168.96107227496628 19
    endloop
  endfacet
  facet normal -0.12186934340511678 -0.9925461516413259 0
    outer loop
      vertex 220.41811385307062 168.9780875814731 13
      vertex 220.55669240384026 168.96107227496628 19
      vertex 220.41811385307062 168.9780875814731 19
    endloop
  endfacet
  facet normal 0 0 1
    outer loop
      vertex 220.41811385307062 168.9780875814731 19
      vertex 220.55669240384026 168.96107227496628 19
      vertex 220.52264231633828 169.97260947684137 19
    endloop
  endfacet
  facet normal -0.9659258262890726 0.25881904510250414 0
    outer loop
      vertex 220.50350819325746 5.45276777067893 0
      vertex 220.50350819325746 5.45276777067893 13
      vertex 220.57569240481953 5.722162915732912 0
    endloop
  endfacet
  facet normal 0 0 -1
    outer loop
      vertex 220.50350819325746 5.45276777067893 0
      vertex 220.57569240481953 5.722162915732912 0
      vertex 220.52264231633828 0.02739052315863333 0
    endloop
  endfacet
  facet normal 0 0 1
    outer loop
      vertex 220.50350819325746 5.45276777067893 13
      vertex 220.55669240384026 1.0389277250337186 13
      vertex 220.69459271066773 1.060768987951168 13
    endloop
  endfacet
  facet normal -0.9659258262890726 0.25881904510250414 0
    outer loop
      vertex 220.50350819325746 5.45276777067893 13
      vertex 220.57569240481953 5.722162915732912 13
      vertex 220.57569240481953 5.722162915732912 0
    endloop
  endfacet
  facet normal 0 0 1
    outer loop
      vertex 220.50350819325746 5.45276777067893 13
      vertex 220.69459271066773 1.060768987951168 13
      vertex 220.57569240481953 5.722162915732912 13
    endloop
  endfacet
  facet normal 0 0 -1
    outer loop
      vertex 220.50350819325746 6.54723222932107 0
      vertex 220.50350819325746 163.45276777067892 0
      vertex 220.57569240481953 163.72216291573292 0
    endloop
  endfacet
  facet normal -0.9659258262890726 -0.25881904510250414 0
    outer loop
      vertex 220.50350819325746 6.54723222932107 0
      vertex 220.57569240481953 6.277837084267088 0
      vertex 220.57569240481953 6.277837084267088 13
    endloop
  endfacet
  facet normal -0.9659258262890726 -0.25881904510250414 0
    outer loop
      vertex 220.50350819325746 6.54723222932107 0
      vertex 220.57569240481953 6.277837084267088 13
      vertex 220.50350819325746 6.54723222932107 13
    endloop
  endfacet
  facet normal 0 0 -1
    outer loop
      vertex 220.50350819325746 6.54723222932107 0
      vertex 220.57569240481953 163.72216291573292 0
      vertex 220.57569240481953 6.277837084267088 0
    endloop
  endfacet
  facet normal -0.9659258262890784 0.25881904510248266 0
    outer loop
      vertex 220.50350819325746 163.45276777067892 0
      vertex 220.50350819325746 163.45276777067892 13
      vertex 220.57569240481953 163.72216291573292 0
    endloop
  endfacet
  facet normal 0 0 1
    outer loop
      vertex 220.50350819325746 163.45276777067892 13
      vertex 220.57569240481953 6.277837084267088 13
      vertex 220.6 6 13
    endloop
  endfacet
  facet normal -0.9659258262890784 0.25881904510248266 0
    outer loop
      vertex 220.50350819325746 163.45276777067892 13
      vertex 220.57569240481953 163.72216291573292 13
      vertex 220.57569240481953 163.72216291573292 0
    endloop
  endfacet
  facet normal 0 0 1
    outer loop
      vertex 220.50350819325746 163.45276777067892 13
      vertex 220.6 6 13
      vertex 220.69459271066773 1.060768987951168 13
    endloop
  endfacet
  facet normal 0 0 1
    outer loop
      vertex 220.50350819325746 163.45276777067892 13
      vertex 220.69459271066773 1.060768987951168 13
      vertex 220.57569240481953 163.72216291573292 13
    endloop
  endfacet
  facet normal 0 0 -1
    outer loop
      vertex 220.50350819325746 164.54723222932108 0
      vertex 220.52264231633828 169.97260947684137 0
      vertex 220.69586550480034 169.95134034370784 0
    endloop
  endfacet
  facet normal -0.9659258262890784 -0.25881904510248266 0
    outer loop
      vertex 220.50350819325746 164.54723222932108 0
      vertex 220.57569240481953 164.27783708426708 0
      vertex 220.57569240481953 164.27783708426708 13
    endloop
  endfacet
  facet normal -0.9659258262890784 -0.25881904510248266 0
    outer loop
      vertex 220.50350819325746 164.54723222932108 0
      vertex 220.57569240481953 164.27783708426708 13
      vertex 220.50350819325746 164.54723222932108 13
    endloop
  endfacet
  facet normal 0 0 -1
    outer loop
      vertex 220.50350819325746 164.54723222932108 0
      vertex 220.69586550480034 169.95134034370784 0
      vertex 220.57569240481953 164.27783708426708 0
    endloop
  endfacet
  facet normal 0 0 1
    outer loop
      vertex 220.50350819325746 164.54723222932108 13
      vertex 220.57569240481953 164.27783708426708 13
      vertex 220.55669240384026 168.96107227496628 13
    endloop
  endfacet
  facet normal 0 0 -1
    outer loop
      vertex 220.52264231633828 0.02739052315863333 0
      vertex 220.57569240481953 5.722162915732912 0
      vertex 220.69586550480034 0.04865965629214841 0
    endloop
  endfacet
  facet normal 0.12186934340514705 -0.9925461516413222 0
    outer loop
      vertex 220.52264231633828 0.02739052315863333 0
      vertex 220.69586550480034 0.04865965629214841 0
      vertex 220.52264231633828 0.02739052315863333 19
    endloop
  endfacet
  facet normal 0.12186934340514705 -0.9925461516413222 0
    outer loop
      vertex 220.52264231633828 0.02739052315863333 19
      vertex 220.69586550480034 0.04865965629214841 0
      vertex 220.69586550480034 0.04865965629214841 19
    endloop
  endfacet
  facet normal 0.12186934340522725 0.9925461516413122 0
    outer loop
      vertex 220.52264231633828 169.97260947684137 0
      vertex 220.52264231633828 169.97260947684137 19
      vertex 220.69586550480034 169.95134034370784 19
    endloop
  endfacet
  facet normal 0.12186934340522725 0.9925461516413122 0
    outer loop
      vertex 220.52264231633828 169.97260947684137 0
      vertex 220.69586550480034 169.95134034370784 19
      vertex 220.69586550480034 169.95134034370784 0
    endloop
  endfacet
  facet normal 0 0 1
    outer loop
      vertex 220.52264231633828 169.97260947684137 19
      vertex 220.55669240384026 168.96107227496628 19
      vertex 220.69586550480034 169.95134034370784 19
    endloop
  endfacet
  facet normal -0.15643446504021563 0.9876883405951402 0
    outer loop
      vertex 220.55669240384026 1.0389277250337186 13
      vertex 220.55669240384026 1.0389277250337186 19
      vertex 220.69459271066773 1.060768987951168 13
    endloop
  endfacet
  facet normal -0.15643446504021563 0.9876883405951402 0
    outer loop
      vertex 220.55669240384026 1.0389277250337186 19
      vertex 220.69459271066773 1.060768987951168 19
      vertex 220.69459271066773 1.060768987951168 13
    endloop
  endfacet
  facet normal 0 0 1
    outer loop
      vertex 220.55669240384026 1.0389277250337186 19
      vertex 220.69586550480034 0.04865965629214841 19
      vertex 220.69459271066773 1.060768987951168 19
    endloop
  endfacet
  facet normal 0 0 1
    outer loop
      vertex 220.55669240384026 168.96107227496628 13
      vertex 220.57569240481953 164.27783708426708 13
      vertex 220.69459271066773 168.93923101204882 13
    endloop
  endfacet
  facet normal -0.15643446504030561 -0.9876883405951259 0
    outer loop
      vertex 220.55669240384026 168.96107227496628 13
      vertex 220.69459271066773 168.93923101204882 13
      vertex 220.69459271066773 168.93923101204882 19
    endloop
  endfacet
  facet normal -0.15643446504030561 -0.9876883405951259 0
    outer loop
      vertex 220.55669240384026 168.96107227496628 13
      vertex 220.69459271066773 168.93923101204882 19
      vertex 220.55669240384026 168.96107227496628 19
    endloop
  endfacet
  facet normal 0 0 1
    outer loop
      vertex 220.55669240384026 168.96107227496628 19
      vertex 220.69459271066773 168.93923101204882 19
      vertex 220.69586550480034 169.95134034370784 19
    endloop
  endfacet
  facet normal -0.9961946980917478 0.08715574274763256 0
    outer loop
      vertex 220.57569240481953 5.722162915732912 0
      vertex 220.57569240481953 5.722162915732912 13
      vertex 220.6 6 0
    endloop
  endfacet
  facet normal 0 0 -1
    outer loop
      vertex 220.57569240481953 5.722162915732912 0
      vertex 220.6 6 0
      vertex 220.69586550480034 0.04865965629214841 0
    endloop
  endfacet
  facet normal -0.9961946980917478 0.08715574274763256 0
    outer loop
      vertex 220.57569240481953 5.722162915732912 13
      vertex 220.6 6 13
      vertex 220.6 6 0
    endloop
  endfacet
  facet normal 0 0 1
    outer loop
      vertex 220.57569240481953 5.722162915732912 13
      vertex 220.69459271066773 1.060768987951168 13
      vertex 220.6 6 13
    endloop
  endfacet
  facet normal 0 0 -1
    outer loop
      vertex 220.57569240481953 6.277837084267088 0
      vertex 220.57569240481953 163.72216291573292 0
      vertex 220.6 6 0
    endloop
  endfacet
  facet normal -0.9961946980917478 -0.08715574274763256 0
    outer loop
      vertex 220.57569240481953 6.277837084267088 0
      vertex 220.6 6 0
      vertex 220.6 6 13
    endloop
  endfacet
  facet normal -0.9961946980917478 -0.08715574274763256 0
    outer loop
      vertex 220.57569240481953 6.277837084267088 0
      vertex 220.6 6 13
      vertex 220.57569240481953 6.277837084267088 13
    endloop
  endfacet
  facet normal -0.9961946980917474 0.08715574274763614 0
    outer loop
      vertex 220.57569240481953 163.72216291573292 0
      vertex 220.57569240481953 163.72216291573292 13
      vertex 220.6 164 0
    endloop
  endfacet
  facet normal 0 0 -1
    outer loop
      vertex 220.57569240481953 163.72216291573292 0
      vertex 220.6 164 0
      vertex 220.69586550480034 0.04865965629214841 0
    endloop
  endfacet
  facet normal 0 0 -1
    outer loop
      vertex 220.57569240481953 163.72216291573292 0
      vertex 220.69586550480034 0.04865965629214841 0
      vertex 220.6 6 0
    endloop
  endfacet
  facet normal -0.9961946980917474 0.08715574274763614 0
    outer loop
      vertex 220.57569240481953 163.72216291573292 13
      vertex 220.6 164 13
      vertex 220.6 164 0
    endloop
  endfacet
  facet normal 0 0 1
    outer loop
      vertex 220.57569240481953 163.72216291573292 13
      vertex 220.69459271066773 1.060768987951168 13
      vertex 220.6 164 13
    endloop
  endfacet
  facet normal -0.9961946980917474 -0.08715574274763614 0
    outer loop
      vertex 220.57569240481953 164.27783708426708 0
      vertex 220.6 164 0
      vertex 220.6 164 13
    endloop
  endfacet
  facet normal -0.9961946980917474 -0.08715574274763614 0
    outer loop
      vertex 220.57569240481953 164.27783708426708 0
      vertex 220.6 164 13
      vertex 220.57569240481953 164.27783708426708 13
    endloop
  endfacet
  facet normal 0 0 -1
    outer loop
      vertex 220.57569240481953 164.27783708426708 0
      vertex 220.69586550480034 169.95134034370784 0
      vertex 220.6 164 0
    endloop
  endfacet
  facet normal 0 0 1
    outer loop
      vertex 220.57569240481953 164.27783708426708 13
      vertex 220.6 164 13
      vertex 220.69459271066773 168.93923101204882 13
    endloop
  endfacet
  facet normal 0 0 -1
    outer loop
      vertex 220.6 164 0
      vertex 220.69586550480034 169.95134034370784 0
      vertex 220.69586550480034 0.04865965629214841 0
    endloop
  endfacet
  facet normal 0 0 1
    outer loop
      vertex 220.6 164 13
      vertex 220.69459271066773 1.060768987951168 13
      vertex 220.69459271066773 168.93923101204882 13
    endloop
  endfacet
  facet normal -0.19080899537655846 0.9816271834476614 0
    outer loop
      vertex 220.69459271066773 1.060768987951168 13
      vertex 220.69459271066773 1.060768987951168 19
      vertex 220.83164676327104 1.0874095970647772 13
    endloop
  endfacet
  facet normal 0 0 1
    outer loop
      vertex 220.69459271066773 1.060768987951168 13
      vertex 220.83164676327104 1.0874095970647772 13
      vertex 220.69459271066773 168.93923101204882 13
    endloop
  endfacet
  facet normal 0 0 1
    outer loop
      vertex 220.69459271066773 1.060768987951168 19
      vertex 220.69586550480034 0.04865965629214841 19
      vertex 220.86824088833464 0.07596123493896023 19
    endloop
  endfacet
  facet normal -0.19080899537655846 0.9816271834476614 0
    outer loop
      vertex 220.69459271066773 1.060768987951168 19
      vertex 220.83164676327104 1.0874095970647772 19
      vertex 220.83164676327104 1.0874095970647772 13
    endloop
  endfacet
  facet normal 0 0 1
    outer loop
      vertex 220.69459271066773 1.060768987951168 19
      vertex 220.86824088833464 0.07596123493896023 19
      vertex 220.83164676327104 1.0874095970647772 19
    endloop
  endfacet
  facet normal 0 0 1
    outer loop
      vertex 220.69459271066773 168.93923101204882 13
      vertex 220.83164676327104 1.0874095970647772 13
      vertex 220.83164676327104 168.91259040293522 13
    endloop
  endfacet
  facet normal -0.19080899537648796 -0.9816271834476751 0
    outer loop
      vertex 220.69459271066773 168.93923101204882 13
      vertex 220.83164676327104 168.91259040293522 13
      vertex 220.83164676327104 168.91259040293522 19
    endloop
  endfacet
  facet normal -0.19080899537648796 -0.9816271834476751 0
    outer loop
      vertex 220.69459271066773 168.93923101204882 13
      vertex 220.83164676327104 168.91259040293522 19
      vertex 220.69459271066773 168.93923101204882 19
    endloop
  endfacet
  facet normal 0 0 1
    outer loop
      vertex 220.69459271066773 168.93923101204882 19
      vertex 220.83164676327104 168.91259040293522 19
      vertex 220.69586550480034 169.95134034370784 19
    endloop
  endfacet
  facet normal 0 0 -1
    outer loop
      vertex 220.69586550480034 0.04865965629214841 0
      vertex 220.69586550480034 169.95134034370784 0
      vertex 220.86824088833464 0.07596123493896023 0
    endloop
  endfacet
  facet normal 0.156434465040254 -0.9876883405951341 0
    outer loop
      vertex 220.69586550480034 0.04865965629214841 0
      vertex 220.86824088833464 0.07596123493896023 0
      vertex 220.69586550480034 0.04865965629214841 19
    endloop
  endfacet
  facet normal 0.156434465040254 -0.9876883405951341 0
    outer loop
      vertex 220.69586550480034 0.04865965629214841 19
      vertex 220.86824088833464 0.07596123493896023 0
      vertex 220.86824088833464 0.07596123493896023 19
    endloop
  endfacet
  facet normal 0.15643446504026393 0.9876883405951326 0
    outer loop
      vertex 220.69586550480034 169.95134034370784 0
      vertex 220.69586550480034 169.95134034370784 19
      vertex 220.86824088833464 169.92403876506103 19
    endloop
  endfacet
  facet normal 0 0 -1
    outer loop
      vertex 220.69586550480034 169.95134034370784 0
      vertex 220.86824088833464 169.92403876506103 0
      vertex 220.86824088833464 0.07596123493896023 0
    endloop
  endfacet
  facet normal 0.15643446504026393 0.9876883405951326 0
    outer loop
      vertex 220.69586550480034 169.95134034370784 0
      vertex 220.86824088833464 169.92403876506103 19
      vertex 220.86824088833464 169.92403876506103 0
    endloop
  endfacet
  facet normal 0 0 1
    outer loop
      vertex 220.69586550480034 169.95134034370784 19
      vertex 220.83164676327104 168.91259040293522 19
      vertex 220.86824088833464 169.92403876506103 19
    endloop
  endfacet
  facet normal -0.22495105434387316 0.9743700647852334 0
    outer loop
      vertex 220.83164676327104 1.0874095970647772 13
      vertex 220.83164676327104 1.0874095970647772 19
      vertex 220.96768758239867 1.118817094896014 13
    endloop
  endfacet
  facet normal 0 0 1
    outer loop
      vertex 220.83164676327104 1.0874095970647772 13
      vertex 220.96768758239867 1.118817094896014 13
      vertex 220.83164676327104 168.91259040293522 13
    endloop
  endfacet
  facet normal 0 0 1
    outer loop
      vertex 220.83164676327104 1.0874095970647772 19
      vertex 220.86824088833464 0.07596123493896023 19
      vertex 221.0395584540888 0.10926199633097156 19
    endloop
  endfacet
  facet normal -0.22495105434387316 0.9743700647852334 0
    outer loop
      vertex 220.83164676327104 1.0874095970647772 19
      vertex 220.96768758239867 1.118817094896014 19
      vertex 220.96768758239867 1.118817094896014 13
    endloop
  endfacet
  facet normal 0 0 1
    outer loop
      vertex 220.83164676327104 1.0874095970647772 19
      vertex 221.0395584540888 0.10926199633097156 19
      vertex 220.96768758239867 1.118817094896014 19
    endloop
  endfacet
  facet normal 0 0 1
    outer loop
      vertex 220.83164676327104 168.91259040293522 13
      vertex 220.96768758239867 1.118817094896014 13
      vertex 220.96768758239867 168.881182905104 13
    endloop
  endfacet
  facet normal -0.22495105434379162 -0.9743700647852521 0
    outer loop
      vertex 220.83164676327104 168.91259040293522 13
      vertex 220.96768758239867 168.881182905104 13
      vertex 220.96768758239867 168.881182905104 19
    endloop
  endfacet
  facet normal -0.22495105434379162 -0.9743700647852521 0
    outer loop
      vertex 220.83164676327104 168.91259040293522 13
      vertex 220.96768758239867 168.881182905104 19
      vertex 220.83164676327104 168.91259040293522 19
    endloop
  endfacet
  facet normal 0 0 1
    outer loop
      vertex 220.83164676327104 168.91259040293522 19
      vertex 220.96768758239867 168.881182905104 19
      vertex 220.86824088833464 169.92403876506103 19
    endloop
  endfacet
  facet normal 0 0 -1
    outer loop
      vertex 220.86824088833464 0.07596123493896023 0
      vertex 220.86824088833464 169.92403876506103 0
      vertex 221.0395584540888 0.10926199633097156 0
    endloop
  endfacet
  facet normal 0.19080899537653373 -0.9816271834476662 0
    outer loop
      vertex 220.86824088833464 0.07596123493896023 0
      vertex 221.0395584540888 0.10926199633097156 0
      vertex 220.86824088833464 0.07596123493896023 19
    endloop
  endfacet
  facet normal 0.19080899537653373 -0.9816271834476662 0
    outer loop
      vertex 220.86824088833464 0.07596123493896023 19
      vertex 221.0395584540888 0.10926199633097156 0
      vertex 221.0395584540888 0.10926199633097156 19
    endloop
  endfacet
  facet normal 0.19080899537654353 0.9816271834476642 0
    outer loop
      vertex 220.86824088833464 169.92403876506103 0
      vertex 220.86824088833464 169.92403876506103 19
      vertex 221.0395584540888 169.89073800366901 19
    endloop
  endfacet
  facet normal 0 0 -1
    outer loop
      vertex 220.86824088833464 169.92403876506103 0
      vertex 221.0395584540888 169.89073800366901 0
      vertex 221.0395584540888 0.10926199633097156 0
    endloop
  endfacet
  facet normal 0.19080899537654353 0.9816271834476642 0
    outer loop
      vertex 220.86824088833464 169.92403876506103 0
      vertex 221.0395584540888 169.89073800366901 19
      vertex 221.0395584540888 169.89073800366901 0
    endloop
  endfacet
  facet normal 0 0 1
    outer loop
      vertex 220.86824088833464 169.92403876506103 19
      vertex 220.96768758239867 168.881182905104 19
      vertex 221.0395584540888 169.89073800366901 19
    endloop
  endfacet
  facet normal -0.2588190451025307 0.9659258262890656 0
    outer loop
      vertex 220.96768758239867 1.118817094896014 13
      vertex 220.96768758239867 1.118817094896014 19
      vertex 221.102549423268 1.1549532162467244 13
    endloop
  endfacet
  facet normal 0 0 1
    outer loop
      vertex 220.96768758239867 1.118817094896014 13
      vertex 221.102549423268 1.1549532162467244 13
      vertex 220.96768758239867 168.881182905104 13
    endloop
  endfacet
  facet normal 0 0 1
    outer loop
      vertex 220.96768758239867 1.118817094896014 19
      vertex 221.0395584540888 0.10926199633097156 19
      vertex 221.20960947799833 0.14852136862001775 19
    endloop
  endfacet
  facet normal -0.2588190451025307 0.9659258262890656 0
    outer loop
      vertex 220.96768758239867 1.118817094896014 19
      vertex 221.102549423268 1.1549532162467244 19
      vertex 221.102549423268 1.1549532162467244 13
    endloop
  endfacet
  facet normal 0 0 1
    outer loop
      vertex 220.96768758239867 1.118817094896014 19
      vertex 221.20960947799833 0.14852136862001775 19
      vertex 221.102549423268 1.1549532162467244 19
    endloop
  endfacet
  facet normal 0 0 1
    outer loop
      vertex 220.96768758239867 168.881182905104 13
      vertex 221.102549423268 1.1549532162467244 13
      vertex 221.102549423268 168.84504678375328 13
    endloop
  endfacet
  facet normal -0.2588190451026108 -0.9659258262890442 0
    outer loop
      vertex 220.96768758239867 168.881182905104 13
      vertex 221.102549423268 168.84504678375328 13
      vertex 221.102549423268 168.84504678375328 19
    endloop
  endfacet
  facet normal -0.2588190451026108 -0.9659258262890442 0
    outer loop
      vertex 220.96768758239867 168.881182905104 13
      vertex 221.102549423268 168.84504678375328 19
      vertex 220.96768758239867 168.881182905104 19
    endloop
  endfacet
  facet normal 0 0 1
    outer loop
      vertex 220.96768758239867 168.881182905104 19
      vertex 221.102549423268 168.84504678375328 19
      vertex 221.0395584540888 169.89073800366901 19
    endloop
  endfacet
  facet normal 0 0 -1
    outer loop
      vertex 221.0395584540888 0.10926199633097156 0
      vertex 221.0395584540888 169.89073800366901 0
      vertex 221.20960947799833 0.14852136862001775 0
    endloop
  endfacet
  facet normal 0.22495105434387377 -0.9743700647852332 0
    outer loop
      vertex 221.0395584540888 0.10926199633097156 0
      vertex 221.20960947799833 0.14852136862001775 0
      vertex 221.0395584540888 0.10926199633097156 19
    endloop
  endfacet
  facet normal 0.22495105434387377 -0.9743700647852332 0
    outer loop
      vertex 221.0395584540888 0.10926199633097156 19
      vertex 221.20960947799833 0.14852136862001775 0
      vertex 221.20960947799833 0.14852136862001775 19
    endloop
  endfacet
  facet normal 0.22495105434375295 0.974370064785261 0
    outer loop
      vertex 221.0395584540888 169.89073800366901 0
      vertex 221.0395584540888 169.89073800366901 19
      vertex 221.20960947799833 169.85147863138 19
    endloop
  endfacet
  facet normal 0 0 -1
    outer loop
      vertex 221.0395584540888 169.89073800366901 0
      vertex 221.20960947799833 169.85147863138 0
      vertex 221.20960947799833 0.14852136862001775 0
    endloop
  endfacet
  facet normal 0.22495105434375295 0.974370064785261 0
    outer loop
      vertex 221.0395584540888 169.89073800366901 0
      vertex 221.20960947799833 169.85147863138 19
      vertex 221.20960947799833 169.85147863138 0
    endloop
  endfacet
  facet normal 0 0 1
    outer loop
      vertex 221.0395584540888 169.89073800366901 19
      vertex 221.102549423268 168.84504678375328 19
      vertex 221.20960947799833 169.85147863138 19
    endloop
  endfacet
  facet normal -0.2923717047226987 0.9563047559630471 0
    outer loop
      vertex 221.102549423268 1.1549532162467244 13
      vertex 221.102549423268 1.1549532162467244 19
      vertex 221.2360679774998 1.1957739348193859 13
    endloop
  endfacet
  facet normal 0 0 1
    outer loop
      vertex 221.102549423268 1.1549532162467244 13
      vertex 221.2360679774998 1.1957739348193859 13
      vertex 221.102549423268 168.84504678375328 13
    endloop
  endfacet
  facet normal 0 0 1
    outer loop
      vertex 221.102549423268 1.1549532162467244 19
      vertex 221.20960947799833 0.14852136862001775 19
      vertex 221.37818677908498 0.19369152030840553 19
    endloop
  endfacet
  facet normal -0.2923717047226987 0.9563047559630471 0
    outer loop
      vertex 221.102549423268 1.1549532162467244 19
      vertex 221.2360679774998 1.1957739348193859 19
      vertex 221.2360679774998 1.1957739348193859 13
    endloop
  endfacet
  facet normal 0 0 1
    outer loop
      vertex 221.102549423268 1.1549532162467244 19
      vertex 221.37818677908498 0.19369152030840553 19
      vertex 221.2360679774998 1.1957739348193859 19
    endloop
  endfacet
  facet normal 0 0 1
    outer loop
      vertex 221.102549423268 168.84504678375328 13
      vertex 221.2360679774998 1.1957739348193859 13
      vertex 221.2360679774998 168.80422606518061 13
    endloop
  endfacet
  facet normal -0.2923717047226958 -0.9563047559630481 0
    outer loop
      vertex 221.102549423268 168.84504678375328 13
      vertex 221.2360679774998 168.80422606518061 13
      vertex 221.2360679774998 168.80422606518061 19
    endloop
  endfacet
  facet normal -0.2923717047226958 -0.9563047559630481 0
    outer loop
      vertex 221.102549423268 168.84504678375328 13
      vertex 221.2360679774998 168.80422606518061 19
      vertex 221.102549423268 168.84504678375328 19
    endloop
  endfacet
  facet normal 0 0 1
    outer loop
      vertex 221.102549423268 168.84504678375328 19
      vertex 221.2360679774998 168.80422606518061 19
      vertex 221.20960947799833 169.85147863138 19
    endloop
  endfacet
  facet normal 0 0 -1
    outer loop
      vertex 221.20960947799833 0.14852136862001775 0
      vertex 221.20960947799833 169.85147863138 0
      vertex 221.37818677908498 0.19369152030840553 0
    endloop
  endfacet
  facet normal 0.2588190451025199 -0.9659258262890686 0
    outer loop
      vertex 221.20960947799833 0.14852136862001775 0
      vertex 221.37818677908498 0.19369152030840553 0
      vertex 221.20960947799833 0.14852136862001775 19
    endloop
  endfacet
  facet normal 0.2588190451025199 -0.9659258262890686 0
    outer loop
      vertex 221.20960947799833 0.14852136862001775 19
      vertex 221.37818677908498 0.19369152030840553 0
      vertex 221.37818677908498 0.19369152030840553 19
    endloop
  endfacet
  facet normal 0.25881904510248666 0.9659258262890774 0
    outer loop
      vertex 221.20960947799833 169.85147863138 0
      vertex 221.20960947799833 169.85147863138 19
      vertex 221.37818677908498 169.8063084796916 19
    endloop
  endfacet
  facet normal 0 0 -1
    outer loop
      vertex 221.20960947799833 169.85147863138 0
      vertex 221.37818677908498 169.8063084796916 0
      vertex 221.37818677908498 0.19369152030840553 0
    endloop
  endfacet
  facet normal 0.25881904510248666 0.9659258262890774 0
    outer loop
      vertex 221.20960947799833 169.85147863138 0
      vertex 221.37818677908498 169.8063084796916 19
      vertex 221.37818677908498 169.8063084796916 0
    endloop
  endfacet
  facet normal 0 0 1
    outer loop
      vertex 221.20960947799833 169.85147863138 19
      vertex 221.2360679774998 168.80422606518061 19
      vertex 221.37818677908498 169.8063084796916 19
    endloop
  endfacet
  facet normal -0.325568154457173 0.9455185755993112 0
    outer loop
      vertex 221.2360679774998 1.1957739348193859 13
      vertex 221.2360679774998 1.1957739348193859 19
      vertex 221.36808057330268 1.2412295168563663 13
    endloop
  endfacet
  facet normal 0 0 1
    outer loop
      vertex 221.2360679774998 1.1957739348193859 13
      vertex 221.36808057330268 1.2412295168563663 13
      vertex 221.2360679774998 168.80422606518061 13
    endloop
  endfacet
  facet normal -0.325568154457173 0.9455185755993112 0
    outer loop
      vertex 221.2360679774998 1.1957739348193859 19
      vertex 221.36808057330268 1.2412295168563663 19
      vertex 221.36808057330268 1.2412295168563663 13
    endloop
  endfacet
  facet normal 0 0 1
    outer loop
      vertex 221.2360679774998 1.1957739348193859 19
      vertex 221.37818677908498 0.19369152030840553 19
      vertex 221.36808057330268 1.2412295168563663 19
    endloop
  endfacet
  facet normal 0 0 1
    outer loop
      vertex 221.2360679774998 168.80422606518061 13
      vertex 221.36808057330268 1.2412295168563663 13
      vertex 221.36808057330268 168.75877048314362 13
    endloop
  endfacet
  facet normal -0.32556815445725545 -0.9455185755992828 0
    outer loop
      vertex 221.2360679774998 168.80422606518061 13
      vertex 221.36808057330268 168.75877048314362 13
      vertex 221.36808057330268 168.75877048314362 19
    endloop
  endfacet
  facet normal -0.32556815445725545 -0.9455185755992828 0
    outer loop
      vertex 221.2360679774998 168.80422606518061 13
      vertex 221.36808057330268 168.75877048314362 19
      vertex 221.2360679774998 168.80422606518061 19
    endloop
  endfacet
  facet normal 0 0 1
    outer loop
      vertex 221.2360679774998 168.80422606518061 19
      vertex 221.36808057330268 168.75877048314362 19
      vertex 221.37818677908498 169.8063084796916 19
    endloop
  endfacet
  facet normal -0.35836794954530715 0.9335804264971991 0
    outer loop
      vertex 221.36808057330268 1.2412295168563663 13
      vertex 221.36808057330268 1.2412295168563663 19
      vertex 221.49842637366365 1.2912645817328503 13
    endloop
  endfacet
  facet normal 0 0 1
    outer loop
      vertex 221.36808057330268 1.2412295168563663 13
      vertex 221.49842637366365 1.2912645817328503 13
      vertex 221.36808057330268 168.75877048314362 13
    endloop
  endfacet
  facet normal 0 0 1
    outer loop
      vertex 221.36808057330268 1.2412295168563663 19
      vertex 221.37818677908498 0.19369152030840553 19
      vertex 221.54508497187473 0.24471741852423268 19
    endloop
  endfacet
  facet normal -0.35836794954530715 0.9335804264971991 0
    outer loop
      vertex 221.36808057330268 1.2412295168563663 19
      vertex 221.49842637366365 1.2912645817328503 19
      vertex 221.49842637366365 1.2912645817328503 13
    endloop
  endfacet
  facet normal 0 0 1
    outer loop
      vertex 221.36808057330268 1.2412295168563663 19
      vertex 221.54508497187473 0.24471741852423268 19
      vertex 221.49842637366365 1.2912645817328503 19
    endloop
  endfacet
  facet normal 0 0 1
    outer loop
      vertex 221.36808057330268 168.75877048314362 13
      vertex 221.49842637366365 1.2912645817328503 13
      vertex 221.49842637366365 168.70873541826714 13
    endloop
  endfacet
  facet normal -0.3583679495452961 -0.9335804264972034 0
    outer loop
      vertex 221.36808057330268 168.75877048314362 13
      vertex 221.49842637366365 168.70873541826714 13
      vertex 221.49842637366365 168.70873541826714 19
    endloop
  endfacet
  facet normal -0.3583679495452961 -0.9335804264972034 0
    outer loop
      vertex 221.36808057330268 168.75877048314362 13
      vertex 221.49842637366365 168.70873541826714 19
      vertex 221.36808057330268 168.75877048314362 19
    endloop
  endfacet
  facet normal 0 0 1
    outer loop
      vertex 221.36808057330268 168.75877048314362 19
      vertex 221.49842637366365 168.70873541826714 19
      vertex 221.37818677908498 169.8063084796916 19
    endloop
  endfacet
  facet normal 0 0 -1
    outer loop
      vertex 221.37818677908498 0.19369152030840553 0
      vertex 221.37818677908498 169.8063084796916 0
      vertex 221.54508497187473 0.24471741852423268 0
    endloop
  endfacet
  facet normal 0.2923717047227346 -0.9563047559630362 0
    outer loop
      vertex 221.37818677908498 0.19369152030840553 0
      vertex 221.54508497187473 0.24471741852423268 0
      vertex 221.37818677908498 0.19369152030840553 19
    endloop
  endfacet
  facet normal 0.2923717047227346 -0.9563047559630362 0
    outer loop
      vertex 221.37818677908498 0.19369152030840553 19
      vertex 221.54508497187473 0.24471741852423268 0
      vertex 221.54508497187473 0.24471741852423268 19
    endloop
  endfacet
  facet normal 0.2923717047228044 0.9563047559630148 0
    outer loop
      vertex 221.37818677908498 169.8063084796916 0
      vertex 221.37818677908498 169.8063084796916 19
      vertex 221.54508497187473 169.75528258147577 19
    endloop
  endfacet
  facet normal 0 0 -1
    outer loop
      vertex 221.37818677908498 169.8063084796916 0
      vertex 221.54508497187473 169.75528258147577 0
      vertex 221.54508497187473 0.24471741852423268 0
    endloop
  endfacet
  facet normal 0.2923717047228044 0.9563047559630148 0
    outer loop
      vertex 221.37818677908498 169.8063084796916 0
      vertex 221.54508497187473 169.75528258147577 19
      vertex 221.54508497187473 169.75528258147577 0
    endloop
  endfacet
  facet normal 0 0 1
    outer loop
      vertex 221.37818677908498 169.8063084796916 19
      vertex 221.49842637366365 168.70873541826714 19
      vertex 221.54508497187473 169.75528258147577 19
    endloop
  endfacet
  facet normal -0.39073112848924735 0.9205048534524516 0
    outer loop
      vertex 221.49842637366365 1.2912645817328503 13
      vertex 221.49842637366365 1.2912645817328503 19
      vertex 221.6269465723032 1.3458181694295965 13
    endloop
  endfacet
  facet normal 0 0 1
    outer loop
      vertex 221.49842637366365 1.2912645817328503 13
      vertex 221.6269465723032 1.3458181694295965 13
      vertex 221.49842637366365 168.70873541826714 13
    endloop
  endfacet
  facet normal 0 0 1
    outer loop
      vertex 221.49842637366365 1.2912645817328503 19
      vertex 221.54508497187473 0.24471741852423268 19
      vertex 221.71010071662835 0.3015368960704574 19
    endloop
  endfacet
  facet normal -0.39073112848924735 0.9205048534524516 0
    outer loop
      vertex 221.49842637366365 1.2912645817328503 19
      vertex 221.6269465723032 1.3458181694295965 19
      vertex 221.6269465723032 1.3458181694295965 13
    endloop
  endfacet
  facet normal 0 0 1
    outer loop
      vertex 221.49842637366365 1.2912645817328503 19
      vertex 221.71010071662835 0.3015368960704574 19
      vertex 221.6269465723032 1.3458181694295965 19
    endloop
  endfacet
  facet normal 0 0 1
    outer loop
      vertex 221.49842637366365 168.70873541826714 13
      vertex 221.6269465723032 1.3458181694295965 13
      vertex 221.6269465723032 168.6541818305704 13
    endloop
  endfacet
  facet normal -0.3907311284892393 -0.920504853452455 0
    outer loop
      vertex 221.49842637366365 168.70873541826714 13
      vertex 221.6269465723032 168.6541818305704 13
      vertex 221.6269465723032 168.6541818305704 19
    endloop
  endfacet
  facet normal -0.3907311284892393 -0.920504853452455 0
    outer loop
      vertex 221.49842637366365 168.70873541826714 13
      vertex 221.6269465723032 168.6541818305704 19
      vertex 221.49842637366365 168.70873541826714 19
    endloop
  endfacet
  facet normal 0 0 1
    outer loop
      vertex 221.49842637366365 168.70873541826714 19
      vertex 221.6269465723032 168.6541818305704 19
      vertex 221.54508497187473 169.75528258147577 19
    endloop
  endfacet
  facet normal 0 0 -1
    outer loop
      vertex 221.54508497187473 0.24471741852423268 0
      vertex 221.54508497187473 169.75528258147577 0
      vertex 221.71010071662835 0.3015368960704574 0
    endloop
  endfacet
  facet normal 0.3255681544571315 -0.9455185755993256 0
    outer loop
      vertex 221.54508497187473 0.24471741852423268 0
      vertex 221.71010071662835 0.3015368960704574 0
      vertex 221.54508497187473 0.24471741852423268 19
    endloop
  endfacet
  facet normal 0.3255681544571315 -0.9455185755993256 0
    outer loop
      vertex 221.54508497187473 0.24471741852423268 19
      vertex 221.71010071662835 0.3015368960704574 0
      vertex 221.71010071662835 0.3015368960704574 19
    endloop
  endfacet
  facet normal 0.32556815445707227 0.9455185755993458 0
    outer loop
      vertex 221.54508497187473 169.75528258147577 0
      vertex 221.54508497187473 169.75528258147577 19
      vertex 221.71010071662835 169.69846310392956 19
    endloop
  endfacet
  facet normal 0 0 -1
    outer loop
      vertex 221.54508497187473 169.75528258147577 0
      vertex 221.71010071662835 169.69846310392956 0
      vertex 221.71010071662835 0.3015368960704574 0
    endloop
  endfacet
  facet normal 0.32556815445707227 0.9455185755993458 0
    outer loop
      vertex 221.54508497187473 169.75528258147577 0
      vertex 221.71010071662835 169.69846310392956 19
      vertex 221.71010071662835 169.69846310392956 0
    endloop
  endfacet
  facet normal 0 0 1
    outer loop
      vertex 221.54508497187473 169.75528258147577 19
      vertex 221.6269465723032 168.6541818305704 19
      vertex 221.71010071662835 169.69846310392956 19
    endloop
  endfacet
  facet normal -0.4226182617406924 0.9063077870366533 0
    outer loop
      vertex 221.6269465723032 1.3458181694295965 13
      vertex 221.6269465723032 1.3458181694295965 19
      vertex 221.75348458715632 1.4048238148033318 13
    endloop
  endfacet
  facet normal 0 0 1
    outer loop
      vertex 221.6269465723032 1.3458181694295965 13
      vertex 221.75348458715632 1.4048238148033318 13
      vertex 221.6269465723032 168.6541818305704 13
    endloop
  endfacet
  facet normal 0 0 1
    outer loop
      vertex 221.6269465723032 1.3458181694295965 19
      vertex 221.71010071662835 0.3015368960704574 19
      vertex 221.87303296707955 0.3640807271660629 19
    endloop
  endfacet
  facet normal -0.4226182617406924 0.9063077870366533 0
    outer loop
      vertex 221.6269465723032 1.3458181694295965 19
      vertex 221.75348458715632 1.4048238148033318 19
      vertex 221.75348458715632 1.4048238148033318 13
    endloop
  endfacet
  facet normal 0 0 1
    outer loop
      vertex 221.6269465723032 1.3458181694295965 19
      vertex 221.87303296707955 0.3640807271660629 19
      vertex 221.75348458715632 1.4048238148033318 19
    endloop
  endfacet
  facet normal 0 0 1
    outer loop
      vertex 221.6269465723032 168.6541818305704 13
      vertex 221.75348458715632 1.4048238148033318 13
      vertex 221.75348458715632 168.59517618519666 13
    endloop
  endfacet
  facet normal -0.42261826174066364 -0.9063077870366667 0
    outer loop
      vertex 221.6269465723032 168.6541818305704 13
      vertex 221.75348458715632 168.59517618519666 13
      vertex 221.75348458715632 168.59517618519666 19
    endloop
  endfacet
  facet normal -0.42261826174066364 -0.9063077870366667 0
    outer loop
      vertex 221.6269465723032 168.6541818305704 13
      vertex 221.75348458715632 168.59517618519666 19
      vertex 221.6269465723032 168.6541818305704 19
    endloop
  endfacet
  facet normal 0 0 1
    outer loop
      vertex 221.6269465723032 168.6541818305704 19
      vertex 221.75348458715632 168.59517618519666 19
      vertex 221.71010071662835 169.69846310392956 19
    endloop
  endfacet
  facet normal 0 0 -1
    outer loop
      vertex 221.71010071662835 0.3015368960704574 0
      vertex 221.71010071662835 169.69846310392956 0
      vertex 221.87303296707955 0.3640807271660629 0
    endloop
  endfacet
  facet normal 0.35836794954532303 -0.9335804264971931 0
    outer loop
      vertex 221.71010071662835 0.3015368960704574 0
      vertex 221.87303296707955 0.3640807271660629 0
      vertex 221.71010071662835 0.3015368960704574 19
    endloop
  endfacet
  facet normal 0.35836794954532303 -0.9335804264971931 0
    outer loop
      vertex 221.71010071662835 0.3015368960704574 19
      vertex 221.87303296707955 0.3640807271660629 0
      vertex 221.87303296707955 0.3640807271660629 19
    endloop
  endfacet
  facet normal 0.3583679495453452 0.9335804264971844 0
    outer loop
      vertex 221.71010071662835 169.69846310392956 0
      vertex 221.71010071662835 169.69846310392956 19
      vertex 221.87303296707955 169.63591927283395 19
    endloop
  endfacet
  facet normal 0 0 -1
    outer loop
      vertex 221.71010071662835 169.69846310392956 0
      vertex 221.87303296707955 169.63591927283395 0
      vertex 221.87303296707955 0.3640807271660629 0
    endloop
  endfacet
  facet normal 0.3583679495453452 0.9335804264971844 0
    outer loop
      vertex 221.71010071662835 169.69846310392956 0
      vertex 221.87303296707955 169.63591927283395 19
      vertex 221.87303296707955 169.63591927283395 0
    endloop
  endfacet
  facet normal 0 0 1
    outer loop
      vertex 221.71010071662835 169.69846310392956 19
      vertex 221.75348458715632 168.59517618519666 19
      vertex 221.87303296707955 169.63591927283395 19
    endloop
  endfacet
  facet normal -0.4539904997395778 0.891006524188352 0
    outer loop
      vertex 221.75348458715632 1.4048238148033318 13
      vertex 221.75348458715632 1.4048238148033318 19
      vertex 221.87788625114356 1.468209628564292 13
    endloop
  endfacet
  facet normal 0 0 1
    outer loop
      vertex 221.75348458715632 1.4048238148033318 13
      vertex 221.87788625114356 1.468209628564292 13
      vertex 221.75348458715632 168.59517618519666 13
    endloop
  endfacet
  facet normal 0 0 1
    outer loop
      vertex 221.75348458715632 1.4048238148033318 19
      vertex 221.87303296707955 0.3640807271660629 19
      vertex 222.033683215379 0.4322727117869958 19
    endloop
  endfacet
  facet normal -0.4539904997395778 0.891006524188352 0
    outer loop
      vertex 221.75348458715632 1.4048238148033318 19
      vertex 221.87788625114356 1.468209628564292 19
      vertex 221.87788625114356 1.468209628564292 13
    endloop
  endfacet
  facet normal 0 0 1
    outer loop
      vertex 221.75348458715632 1.4048238148033318 19
      vertex 222.033683215379 0.4322727117869958 19
      vertex 221.87788625114356 1.468209628564292 19
    endloop
  endfacet
  facet normal 0 0 1
    outer loop
      vertex 221.75348458715632 168.59517618519666 13
      vertex 221.87788625114356 1.468209628564292 13
      vertex 221.87788625114356 168.5317903714357 13
    endloop
  endfacet
  facet normal -0.45399049973957273 -0.8910065241883547 0
    outer loop
      vertex 221.75348458715632 168.59517618519666 13
      vertex 221.87788625114356 168.5317903714357 13
      vertex 221.87788625114356 168.5317903714357 19
    endloop
  endfacet
  facet normal -0.45399049973957273 -0.8910065241883547 0
    outer loop
      vertex 221.75348458715632 168.59517618519666 13
      vertex 221.87788625114356 168.5317903714357 19
      vertex 221.75348458715632 168.59517618519666 19
    endloop
  endfacet
  facet normal 0 0 1
    outer loop
      vertex 221.75348458715632 168.59517618519666 19
      vertex 221.87788625114356 168.5317903714357 19
      vertex 221.87303296707955 169.63591927283395 19
    endloop
  endfacet
  facet normal 0 0 -1
    outer loop
      vertex 221.87303296707955 0.3640807271660629 0
      vertex 221.87303296707955 169.63591927283395 0
      vertex 222.033683215379 0.4322727117869958 0
    endloop
  endfacet
  facet normal 0.39073112848926256 -0.9205048534524451 0
    outer loop
      vertex 221.87303296707955 0.3640807271660629 0
      vertex 222.033683215379 0.4322727117869958 0
      vertex 221.87303296707955 0.3640807271660629 19
    endloop
  endfacet
  facet normal 0.39073112848926256 -0.9205048534524451 0
    outer loop
      vertex 221.87303296707955 0.3640807271660629 19
      vertex 222.033683215379 0.4322727117869958 0
      vertex 222.033683215379 0.4322727117869958 19
    endloop
  endfacet
  facet normal 0.3907311284892884 0.9205048534524342 0
    outer loop
      vertex 221.87303296707955 169.63591927283395 0
      vertex 221.87303296707955 169.63591927283395 19
      vertex 222.033683215379 169.567727288213 19
    endloop
  endfacet
  facet normal 0 0 -1
    outer loop
      vertex 221.87303296707955 169.63591927283395 0
      vertex 222.033683215379 169.567727288213 0
      vertex 222.033683215379 0.4322727117869958 0
    endloop
  endfacet
  facet normal 0.3907311284892884 0.9205048534524342 0
    outer loop
      vertex 221.87303296707955 169.63591927283395 0
      vertex 222.033683215379 169.567727288213 19
      vertex 222.033683215379 169.567727288213 0
    endloop
  endfacet
  facet normal 0 0 1
    outer loop
      vertex 221.87303296707955 169.63591927283395 19
      vertex 221.87788625114356 168.5317903714357 19
      vertex 222.033683215379 169.567727288213 19
    endloop
  endfacet
  facet normal -0.4848096202463442 0.8746197071393917 0
    outer loop
      vertex 221.87788625114356 1.468209628564292 13
      vertex 221.87788625114356 1.468209628564292 19
      vertex 222 1.5358983848622456 13
    endloop
  endfacet
  facet normal 0 0 1
    outer loop
      vertex 221.87788625114356 1.468209628564292 13
      vertex 222 1.5358983848622456 13
      vertex 221.87788625114356 168.5317903714357 13
    endloop
  endfacet
  facet normal -0.4848096202463442 0.8746197071393917 0
    outer loop
      vertex 221.87788625114356 1.468209628564292 19
      vertex 222 1.5358983848622456 19
      vertex 222 1.5358983848622456 13
    endloop
  endfacet
  facet normal 0 0 1
    outer loop
      vertex 221.87788625114356 1.468209628564292 19
      vertex 222.033683215379 0.4322727117869958 19
      vertex 222 1.5358983848622456 19
    endloop
  endfacet
  facet normal 0 0 1
    outer loop
      vertex 221.87788625114356 168.5317903714357 13
      vertex 222 1.5358983848622456 13
      vertex 222 168.46410161513776 13
    endloop
  endfacet
  facet normal -0.4848096202462712 -0.8746197071394322 0
    outer loop
      vertex 221.87788625114356 168.5317903714357 13
      vertex 222 168.46410161513776 13
      vertex 222 168.46410161513776 19
    endloop
  endfacet
  facet normal -0.4848096202462712 -0.8746197071394322 0
    outer loop
      vertex 221.87788625114356 168.5317903714357 13
      vertex 222 168.46410161513776 19
      vertex 221.87788625114356 168.5317903714357 19
    endloop
  endfacet
  facet normal 0 0 1
    outer loop
      vertex 221.87788625114356 168.5317903714357 19
      vertex 222 168.46410161513776 19
      vertex 222.033683215379 169.567727288213 19
    endloop
  endfacet
  facet normal -0.5150380749100232 0.8571673007021309 0
    outer loop
      vertex 222 1.5358983848622456 13
      vertex 222 1.5358983848622456 19
      vertex 222.11967705693283 1.6078076153742962 13
    endloop
  endfacet
  facet normal 0 0 1
    outer loop
      vertex 222 1.5358983848622456 13
      vertex 222.11967705693283 1.6078076153742962 13
      vertex 222 168.46410161513776 13
    endloop
  endfacet
  facet normal 0 0 1
    outer loop
      vertex 222 1.5358983848622456 19
      vertex 222.033683215379 0.4322727117869958 19
      vertex 222.19185573394537 0.506029768504165 19
    endloop
  endfacet
  facet normal -0.5150380749100232 0.8571673007021309 0
    outer loop
      vertex 222 1.5358983848622456 19
      vertex 222.11967705693283 1.6078076153742962 19
      vertex 222.11967705693283 1.6078076153742962 13
    endloop
  endfacet
  facet normal 0 0 1
    outer loop
      vertex 222 1.5358983848622456 19
      vertex 222.19185573394537 0.506029768504165 19
      vertex 222.11967705693283 1.6078076153742962 19
    endloop
  endfacet
  facet normal 0 0 1
    outer loop
      vertex 222 168.46410161513776 13
      vertex 222.11967705693283 1.6078076153742962 13
      vertex 222.11967705693283 168.3921923846257 13
    endloop
  endfacet
  facet normal -0.5150380749100864 -0.857167300702093 0
    outer loop
      vertex 222 168.46410161513776 13
      vertex 222.11967705693283 168.3921923846257 13
      vertex 222.11967705693283 168.3921923846257 19
    endloop
  endfacet
  facet normal -0.5150380749100864 -0.857167300702093 0
    outer loop
      vertex 222 168.46410161513776 13
      vertex 222.11967705693283 168.3921923846257 19
      vertex 222 168.46410161513776 19
    endloop
  endfacet
  facet normal 0 0 1
    outer loop
      vertex 222 168.46410161513776 19
      vertex 222.11967705693283 168.3921923846257 19
      vertex 222.033683215379 169.567727288213 19
    endloop
  endfacet
  facet normal 0 0 -1
    outer loop
      vertex 222.033683215379 0.4322727117869958 0
      vertex 222.033683215379 169.567727288213 0
      vertex 222.19185573394537 0.506029768504165 0
    endloop
  endfacet
  facet normal 0.4226182617407241 -0.9063077870366385 0
    outer loop
      vertex 222.033683215379 0.4322727117869958 0
      vertex 222.19185573394537 0.506029768504165 0
      vertex 222.033683215379 0.4322727117869958 19
    endloop
  endfacet
  facet normal 0.4226182617407241 -0.9063077870366385 0
    outer loop
      vertex 222.033683215379 0.4322727117869958 19
      vertex 222.19185573394537 0.506029768504165 0
      vertex 222.19185573394537 0.506029768504165 19
    endloop
  endfacet
  facet normal 0.4226182617407283 0.9063077870366366 0
    outer loop
      vertex 222.033683215379 169.567727288213 0
      vertex 222.033683215379 169.567727288213 19
      vertex 222.19185573394537 169.49397023149584 19
    endloop
  endfacet
  facet normal 0 0 -1
    outer loop
      vertex 222.033683215379 169.567727288213 0
      vertex 222.19185573394537 169.49397023149584 0
      vertex 222.19185573394537 0.506029768504165 0
    endloop
  endfacet
  facet normal 0.4226182617407283 0.9063077870366366 0
    outer loop
      vertex 222.033683215379 169.567727288213 0
      vertex 222.19185573394537 169.49397023149584 19
      vertex 222.19185573394537 169.49397023149584 0
    endloop
  endfacet
  facet normal 0 0 1
    outer loop
      vertex 222.033683215379 169.567727288213 19
      vertex 222.11967705693283 168.3921923846257 19
      vertex 222.19185573394537 169.49397023149584 19
    endloop
  endfacet
  facet normal -0.544639035015086 0.8386705679453857 0
    outer loop
      vertex 222.11967705693283 1.6078076153742962 13
      vertex 222.11967705693283 1.6078076153742962 19
      vertex 222.23677161388298 1.6838497097798335 13
    endloop
  endfacet
  facet normal 0 0 1
    outer loop
      vertex 222.11967705693283 1.6078076153742962 13
      vertex 222.23677161388298 1.6838497097798335 13
      vertex 222.11967705693283 168.3921923846257 13
    endloop
  endfacet
  facet normal 0 0 1
    outer loop
      vertex 222.11967705693283 1.6078076153742962 19
      vertex 222.19185573394537 0.506029768504165 19
      vertex 222.34735781392945 0.5852620357053651 19
    endloop
  endfacet
  facet normal -0.544639035015086 0.8386705679453857 0
    outer loop
      vertex 222.11967705693283 1.6078076153742962 19
      vertex 222.23677161388298 1.6838497097798335 19
      vertex 222.23677161388298 1.6838497097798335 13
    endloop
  endfacet
  facet normal 0 0 1
    outer loop
      vertex 222.11967705693283 1.6078076153742962 19
      vertex 222.34735781392945 0.5852620357053651 19
      vertex 222.23677161388298 1.6838497097798335 19
    endloop
  endfacet
  facet normal 0 0 1
    outer loop
      vertex 222.11967705693283 168.3921923846257 13
      vertex 222.23677161388298 1.6838497097798335 13
      vertex 222.23677161388298 168.31615029022018 13
    endloop
  endfacet
  facet normal -0.5446390350150122 -0.8386705679454336 0
    outer loop
      vertex 222.11967705693283 168.3921923846257 13
      vertex 222.23677161388298 168.31615029022018 13
      vertex 222.23677161388298 168.31615029022018 19
    endloop
  endfacet
  facet normal -0.5446390350150122 -0.8386705679454336 0
    outer loop
      vertex 222.11967705693283 168.3921923846257 13
      vertex 222.23677161388298 168.31615029022018 19
      vertex 222.11967705693283 168.3921923846257 19
    endloop
  endfacet
  facet normal 0 0 1
    outer loop
      vertex 222.11967705693283 168.3921923846257 19
      vertex 222.23677161388298 168.31615029022018 19
      vertex 222.19185573394537 169.49397023149584 19
    endloop
  endfacet
  facet normal 0 0 -1
    outer loop
      vertex 222.19185573394537 0.506029768504165 0
      vertex 222.19185573394537 169.49397023149584 0
      vertex 222.34735781392945 0.5852620357053651 0
    endloop
  endfacet
  facet normal 0.4539904997395274 -0.8910065241883778 0
    outer loop
      vertex 222.19185573394537 0.506029768504165 0
      vertex 222.34735781392945 0.5852620357053651 0
      vertex 222.19185573394537 0.506029768504165 19
    endloop
  endfacet
  facet normal 0.4539904997395274 -0.8910065241883778 0
    outer loop
      vertex 222.19185573394537 0.506029768504165 19
      vertex 222.34735781392945 0.5852620357053651 0
      vertex 222.34735781392945 0.5852620357053651 19
    endloop
  endfacet
  facet normal 0.45399049973955563 0.8910065241883633 0
    outer loop
      vertex 222.19185573394537 169.49397023149584 0
      vertex 222.19185573394537 169.49397023149584 19
      vertex 222.34735781392945 169.41473796429463 19
    endloop
  endfacet
  facet normal 0 0 -1
    outer loop
      vertex 222.19185573394537 169.49397023149584 0
      vertex 222.34735781392945 169.41473796429463 0
      vertex 222.34735781392945 0.5852620357053651 0
    endloop
  endfacet
  facet normal 0.45399049973955563 0.8910065241883633 0
    outer loop
      vertex 222.19185573394537 169.49397023149584 0
      vertex 222.34735781392945 169.41473796429463 19
      vertex 222.34735781392945 169.41473796429463 0
    endloop
  endfacet
  facet normal 0 0 1
    outer loop
      vertex 222.19185573394537 169.49397023149584 19
      vertex 222.23677161388298 168.31615029022018 19
      vertex 222.34735781392945 169.41473796429463 19
    endloop
  endfacet
  facet normal -0.5735764363510616 0.8191520442889809 0
    outer loop
      vertex 222.23677161388298 1.6838497097798335 13
      vertex 222.23677161388298 1.6838497097798335 19
      vertex 222.35114100916988 1.7639320225002102 13
    endloop
  endfacet
  facet normal 0 0 1
    outer loop
      vertex 222.23677161388298 1.6838497097798335 13
      vertex 222.35114100916988 1.7639320225002102 13
      vertex 222.23677161388298 168.31615029022018 13
    endloop
  endfacet
  facet normal 0 0 1
    outer loop
      vertex 222.23677161388298 1.6838497097798335 19
      vertex 222.34735781392945 0.5852620357053651 19
      vertex 222.5 0.6698729810778072 19
    endloop
  endfacet
  facet normal -0.5735764363510616 0.8191520442889809 0
    outer loop
      vertex 222.23677161388298 1.6838497097798335 19
      vertex 222.35114100916988 1.7639320225002102 19
      vertex 222.35114100916988 1.7639320225002102 13
    endloop
  endfacet
  facet normal 0 0 1
    outer loop
      vertex 222.23677161388298 1.6838497097798335 19
      vertex 222.5 0.6698729810778072 19
      vertex 222.35114100916988 1.7639320225002102 19
    endloop
  endfacet
  facet normal 0 0 1
    outer loop
      vertex 222.23677161388298 168.31615029022018 13
      vertex 222.35114100916988 1.7639320225002102 13
      vertex 222.35114100916988 168.2360679774998 13
    endloop
  endfacet
  facet normal -0.5735764363510701 -0.8191520442889749 0
    outer loop
      vertex 222.23677161388298 168.31615029022018 13
      vertex 222.35114100916988 168.2360679774998 13
      vertex 222.35114100916988 168.2360679774998 19
    endloop
  endfacet
  facet normal -0.5735764363510701 -0.8191520442889749 0
    outer loop
      vertex 222.23677161388298 168.31615029022018 13
      vertex 222.35114100916988 168.2360679774998 19
      vertex 222.23677161388298 168.31615029022018 19
    endloop
  endfacet
  facet normal 0 0 1
    outer loop
      vertex 222.23677161388298 168.31615029022018 19
      vertex 222.35114100916988 168.2360679774998 19
      vertex 222.34735781392945 169.41473796429463 19
    endloop
  endfacet
  facet normal 0 0 -1
    outer loop
      vertex 222.34735781392945 0.5852620357053651 0
      vertex 222.34735781392945 169.41473796429463 0
      vertex 222.5 0.6698729810778072 0
    endloop
  endfacet
  facet normal 0.48480962024632795 -0.8746197071394008 0
    outer loop
      vertex 222.34735781392945 0.5852620357053651 0
      vertex 222.5 0.6698729810778072 0
      vertex 222.34735781392945 0.5852620357053651 19
    endloop
  endfacet
  facet normal 0.48480962024632795 -0.8746197071394008 0
    outer loop
      vertex 222.34735781392945 0.5852620357053651 19
      vertex 222.5 0.6698729810778072 0
      vertex 222.5 0.6698729810778072 19
    endloop
  endfacet
  facet normal 0.4848096202463474 0.87461970713939 0
    outer loop
      vertex 222.34735781392945 169.41473796429463 0
      vertex 222.34735781392945 169.41473796429463 19
      vertex 222.5 169.33012701892218 19
    endloop
  endfacet
  facet normal 0 0 -1
    outer loop
      vertex 222.34735781392945 169.41473796429463 0
      vertex 222.5 169.33012701892218 0
      vertex 222.5 0.6698729810778072 0
    endloop
  endfacet
  facet normal 0.4848096202463474 0.87461970713939 0
    outer loop
      vertex 222.34735781392945 169.41473796429463 0
      vertex 222.5 169.33012701892218 19
      vertex 222.5 169.33012701892218 0
    endloop
  endfacet
  facet normal 0 0 1
    outer loop
      vertex 222.34735781392945 169.41473796429463 19
      vertex 222.35114100916988 168.2360679774998 19
      vertex 222.5 169.33012701892218 19
    endloop
  endfacet
  facet normal -0.6018150231519931 0.7986355100473344 0
    outer loop
      vertex 222.35114100916988 1.7639320225002102 13
      vertex 222.35114100916988 1.7639320225002102 19
      vertex 222.46264590130264 1.8479569855731124 13
    endloop
  endfacet
  facet normal 0 0 1
    outer loop
      vertex 222.35114100916988 1.7639320225002102 13
      vertex 222.46264590130264 1.8479569855731124 13
      vertex 222.35114100916988 168.2360679774998 13
    endloop
  endfacet
  facet normal -0.6018150231519931 0.7986355100473344 0
    outer loop
      vertex 222.35114100916988 1.7639320225002102 19
      vertex 222.46264590130264 1.8479569855731124 19
      vertex 222.46264590130264 1.8479569855731124 13
    endloop
  endfacet
  facet normal 0 0 1
    outer loop
      vertex 222.35114100916988 1.7639320225002102 19
      vertex 222.5 0.6698729810778072 19
      vertex 222.46264590130264 1.8479569855731124 19
    endloop
  endfacet
  facet normal 0 0 1
    outer loop
      vertex 222.35114100916988 168.2360679774998 13
      vertex 222.46264590130264 1.8479569855731124 13
      vertex 222.46264590130264 168.15204301442688 13
    endloop
  endfacet
  facet normal -0.6018150231520764 -0.7986355100472717 0
    outer loop
      vertex 222.35114100916988 168.2360679774998 13
      vertex 222.46264590130264 168.15204301442688 13
      vertex 222.46264590130264 168.15204301442688 19
    endloop
  endfacet
  facet normal -0.6018150231520764 -0.7986355100472717 0
    outer loop
      vertex 222.35114100916988 168.2360679774998 13
      vertex 222.46264590130264 168.15204301442688 19
      vertex 222.35114100916988 168.2360679774998 19
    endloop
  endfacet
  facet normal 0 0 1
    outer loop
      vertex 222.35114100916988 168.2360679774998 19
      vertex 222.46264590130264 168.15204301442688 19
      vertex 222.5 169.33012701892218 19
    endloop
  endfacet
  facet normal -0.6293203910498926 0.7771459614569263 0
    outer loop
      vertex 222.46264590130264 1.8479569855731124 13
      vertex 222.46264590130264 1.8479569855731124 19
      vertex 222.57115043874614 1.935822227524088 13
    endloop
  endfacet
  facet normal 0 0 1
    outer loop
      vertex 222.46264590130264 1.8479569855731124 13
      vertex 222.57115043874614 1.935822227524088 13
      vertex 222.46264590130264 168.15204301442688 13
    endloop
  endfacet
  facet normal 0 0 1
    outer loop
      vertex 222.46264590130264 1.8479569855731124 19
      vertex 222.5 0.6698729810778072 19
      vertex 222.64959632116603 0.7597595192178703 19
    endloop
  endfacet
  facet normal -0.6293203910498926 0.7771459614569263 0
    outer loop
      vertex 222.46264590130264 1.8479569855731124 19
      vertex 222.57115043874614 1.935822227524088 19
      vertex 222.57115043874614 1.935822227524088 13
    endloop
  endfacet
  facet normal 0 0 1
    outer loop
      vertex 222.46264590130264 1.8479569855731124 19
      vertex 222.64959632116603 0.7597595192178703 19
      vertex 222.57115043874614 1.935822227524088 19
    endloop
  endfacet
  facet normal 0 0 1
    outer loop
      vertex 222.46264590130264 168.15204301442688 13
      vertex 222.57115043874614 1.935822227524088 13
      vertex 222.57115043874614 168.06417777247592 13
    endloop
  endfacet
  facet normal -0.6293203910498465 -0.7771459614569636 0
    outer loop
      vertex 222.46264590130264 168.15204301442688 13
      vertex 222.57115043874614 168.06417777247592 13
      vertex 222.57115043874614 168.06417777247592 19
    endloop
  endfacet
  facet normal -0.6293203910498465 -0.7771459614569636 0
    outer loop
      vertex 222.46264590130264 168.15204301442688 13
      vertex 222.57115043874614 168.06417777247592 19
      vertex 222.46264590130264 168.15204301442688 19
    endloop
  endfacet
  facet normal 0 0 1
    outer loop
      vertex 222.46264590130264 168.15204301442688 19
      vertex 222.57115043874614 168.06417777247592 19
      vertex 222.5 169.33012701892218 19
    endloop
  endfacet
  facet normal 0 0 -1
    outer loop
      vertex 222.5 0.6698729810778072 0
      vertex 222.5 169.33012701892218 0
      vertex 222.64959632116603 0.7597595192178703 0
    endloop
  endfacet
  facet normal 0.5150380749100408 -0.8571673007021205 0
    outer loop
      vertex 222.5 0.6698729810778072 0
      vertex 222.64959632116603 0.7597595192178703 0
      vertex 222.5 0.6698729810778072 19
    endloop
  endfacet
  facet normal 0.5150380749100408 -0.8571673007021205 0
    outer loop
      vertex 222.5 0.6698729810778072 19
      vertex 222.64959632116603 0.7597595192178703 0
      vertex 222.64959632116603 0.7597595192178703 19
    endloop
  endfacet
  facet normal 0.5150380749100445 0.8571673007021182 0
    outer loop
      vertex 222.5 169.33012701892218 0
      vertex 222.5 169.33012701892218 19
      vertex 222.64959632116603 169.24024048078212 19
    endloop
  endfacet
  facet normal 0 0 -1
    outer loop
      vertex 222.5 169.33012701892218 0
      vertex 222.64959632116603 169.24024048078212 0
      vertex 222.64959632116603 0.7597595192178703 0
    endloop
  endfacet
  facet normal 0.5150380749100445 0.8571673007021182 0
    outer loop
      vertex 222.5 169.33012701892218 0
      vertex 222.64959632116603 169.24024048078212 19
      vertex 222.64959632116603 169.24024048078212 0
    endloop
  endfacet
  facet normal 0 0 1
    outer loop
      vertex 222.5 169.33012701892218 19
      vertex 222.57115043874614 168.06417777247592 19
      vertex 222.64959632116603 169.24024048078212 19
    endloop
  endfacet
  facet normal -0.6560590289904991 0.7547095802227791 0
    outer loop
      vertex 222.57115043874614 1.935822227524088 13
      vertex 222.57115043874614 1.935822227524088 19
      vertex 222.67652242543542 2.027420698090423 13
    endloop
  endfacet
  facet normal 0 0 1
    outer loop
      vertex 222.57115043874614 1.935822227524088 13
      vertex 222.67652242543542 2.027420698090423 13
      vertex 222.57115043874614 168.06417777247592 13
    endloop
  endfacet
  facet normal 0 0 1
    outer loop
      vertex 222.57115043874614 1.935822227524088 19
      vertex 222.64959632116603 0.7597595192178703 19
      vertex 222.79596451735372 0.8548121372247923 19
    endloop
  endfacet
  facet normal -0.6560590289904991 0.7547095802227791 0
    outer loop
      vertex 222.57115043874614 1.935822227524088 19
      vertex 222.67652242543542 2.027420698090423 19
      vertex 222.67652242543542 2.027420698090423 13
    endloop
  endfacet
  facet normal 0 0 1
    outer loop
      vertex 222.57115043874614 1.935822227524088 19
      vertex 222.79596451735372 0.8548121372247923 19
      vertex 222.67652242543542 2.027420698090423 19
    endloop
  endfacet
  facet normal 0 0 1
    outer loop
      vertex 222.57115043874614 168.06417777247592 13
      vertex 222.67652242543542 2.027420698090423 13
      vertex 222.67652242543542 167.97257930190958 13
    endloop
  endfacet
  facet normal -0.6560590289905154 -0.7547095802227649 0
    outer loop
      vertex 222.57115043874614 168.06417777247592 13
      vertex 222.67652242543542 167.97257930190958 13
      vertex 222.67652242543542 167.97257930190958 19
    endloop
  endfacet
  facet normal -0.6560590289905154 -0.7547095802227649 0
    outer loop
      vertex 222.57115043874614 168.06417777247592 13
      vertex 222.67652242543542 167.97257930190958 19
      vertex 222.57115043874614 168.06417777247592 19
    endloop
  endfacet
  facet normal 0 0 1
    outer loop
      vertex 222.57115043874614 168.06417777247592 19
      vertex 222.67652242543542 167.97257930190958 19
      vertex 222.64959632116603 169.24024048078212 19
    endloop
  endfacet
  facet normal 0 0 -1
    outer loop
      vertex 222.64959632116603 0.7597595192178703 0
      vertex 222.64959632116603 169.24024048078212 0
      vertex 222.79596451735372 0.8548121372247923 0
    endloop
  endfacet
  facet normal 0.5446390350150688 -0.838670567945397 0
    outer loop
      vertex 222.64959632116603 0.7597595192178703 0
      vertex 222.79596451735372 0.8548121372247923 0
      vertex 222.64959632116603 0.7597595192178703 19
    endloop
  endfacet
  facet normal 0.5446390350150688 -0.838670567945397 0
    outer loop
      vertex 222.64959632116603 0.7597595192178703 19
      vertex 222.79596451735372 0.8548121372247923 0
      vertex 222.79596451735372 0.8548121372247923 19
    endloop
  endfacet
  facet normal 0.544639035015051 0.8386705679454085 0
    outer loop
      vertex 222.64959632116603 169.24024048078212 0
      vertex 222.64959632116603 169.24024048078212 19
      vertex 222.79596451735372 169.1451878627752 19
    endloop
  endfacet
  facet normal 0 0 -1
    outer loop
      vertex 222.64959632116603 169.24024048078212 0
      vertex 222.79596451735372 169.1451878627752 0
      vertex 222.79596451735372 0.8548121372247923 0
    endloop
  endfacet
  facet normal 0.544639035015051 0.8386705679454085 0
    outer loop
      vertex 222.64959632116603 169.24024048078212 0
      vertex 222.79596451735372 169.1451878627752 19
      vertex 222.79596451735372 169.1451878627752 0
    endloop
  endfacet
  facet normal 0 0 1
    outer loop
      vertex 222.64959632116603 169.24024048078212 19
      vertex 222.67652242543542 167.97257930190958 19
      vertex 222.79596451735372 169.1451878627752 19
    endloop
  endfacet
  facet normal -0.6819983600624859 0.7313537016191821 0
    outer loop
      vertex 222.67652242543542 2.027420698090423 13
      vertex 222.67652242543542 2.027420698090423 19
      vertex 222.77863348183598 2.1226407986453952 13
    endloop
  endfacet
  facet normal 0 0 1
    outer loop
      vertex 222.67652242543542 2.027420698090423 13
      vertex 222.77863348183598 2.1226407986453952 13
      vertex 222.67652242543542 167.97257930190958 13
    endloop
  endfacet
  facet normal -0.6819983600624859 0.7313537016191821 0
    outer loop
      vertex 222.67652242543542 2.027420698090423 19
      vertex 222.77863348183598 2.1226407986453952 19
      vertex 222.77863348183598 2.1226407986453952 13
    endloop
  endfacet
  facet normal 0 0 1
    outer loop
      vertex 222.67652242543542 2.027420698090423 19
      vertex 222.79596451735372 0.8548121372247923 19
      vertex 222.77863348183598 2.1226407986453952 19
    endloop
  endfacet
  facet normal 0 0 1
    outer loop
      vertex 222.67652242543542 167.97257930190958 13
      vertex 222.77863348183598 2.1226407986453952 13
      vertex 222.77863348183598 167.8773592013546 13
    endloop
  endfacet
  facet normal -0.6819983600624706 -0.7313537016191966 0
    outer loop
      vertex 222.67652242543542 167.97257930190958 13
      vertex 222.77863348183598 167.8773592013546 13
      vertex 222.77863348183598 167.8773592013546 19
    endloop
  endfacet
  facet normal -0.6819983600624706 -0.7313537016191966 0
    outer loop
      vertex 222.67652242543542 167.97257930190958 13
      vertex 222.77863348183598 167.8773592013546 19
      vertex 222.67652242543542 167.97257930190958 19
    endloop
  endfacet
  facet normal 0 0 1
    outer loop
      vertex 222.67652242543542 167.97257930190958 19
      vertex 222.77863348183598 167.8773592013546 19
      vertex 222.79596451735372 169.1451878627752 19
    endloop
  endfacet
  facet normal -0.7071067811865109 0.7071067811865841 0
    outer loop
      vertex 222.77863348183598 2.1226407986453952 13
      vertex 222.77863348183598 2.1226407986453952 19
      vertex 222.8773592013546 2.221366518164011 13
    endloop
  endfacet
  facet normal 0 0 1
    outer loop
      vertex 222.77863348183598 2.1226407986453952 13
      vertex 222.8773592013546 2.221366518164011 13
      vertex 222.77863348183598 167.8773592013546 13
    endloop
  endfacet
  facet normal 0 0 1
    outer loop
      vertex 222.77863348183598 2.1226407986453952 19
      vertex 222.79596451735372 0.8548121372247923 19
      vertex 222.93892626146237 0.9549150281252627 19
    endloop
  endfacet
  facet normal -0.7071067811865109 0.7071067811865841 0
    outer loop
      vertex 222.77863348183598 2.1226407986453952 19
      vertex 222.8773592013546 2.221366518164011 19
      vertex 222.8773592013546 2.221366518164011 13
    endloop
  endfacet
  facet normal 0 0 1
    outer loop
      vertex 222.77863348183598 2.1226407986453952 19
      vertex 222.93892626146237 0.9549150281252627 19
      vertex 222.8773592013546 2.221366518164011 19
    endloop
  endfacet
  facet normal 0 0 1
    outer loop
      vertex 222.77863348183598 167.8773592013546 13
      vertex 222.8773592013546 2.221366518164011 13
      vertex 222.8773592013546 167.77863348183598 13
    endloop
  endfacet
  facet normal -0.7071067811865476 -0.7071067811865476 0
    outer loop
      vertex 222.77863348183598 167.8773592013546 13
      vertex 222.8773592013546 167.77863348183598 13
      vertex 222.8773592013546 167.77863348183598 19
    endloop
  endfacet
  facet normal -0.7071067811865476 -0.7071067811865476 0
    outer loop
      vertex 222.77863348183598 167.8773592013546 13
      vertex 222.8773592013546 167.77863348183598 19
      vertex 222.77863348183598 167.8773592013546 19
    endloop
  endfacet
  facet normal 0 0 1
    outer loop
      vertex 222.77863348183598 167.8773592013546 19
      vertex 222.8773592013546 167.77863348183598 19
      vertex 222.79596451735372 169.1451878627752 19
    endloop
  endfacet
  facet normal 0 0 -1
    outer loop
      vertex 222.79596451735372 0.8548121372247923 0
      vertex 222.79596451735372 169.1451878627752 0
      vertex 222.93892626146237 0.9549150281252627 0
    endloop
  endfacet
  facet normal 0.5735764363510025 -0.8191520442890223 0
    outer loop
      vertex 222.79596451735372 0.8548121372247923 0
      vertex 222.93892626146237 0.9549150281252627 0
      vertex 222.79596451735372 0.8548121372247923 19
    endloop
  endfacet
  facet normal 0.5735764363510025 -0.8191520442890223 0
    outer loop
      vertex 222.79596451735372 0.8548121372247923 19
      vertex 222.93892626146237 0.9549150281252627 0
      vertex 222.93892626146237 0.9549150281252627 19
    endloop
  endfacet
  facet normal 0.5735764363510127 0.8191520442890151 0
    outer loop
      vertex 222.79596451735372 169.1451878627752 0
      vertex 222.79596451735372 169.1451878627752 19
      vertex 222.93892626146237 169.04508497187473 19
    endloop
  endfacet
  facet normal 0 0 -1
    outer loop
      vertex 222.79596451735372 169.1451878627752 0
      vertex 222.93892626146237 169.04508497187473 0
      vertex 222.93892626146237 0.9549150281252627 0
    endloop
  endfacet
  facet normal 0.5735764363510127 0.8191520442890151 0
    outer loop
      vertex 222.79596451735372 169.1451878627752 0
      vertex 222.93892626146237 169.04508497187473 19
      vertex 222.93892626146237 169.04508497187473 0
    endloop
  endfacet
  facet normal 0 0 1
    outer loop
      vertex 222.79596451735372 169.1451878627752 19
      vertex 222.8773592013546 167.77863348183598 19
      vertex 222.93892626146237 169.04508497187473 19
    endloop
  endfacet
  facet normal -0.7313537016191847 0.6819983600624833 0
    outer loop
      vertex 222.8773592013546 2.221366518164011 13
      vertex 222.8773592013546 2.221366518164011 19
      vertex 222.97257930190958 2.323477574564567 13
    endloop
  endfacet
  facet normal 0 0 1
    outer loop
      vertex 222.8773592013546 2.221366518164011 13
      vertex 222.97257930190958 2.323477574564567 13
      vertex 222.8773592013546 167.77863348183598 13
    endloop
  endfacet
  facet normal 0 0 1
    outer loop
      vertex 222.8773592013546 2.221366518164011 19
      vertex 222.93892626146237 0.9549150281252627 19
      vertex 223.0783073766283 1.0599462319663906 19
    endloop
  endfacet
  facet normal -0.7313537016191847 0.6819983600624833 0
    outer loop
      vertex 222.8773592013546 2.221366518164011 19
      vertex 222.97257930190958 2.323477574564567 19
      vertex 222.97257930190958 2.323477574564567 13
    endloop
  endfacet
  facet normal 0 0 1
    outer loop
      vertex 222.8773592013546 2.221366518164011 19
      vertex 223.0783073766283 1.0599462319663906 19
      vertex 222.97257930190958 2.323477574564567 19
    endloop
  endfacet
  facet normal 0 0 1
    outer loop
      vertex 222.8773592013546 167.77863348183598 13
      vertex 222.97257930190958 2.323477574564567 13
      vertex 222.97257930190958 167.67652242543542 13
    endloop
  endfacet
  facet normal -0.7313537016191966 -0.6819983600624706 0
    outer loop
      vertex 222.8773592013546 167.77863348183598 13
      vertex 222.97257930190958 167.67652242543542 13
      vertex 222.97257930190958 167.67652242543542 19
    endloop
  endfacet
  facet normal -0.7313537016191966 -0.6819983600624706 0
    outer loop
      vertex 222.8773592013546 167.77863348183598 13
      vertex 222.97257930190958 167.67652242543542 19
      vertex 222.8773592013546 167.77863348183598 19
    endloop
  endfacet
  facet normal 0 0 1
    outer loop
      vertex 222.8773592013546 167.77863348183598 19
      vertex 222.97257930190958 167.67652242543542 19
      vertex 222.93892626146237 169.04508497187473 19
    endloop
  endfacet
  facet normal 0 0 -1
    outer loop
      vertex 222.93892626146237 0.9549150281252627 0
      vertex 222.93892626146237 169.04508497187473 0
      vertex 223.0783073766283 1.0599462319663906 0
    endloop
  endfacet
  facet normal 0.6018150231520718 -0.7986355100472751 0
    outer loop
      vertex 222.93892626146237 0.9549150281252627 0
      vertex 223.0783073766283 1.0599462319663906 0
      vertex 222.93892626146237 0.9549150281252627 19
    endloop
  endfacet
  facet normal 0.6018150231520718 -0.7986355100472751 0
    outer loop
      vertex 222.93892626146237 0.9549150281252627 19
      vertex 223.0783073766283 1.0599462319663906 0
      vertex 223.0783073766283 1.0599462319663906 19
    endloop
  endfacet
  facet normal 0.6018150231520507 0.798635510047291 0
    outer loop
      vertex 222.93892626146237 169.04508497187473 0
      vertex 222.93892626146237 169.04508497187473 19
      vertex 223.0783073766283 168.9400537680336 19
    endloop
  endfacet
  facet normal 0 0 -1
    outer loop
      vertex 222.93892626146237 169.04508497187473 0
      vertex 223.0783073766283 168.9400537680336 0
      vertex 223.0783073766283 1.0599462319663906 0
    endloop
  endfacet
  facet normal 0.6018150231520507 0.798635510047291 0
    outer loop
      vertex 222.93892626146237 169.04508497187473 0
      vertex 223.0783073766283 168.9400537680336 19
      vertex 223.0783073766283 168.9400537680336 0
    endloop
  endfacet
  facet normal 0 0 1
    outer loop
      vertex 222.93892626146237 169.04508497187473 19
      vertex 222.97257930190958 167.67652242543542 19
      vertex 223.0783073766283 168.9400537680336 19
    endloop
  endfacet
  facet normal -0.7547095802227595 0.6560590289905217 0
    outer loop
      vertex 222.97257930190958 2.323477574564567 13
      vertex 222.97257930190958 2.323477574564567 19
      vertex 223.06417777247592 2.428849561253843 13
    endloop
  endfacet
  facet normal 0 0 1
    outer loop
      vertex 222.97257930190958 2.323477574564567 13
      vertex 223.06417777247592 2.428849561253843 13
      vertex 222.97257930190958 167.67652242543542 13
    endloop
  endfacet
  facet normal -0.7547095802227595 0.6560590289905217 0
    outer loop
      vertex 222.97257930190958 2.323477574564567 19
      vertex 223.06417777247592 2.428849561253843 19
      vertex 223.06417777247592 2.428849561253843 13
    endloop
  endfacet
  facet normal 0 0 1
    outer loop
      vertex 222.97257930190958 2.323477574564567 19
      vertex 223.0783073766283 1.0599462319663906 19
      vertex 223.06417777247592 2.428849561253843 19
    endloop
  endfacet
  facet normal 0 0 1
    outer loop
      vertex 222.97257930190958 167.67652242543542 13
      vertex 223.06417777247592 2.428849561253843 13
      vertex 223.06417777247592 167.57115043874614 13
    endloop
  endfacet
  facet normal -0.7547095802227649 -0.6560590289905154 0
    outer loop
      vertex 222.97257930190958 167.67652242543542 13
      vertex 223.06417777247592 167.57115043874614 13
      vertex 223.06417777247592 167.57115043874614 19
    endloop
  endfacet
  facet normal -0.7547095802227649 -0.6560590289905154 0
    outer loop
      vertex 222.97257930190958 167.67652242543542 13
      vertex 223.06417777247592 167.57115043874614 19
      vertex 222.97257930190958 167.67652242543542 19
    endloop
  endfacet
  facet normal 0 0 1
    outer loop
      vertex 222.97257930190958 167.67652242543542 19
      vertex 223.06417777247592 167.57115043874614 19
      vertex 223.0783073766283 168.9400537680336 19
    endloop
  endfacet
  facet normal -0.7771459614570077 0.629320391049792 0
    outer loop
      vertex 223.06417777247592 2.428849561253843 13
      vertex 223.06417777247592 2.428849561253843 19
      vertex 223.15204301442688 2.537354098697367 13
    endloop
  endfacet
  facet normal 0 0 1
    outer loop
      vertex 223.06417777247592 2.428849561253843 13
      vertex 223.15204301442688 2.537354098697367 13
      vertex 223.06417777247592 167.57115043874614 13
    endloop
  endfacet
  facet normal 0 0 1
    outer loop
      vertex 223.06417777247592 2.428849561253843 19
      vertex 223.0783073766283 1.0599462319663906 19
      vertex 223.2139380484327 1.16977778440511 19
    endloop
  endfacet
  facet normal -0.7771459614570077 0.629320391049792 0
    outer loop
      vertex 223.06417777247592 2.428849561253843 19
      vertex 223.15204301442688 2.537354098697367 19
      vertex 223.15204301442688 2.537354098697367 13
    endloop
  endfacet
  facet normal 0 0 1
    outer loop
      vertex 223.06417777247592 2.428849561253843 19
      vertex 223.2139380484327 1.16977778440511 19
      vertex 223.15204301442688 2.537354098697367 19
    endloop
  endfacet
  facet normal 0 0 1
    outer loop
      vertex 223.06417777247592 167.57115043874614 13
      vertex 223.15204301442688 2.537354098697367 13
      vertex 223.15204301442688 167.46264590130264 13
    endloop
  endfacet
  facet normal -0.7771459614569636 -0.6293203910498465 0
    outer loop
      vertex 223.06417777247592 167.57115043874614 13
      vertex 223.15204301442688 167.46264590130264 13
      vertex 223.15204301442688 167.46264590130264 19
    endloop
  endfacet
  facet normal -0.7771459614569636 -0.6293203910498465 0
    outer loop
      vertex 223.06417777247592 167.57115043874614 13
      vertex 223.15204301442688 167.46264590130264 19
      vertex 223.06417777247592 167.57115043874614 19
    endloop
  endfacet
  facet normal 0 0 1
    outer loop
      vertex 223.06417777247592 167.57115043874614 19
      vertex 223.15204301442688 167.46264590130264 19
      vertex 223.0783073766283 168.9400537680336 19
    endloop
  endfacet
  facet normal 0 0 -1
    outer loop
      vertex 223.0783073766283 1.0599462319663906 0
      vertex 223.0783073766283 168.9400537680336 0
      vertex 223.2139380484327 1.16977778440511 0
    endloop
  endfacet
  facet normal 0.629320391049793 -0.7771459614570069 0
    outer loop
      vertex 223.0783073766283 1.0599462319663906 0
      vertex 223.2139380484327 1.16977778440511 0
      vertex 223.0783073766283 1.0599462319663906 19
    endloop
  endfacet
  facet normal 0.629320391049793 -0.7771459614570069 0
    outer loop
      vertex 223.0783073766283 1.0599462319663906 19
      vertex 223.2139380484327 1.16977778440511 0
      vertex 223.2139380484327 1.16977778440511 19
    endloop
  endfacet
  facet normal 0.6293203910497961 0.7771459614570043 0
    outer loop
      vertex 223.0783073766283 168.9400537680336 0
      vertex 223.0783073766283 168.9400537680336 19
      vertex 223.2139380484327 168.8302222155949 19
    endloop
  endfacet
  facet normal 0 0 -1
    outer loop
      vertex 223.0783073766283 168.9400537680336 0
      vertex 223.2139380484327 168.8302222155949 0
      vertex 223.2139380484327 1.16977778440511 0
    endloop
  endfacet
  facet normal 0.6293203910497961 0.7771459614570043 0
    outer loop
      vertex 223.0783073766283 168.9400537680336 0
      vertex 223.2139380484327 168.8302222155949 19
      vertex 223.2139380484327 168.8302222155949 0
    endloop
  endfacet
  facet normal 0 0 1
    outer loop
      vertex 223.0783073766283 168.9400537680336 19
      vertex 223.15204301442688 167.46264590130264 19
      vertex 223.2139380484327 168.8302222155949 19
    endloop
  endfacet
  facet normal -0.7986355100472291 0.6018150231521329 0
    outer loop
      vertex 223.15204301442688 2.537354098697367 13
      vertex 223.15204301442688 2.537354098697367 19
      vertex 223.2360679774998 2.6488589908301075 13
    endloop
  endfacet
  facet normal 0 0 1
    outer loop
      vertex 223.15204301442688 2.537354098697367 13
      vertex 223.2360679774998 2.6488589908301075 13
      vertex 223.15204301442688 167.46264590130264 13
    endloop
  endfacet
  facet normal 0 0 1
    outer loop
      vertex 223.15204301442688 2.537354098697367 19
      vertex 223.2139380484327 1.16977778440511 19
      vertex 223.34565303179428 1.284275872613029 19
    endloop
  endfacet
  facet normal -0.7986355100472291 0.6018150231521329 0
    outer loop
      vertex 223.15204301442688 2.537354098697367 19
      vertex 223.2360679774998 2.6488589908301075 19
      vertex 223.2360679774998 2.6488589908301075 13
    endloop
  endfacet
  facet normal 0 0 1
    outer loop
      vertex 223.15204301442688 2.537354098697367 19
      vertex 223.34565303179428 1.284275872613029 19
      vertex 223.2360679774998 2.6488589908301075 19
    endloop
  endfacet
  facet normal 0 0 1
    outer loop
      vertex 223.15204301442688 167.46264590130264 13
      vertex 223.2360679774998 2.6488589908301075 13
      vertex 223.2360679774998 167.35114100916988 13
    endloop
  endfacet
  facet normal -0.7986355100472717 -0.6018150231520764 0
    outer loop
      vertex 223.15204301442688 167.46264590130264 13
      vertex 223.2360679774998 167.35114100916988 13
      vertex 223.2360679774998 167.35114100916988 19
    endloop
  endfacet
  facet normal -0.7986355100472717 -0.6018150231520764 0
    outer loop
      vertex 223.15204301442688 167.46264590130264 13
      vertex 223.2360679774998 167.35114100916988 19
      vertex 223.15204301442688 167.46264590130264 19
    endloop
  endfacet
  facet normal 0 0 1
    outer loop
      vertex 223.15204301442688 167.46264590130264 19
      vertex 223.2360679774998 167.35114100916988 19
      vertex 223.2139380484327 168.8302222155949 19
    endloop
  endfacet
  facet normal 0 0 -1
    outer loop
      vertex 223.2139380484327 1.16977778440511 0
      vertex 223.2139380484327 168.8302222155949 0
      vertex 223.34565303179428 1.284275872613029 0
    endloop
  endfacet
  facet normal 0.6560590289905599 -0.7547095802227263 0
    outer loop
      vertex 223.2139380484327 1.16977778440511 0
      vertex 223.34565303179428 1.284275872613029 0
      vertex 223.2139380484327 1.16977778440511 19
    endloop
  endfacet
  facet normal 0.6560590289905599 -0.7547095802227263 0
    outer loop
      vertex 223.2139380484327 1.16977778440511 19
      vertex 223.34565303179428 1.284275872613029 0
      vertex 223.34565303179428 1.284275872613029 19
    endloop
  endfacet
  facet normal 0.6560590289905295 0.7547095802227527 0
    outer loop
      vertex 223.2139380484327 168.8302222155949 0
      vertex 223.2139380484327 168.8302222155949 19
      vertex 223.34565303179428 168.71572412738698 19
    endloop
  endfacet
  facet normal 0 0 -1
    outer loop
      vertex 223.2139380484327 168.8302222155949 0
      vertex 223.34565303179428 168.71572412738698 0
      vertex 223.34565303179428 1.284275872613029 0
    endloop
  endfacet
  facet normal 0.6560590289905295 0.7547095802227527 0
    outer loop
      vertex 223.2139380484327 168.8302222155949 0
      vertex 223.34565303179428 168.71572412738698 19
      vertex 223.34565303179428 168.71572412738698 0
    endloop
  endfacet
  facet normal 0 0 1
    outer loop
      vertex 223.2139380484327 168.8302222155949 19
      vertex 223.2360679774998 167.35114100916988 19
      vertex 223.34565303179428 168.71572412738698 19
    endloop
  endfacet
  facet normal -0.8191520442889865 0.5735764363510537 0
    outer loop
      vertex 223.2360679774998 2.6488589908301075 13
      vertex 223.2360679774998 2.6488589908301075 19
      vertex 223.31615029022018 2.7632283861170124 13
    endloop
  endfacet
  facet normal 0 0 1
    outer loop
      vertex 223.2360679774998 2.6488589908301075 13
      vertex 223.31615029022018 2.7632283861170124 13
      vertex 223.2360679774998 167.35114100916988 13
    endloop
  endfacet
  facet normal -0.8191520442889865 0.5735764363510537 0
    outer loop
      vertex 223.2360679774998 2.6488589908301075 19
      vertex 223.31615029022018 2.7632283861170124 19
      vertex 223.31615029022018 2.7632283861170124 13
    endloop
  endfacet
  facet normal 0 0 1
    outer loop
      vertex 223.2360679774998 2.6488589908301075 19
      vertex 223.34565303179428 1.284275872613029 19
      vertex 223.31615029022018 2.7632283861170124 19
    endloop
  endfacet
  facet normal 0 0 1
    outer loop
      vertex 223.2360679774998 167.35114100916988 13
      vertex 223.31615029022018 2.7632283861170124 13
      vertex 223.31615029022018 167.23677161388298 13
    endloop
  endfacet
  facet normal -0.8191520442889749 -0.5735764363510701 0
    outer loop
      vertex 223.2360679774998 167.35114100916988 13
      vertex 223.31615029022018 167.23677161388298 13
      vertex 223.31615029022018 167.23677161388298 19
    endloop
  endfacet
  facet normal -0.8191520442889749 -0.5735764363510701 0
    outer loop
      vertex 223.2360679774998 167.35114100916988 13
      vertex 223.31615029022018 167.23677161388298 19
      vertex 223.2360679774998 167.35114100916988 19
    endloop
  endfacet
  facet normal 0 0 1
    outer loop
      vertex 223.2360679774998 167.35114100916988 19
      vertex 223.31615029022018 167.23677161388298 19
      vertex 223.34565303179428 168.71572412738698 19
    endloop
  endfacet
  facet normal -0.8386705679454723 0.5446390350149527 0
    outer loop
      vertex 223.31615029022018 2.7632283861170124 13
      vertex 223.31615029022018 2.7632283861170124 19
      vertex 223.3921923846257 2.8803229430671804 13
    endloop
  endfacet
  facet normal 0 0 1
    outer loop
      vertex 223.31615029022018 2.7632283861170124 13
      vertex 223.3921923846257 2.8803229430671804 13
      vertex 223.31615029022018 167.23677161388298 13
    endloop
  endfacet
  facet normal 0 0 1
    outer loop
      vertex 223.31615029022018 2.7632283861170124 19
      vertex 223.34565303179428 1.284275872613029 19
      vertex 223.47329185229498 1.4033009983067442 19
    endloop
  endfacet
  facet normal -0.8386705679454723 0.5446390350149527 0
    outer loop
      vertex 223.31615029022018 2.7632283861170124 19
      vertex 223.3921923846257 2.8803229430671804 19
      vertex 223.3921923846257 2.8803229430671804 13
    endloop
  endfacet
  facet normal 0 0 1
    outer loop
      vertex 223.31615029022018 2.7632283861170124 19
      vertex 223.47329185229498 1.4033009983067442 19
      vertex 223.3921923846257 2.8803229430671804 19
    endloop
  endfacet
  facet normal 0 0 1
    outer loop
      vertex 223.31615029022018 167.23677161388298 13
      vertex 223.3921923846257 2.8803229430671804 13
      vertex 223.3921923846257 167.11967705693283 13
    endloop
  endfacet
  facet normal -0.8386705679454336 -0.5446390350150122 0
    outer loop
      vertex 223.31615029022018 167.23677161388298 13
      vertex 223.3921923846257 167.11967705693283 13
      vertex 223.3921923846257 167.11967705693283 19
    endloop
  endfacet
  facet normal -0.8386705679454336 -0.5446390350150122 0
    outer loop
      vertex 223.31615029022018 167.23677161388298 13
      vertex 223.3921923846257 167.11967705693283 19
      vertex 223.31615029022018 167.23677161388298 19
    endloop
  endfacet
  facet normal 0 0 1
    outer loop
      vertex 223.31615029022018 167.23677161388298 19
      vertex 223.3921923846257 167.11967705693283 19
      vertex 223.34565303179428 168.71572412738698 19
    endloop
  endfacet
  facet normal 0 0 -1
    outer loop
      vertex 223.34565303179428 1.284275872613029 0
      vertex 223.34565303179428 168.71572412738698 0
      vertex 223.47329185229498 1.4033009983067442 0
    endloop
  endfacet
  facet normal 0.6819983600625059 -0.7313537016191636 0
    outer loop
      vertex 223.34565303179428 1.284275872613029 0
      vertex 223.47329185229498 1.4033009983067442 0
      vertex 223.34565303179428 1.284275872613029 19
    endloop
  endfacet
  facet normal 0.6819983600625059 -0.7313537016191636 0
    outer loop
      vertex 223.34565303179428 1.284275872613029 19
      vertex 223.47329185229498 1.4033009983067442 0
      vertex 223.47329185229498 1.4033009983067442 19
    endloop
  endfacet
  facet normal 0.6819983600625346 0.7313537016191369 0
    outer loop
      vertex 223.34565303179428 168.71572412738698 0
      vertex 223.34565303179428 168.71572412738698 19
      vertex 223.47329185229498 168.59669900169325 19
    endloop
  endfacet
  facet normal 0 0 -1
    outer loop
      vertex 223.34565303179428 168.71572412738698 0
      vertex 223.47329185229498 168.59669900169325 0
      vertex 223.47329185229498 1.4033009983067442 0
    endloop
  endfacet
  facet normal 0.6819983600625346 0.7313537016191369 0
    outer loop
      vertex 223.34565303179428 168.71572412738698 0
      vertex 223.47329185229498 168.59669900169325 19
      vertex 223.47329185229498 168.59669900169325 0
    endloop
  endfacet
  facet normal 0 0 1
    outer loop
      vertex 223.34565303179428 168.71572412738698 19
      vertex 223.3921923846257 167.11967705693283 19
      vertex 223.47329185229498 168.59669900169325 19
    endloop
  endfacet
  facet normal -0.8571673007020745 0.5150380749101172 0
    outer loop
      vertex 223.3921923846257 2.8803229430671804 13
      vertex 223.3921923846257 2.8803229430671804 19
      vertex 223.46410161513776 3 13
    endloop
  endfacet
  facet normal 0 0 1
    outer loop
      vertex 223.3921923846257 2.8803229430671804 13
      vertex 223.46410161513776 3 13
      vertex 223.3921923846257 167.11967705693283 13
    endloop
  endfacet
  facet normal -0.8571673007020745 0.5150380749101172 0
    outer loop
      vertex 223.3921923846257 2.8803229430671804 19
      vertex 223.46410161513776 3 19
      vertex 223.46410161513776 3 13
    endloop
  endfacet
  facet normal 0 0 1
    outer loop
      vertex 223.3921923846257 2.8803229430671804 19
      vertex 223.47329185229498 1.4033009983067442 19
      vertex 223.46410161513776 3 19
    endloop
  endfacet
  facet normal 0 0 1
    outer loop
      vertex 223.3921923846257 167.11967705693283 13
      vertex 223.46410161513776 3 13
      vertex 223.46410161513776 167 13
    endloop
  endfacet
  facet normal -0.857167300702093 -0.5150380749100864 0
    outer loop
      vertex 223.3921923846257 167.11967705693283 13
      vertex 223.46410161513776 167 13
      vertex 223.46410161513776 167 19
    endloop
  endfacet
  facet normal -0.857167300702093 -0.5150380749100864 0
    outer loop
      vertex 223.3921923846257 167.11967705693283 13
      vertex 223.46410161513776 167 19
      vertex 223.3921923846257 167.11967705693283 19
    endloop
  endfacet
  facet normal 0 0 1
    outer loop
      vertex 223.3921923846257 167.11967705693283 19
      vertex 223.46410161513776 167 19
      vertex 223.47329185229498 168.59669900169325 19
    endloop
  endfacet
  facet normal -0.8746197071394352 0.4848096202462658 0
    outer loop
      vertex 223.46410161513776 3 13
      vertex 223.46410161513776 3 19
      vertex 223.5317903714357 3.122113748856437 13
    endloop
  endfacet
  facet normal 0 0 1
    outer loop
      vertex 223.46410161513776 3 13
      vertex 223.5317903714357 3.122113748856437 13
      vertex 223.46410161513776 167 13
    endloop
  endfacet
  facet normal 0 0 1
    outer loop
      vertex 223.46410161513776 3 19
      vertex 223.47329185229498 1.4033009983067442 19
      vertex 223.59669900169325 1.5267081477050137 19
    endloop
  endfacet
  facet normal -0.8746197071394352 0.4848096202462658 0
    outer loop
      vertex 223.46410161513776 3 19
      vertex 223.5317903714357 3.122113748856437 19
      vertex 223.5317903714357 3.122113748856437 13
    endloop
  endfacet
  facet normal 0 0 1
    outer loop
      vertex 223.46410161513776 3 19
      vertex 223.59669900169325 1.5267081477050137 19
      vertex 223.5317903714357 3.122113748856437 19
    endloop
  endfacet
  facet normal 0 0 1
    outer loop
      vertex 223.46410161513776 167 13
      vertex 223.5317903714357 3.122113748856437 13
      vertex 223.5317903714357 166.87788625114356 13
    endloop
  endfacet
  facet normal -0.8746197071394322 -0.4848096202462712 0
    outer loop
      vertex 223.46410161513776 167 13
      vertex 223.5317903714357 166.87788625114356 13
      vertex 223.5317903714357 166.87788625114356 19
    endloop
  endfacet
  facet normal -0.8746197071394322 -0.4848096202462712 0
    outer loop
      vertex 223.46410161513776 167 13
      vertex 223.5317903714357 166.87788625114356 19
      vertex 223.46410161513776 167 19
    endloop
  endfacet
  facet normal 0 0 1
    outer loop
      vertex 223.46410161513776 167 19
      vertex 223.5317903714357 166.87788625114356 19
      vertex 223.47329185229498 168.59669900169325 19
    endloop
  endfacet
  facet normal 0 0 -1
    outer loop
      vertex 223.47329185229498 1.4033009983067442 0
      vertex 223.47329185229498 168.59669900169325 0
      vertex 223.59669900169325 1.5267081477050137 0
    endloop
  endfacet
  facet normal 0.707106781186531 -0.7071067811865641 0
    outer loop
      vertex 223.47329185229498 1.4033009983067442 0
      vertex 223.59669900169325 1.5267081477050137 0
      vertex 223.47329185229498 1.4033009983067442 19
    endloop
  endfacet
  facet normal 0.707106781186531 -0.7071067811865641 0
    outer loop
      vertex 223.47329185229498 1.4033009983067442 19
      vertex 223.59669900169325 1.5267081477050137 0
      vertex 223.59669900169325 1.5267081477050137 19
    endloop
  endfacet
  facet normal 0.7071067811865476 0.7071067811865476 0
    outer loop
      vertex 223.47329185229498 168.59669900169325 0
      vertex 223.47329185229498 168.59669900169325 19
      vertex 223.59669900169325 168.47329185229498 19
    endloop
  endfacet
  facet normal 0 0 -1
    outer loop
      vertex 223.47329185229498 168.59669900169325 0
      vertex 223.59669900169325 168.47329185229498 0
      vertex 223.59669900169325 1.5267081477050137 0
    endloop
  endfacet
  facet normal 0.7071067811865476 0.7071067811865476 0
    outer loop
      vertex 223.47329185229498 168.59669900169325 0
      vertex 223.59669900169325 168.47329185229498 19
      vertex 223.59669900169325 168.47329185229498 0
    endloop
  endfacet
  facet normal 0 0 1
    outer loop
      vertex 223.47329185229498 168.59669900169325 19
      vertex 223.5317903714357 166.87788625114356 19
      vertex 223.59669900169325 168.47329185229498 19
    endloop
  endfacet
  facet normal -0.8910065241883705 0.45399049973954186 0
    outer loop
      vertex 223.5317903714357 3.122113748856437 13
      vertex 223.5317903714357 3.122113748856437 19
      vertex 223.59517618519666 3.2465154128436904 13
    endloop
  endfacet
  facet normal 0 0 1
    outer loop
      vertex 223.5317903714357 3.122113748856437 13
      vertex 223.59517618519666 3.2465154128436904 13
      vertex 223.5317903714357 166.87788625114356 13
    endloop
  endfacet
  facet normal -0.8910065241883705 0.45399049973954186 0
    outer loop
      vertex 223.5317903714357 3.122113748856437 19
      vertex 223.59517618519666 3.2465154128436904 19
      vertex 223.59517618519666 3.2465154128436904 13
    endloop
  endfacet
  facet normal 0 0 1
    outer loop
      vertex 223.5317903714357 3.122113748856437 19
      vertex 223.59669900169325 1.5267081477050137 19
      vertex 223.59517618519666 3.2465154128436904 19
    endloop
  endfacet
  facet normal 0 0 1
    outer loop
      vertex 223.5317903714357 166.87788625114356 13
      vertex 223.59517618519666 3.2465154128436904 13
      vertex 223.59517618519666 166.75348458715632 13
    endloop
  endfacet
  facet normal -0.8910065241883547 -0.45399049973957273 0
    outer loop
      vertex 223.5317903714357 166.87788625114356 13
      vertex 223.59517618519666 166.75348458715632 13
      vertex 223.59517618519666 166.75348458715632 19
    endloop
  endfacet
  facet normal -0.8910065241883547 -0.45399049973957273 0
    outer loop
      vertex 223.5317903714357 166.87788625114356 13
      vertex 223.59517618519666 166.75348458715632 19
      vertex 223.5317903714357 166.87788625114356 19
    endloop
  endfacet
  facet normal 0 0 1
    outer loop
      vertex 223.5317903714357 166.87788625114356 19
      vertex 223.59517618519666 166.75348458715632 19
      vertex 223.59669900169325 168.47329185229498 19
    endloop
  endfacet
  facet normal -0.9063077870366644 0.4226182617406685 0
    outer loop
      vertex 223.59517618519666 3.2465154128436904 13
      vertex 223.59517618519666 3.2465154128436904 19
      vertex 223.6541818305704 3.3730534276967994 13
    endloop
  endfacet
  facet normal 0 0 1
    outer loop
      vertex 223.59517618519666 3.2465154128436904 13
      vertex 223.6541818305704 3.3730534276967994 13
      vertex 223.59517618519666 166.75348458715632 13
    endloop
  endfacet
  facet normal 0 0 1
    outer loop
      vertex 223.59517618519666 3.2465154128436904 19
      vertex 223.59669900169325 1.5267081477050137 19
      vertex 223.71572412738698 1.6543469682057088 19
    endloop
  endfacet
  facet normal -0.9063077870366644 0.4226182617406685 0
    outer loop
      vertex 223.59517618519666 3.2465154128436904 19
      vertex 223.6541818305704 3.3730534276967994 19
      vertex 223.6541818305704 3.3730534276967994 13
    endloop
  endfacet
  facet normal 0 0 1
    outer loop
      vertex 223.59517618519666 3.2465154128436904 19
      vertex 223.71572412738698 1.6543469682057088 19
      vertex 223.6541818305704 3.3730534276967994 19
    endloop
  endfacet
  facet normal 0 0 1
    outer loop
      vertex 223.59517618519666 166.75348458715632 13
      vertex 223.6541818305704 3.3730534276967994 13
      vertex 223.6541818305704 166.6269465723032 13
    endloop
  endfacet
  facet normal -0.9063077870366667 -0.42261826174066364 0
    outer loop
      vertex 223.59517618519666 166.75348458715632 13
      vertex 223.6541818305704 166.6269465723032 13
      vertex 223.6541818305704 166.6269465723032 19
    endloop
  endfacet
  facet normal -0.9063077870366667 -0.42261826174066364 0
    outer loop
      vertex 223.59517618519666 166.75348458715632 13
      vertex 223.6541818305704 166.6269465723032 19
      vertex 223.59517618519666 166.75348458715632 19
    endloop
  endfacet
  facet normal 0 0 1
    outer loop
      vertex 223.59517618519666 166.75348458715632 19
      vertex 223.6541818305704 166.6269465723032 19
      vertex 223.59669900169325 168.47329185229498 19
    endloop
  endfacet
  facet normal 0 0 -1
    outer loop
      vertex 223.59669900169325 1.5267081477050137 0
      vertex 223.59669900169325 168.47329185229498 0
      vertex 223.71572412738698 1.6543469682057088 0
    endloop
  endfacet
  facet normal 0.731353701619144 -0.6819983600625269 0
    outer loop
      vertex 223.59669900169325 1.5267081477050137 0
      vertex 223.71572412738698 1.6543469682057088 0
      vertex 223.59669900169325 1.5267081477050137 19
    endloop
  endfacet
  facet normal 0.731353701619144 -0.6819983600625269 0
    outer loop
      vertex 223.59669900169325 1.5267081477050137 19
      vertex 223.71572412738698 1.6543469682057088 0
      vertex 223.71572412738698 1.6543469682057088 19
    endloop
  endfacet
  facet normal 0.7313537016191369 0.6819983600625346 0
    outer loop
      vertex 223.59669900169325 168.47329185229498 0
      vertex 223.59669900169325 168.47329185229498 19
      vertex 223.71572412738698 168.34565303179428 19
    endloop
  endfacet
  facet normal 0 0 -1
    outer loop
      vertex 223.59669900169325 168.47329185229498 0
      vertex 223.71572412738698 168.34565303179428 0
      vertex 223.71572412738698 1.6543469682057088 0
    endloop
  endfacet
  facet normal 0.7313537016191369 0.6819983600625346 0
    outer loop
      vertex 223.59669900169325 168.47329185229498 0
      vertex 223.71572412738698 168.34565303179428 19
      vertex 223.71572412738698 168.34565303179428 0
    endloop
  endfacet
  facet normal 0 0 1
    outer loop
      vertex 223.59669900169325 168.47329185229498 19
      vertex 223.6541818305704 166.6269465723032 19
      vertex 223.71572412738698 168.34565303179428 19
    endloop
  endfacet
  facet normal -0.9205048534524433 0.3907311284892667 0
    outer loop
      vertex 223.6541818305704 3.3730534276967994 13
      vertex 223.6541818305704 3.3730534276967994 19
      vertex 223.70873541826714 3.501573626336352 13
    endloop
  endfacet
  facet normal 0 0 1
    outer loop
      vertex 223.6541818305704 3.3730534276967994 13
      vertex 223.70873541826714 3.501573626336352 13
      vertex 223.6541818305704 166.6269465723032 13
    endloop
  endfacet
  facet normal -0.9205048534524433 0.3907311284892667 0
    outer loop
      vertex 223.6541818305704 3.3730534276967994 19
      vertex 223.70873541826714 3.501573626336352 19
      vertex 223.70873541826714 3.501573626336352 13
    endloop
  endfacet
  facet normal 0 0 1
    outer loop
      vertex 223.6541818305704 3.3730534276967994 19
      vertex 223.71572412738698 1.6543469682057088 19
      vertex 223.70873541826714 3.501573626336352 19
    endloop
  endfacet
  facet normal 0 0 1
    outer loop
      vertex 223.6541818305704 166.6269465723032 13
      vertex 223.70873541826714 3.501573626336352 13
      vertex 223.70873541826714 166.49842637366365 13
    endloop
  endfacet
  facet normal -0.920504853452455 -0.3907311284892393 0
    outer loop
      vertex 223.6541818305704 166.6269465723032 13
      vertex 223.70873541826714 166.49842637366365 13
      vertex 223.70873541826714 166.49842637366365 19
    endloop
  endfacet
  facet normal -0.920504853452455 -0.3907311284892393 0
    outer loop
      vertex 223.6541818305704 166.6269465723032 13
      vertex 223.70873541826714 166.49842637366365 19
      vertex 223.6541818305704 166.6269465723032 19
    endloop
  endfacet
  facet normal 0 0 1
    outer loop
      vertex 223.6541818305704 166.6269465723032 19
      vertex 223.70873541826714 166.49842637366365 19
      vertex 223.71572412738698 168.34565303179428 19
    endloop
  endfacet
  facet normal -0.9335804264972057 0.35836794954528967 0
    outer loop
      vertex 223.70873541826714 3.501573626336352 13
      vertex 223.70873541826714 3.501573626336352 19
      vertex 223.75877048314362 3.6319194266973254 13
    endloop
  endfacet
  facet normal 0 0 1
    outer loop
      vertex 223.70873541826714 3.501573626336352 13
      vertex 223.75877048314362 3.6319194266973254 13
      vertex 223.70873541826714 166.49842637366365 13
    endloop
  endfacet
  facet normal 0 0 1
    outer loop
      vertex 223.70873541826714 3.501573626336352 19
      vertex 223.71572412738698 1.6543469682057088 19
      vertex 223.8302222155949 1.7860619515673037 19
    endloop
  endfacet
  facet normal -0.9335804264972057 0.35836794954528967 0
    outer loop
      vertex 223.70873541826714 3.501573626336352 19
      vertex 223.75877048314362 3.6319194266973254 19
      vertex 223.75877048314362 3.6319194266973254 13
    endloop
  endfacet
  facet normal 0 0 1
    outer loop
      vertex 223.70873541826714 3.501573626336352 19
      vertex 223.8302222155949 1.7860619515673037 19
      vertex 223.75877048314362 3.6319194266973254 19
    endloop
  endfacet
  facet normal 0 0 1
    outer loop
      vertex 223.70873541826714 166.49842637366365 13
      vertex 223.75877048314362 3.6319194266973254 13
      vertex 223.75877048314362 166.36808057330268 13
    endloop
  endfacet
  facet normal -0.9335804264972034 -0.3583679495452961 0
    outer loop
      vertex 223.70873541826714 166.49842637366365 13
      vertex 223.75877048314362 166.36808057330268 13
      vertex 223.75877048314362 166.36808057330268 19
    endloop
  endfacet
  facet normal -0.9335804264972034 -0.3583679495452961 0
    outer loop
      vertex 223.70873541826714 166.49842637366365 13
      vertex 223.75877048314362 166.36808057330268 19
      vertex 223.70873541826714 166.49842637366365 19
    endloop
  endfacet
  facet normal 0 0 1
    outer loop
      vertex 223.70873541826714 166.49842637366365 19
      vertex 223.75877048314362 166.36808057330268 19
      vertex 223.71572412738698 168.34565303179428 19
    endloop
  endfacet
  facet normal 0 0 -1
    outer loop
      vertex 223.71572412738698 1.6543469682057088 0
      vertex 223.71572412738698 168.34565303179428 0
      vertex 223.8302222155949 1.7860619515673037 0
    endloop
  endfacet
  facet normal 0.7547095802227998 -0.6560590289904753 0
    outer loop
      vertex 223.71572412738698 1.6543469682057088 0
      vertex 223.8302222155949 1.7860619515673037 0
      vertex 223.71572412738698 1.6543469682057088 19
    endloop
  endfacet
  facet normal 0.7547095802227998 -0.6560590289904753 0
    outer loop
      vertex 223.71572412738698 1.6543469682057088 19
      vertex 223.8302222155949 1.7860619515673037 0
      vertex 223.8302222155949 1.7860619515673037 19
    endloop
  endfacet
  facet normal 0.7547095802227527 0.6560590289905295 0
    outer loop
      vertex 223.71572412738698 168.34565303179428 0
      vertex 223.71572412738698 168.34565303179428 19
      vertex 223.8302222155949 168.2139380484327 19
    endloop
  endfacet
  facet normal 0 0 -1
    outer loop
      vertex 223.71572412738698 168.34565303179428 0
      vertex 223.8302222155949 168.2139380484327 0
      vertex 223.8302222155949 1.7860619515673037 0
    endloop
  endfacet
  facet normal 0.7547095802227527 0.6560590289905295 0
    outer loop
      vertex 223.71572412738698 168.34565303179428 0
      vertex 223.8302222155949 168.2139380484327 19
      vertex 223.8302222155949 168.2139380484327 0
    endloop
  endfacet
  facet normal 0 0 1
    outer loop
      vertex 223.71572412738698 168.34565303179428 19
      vertex 223.75877048314362 166.36808057330268 19
      vertex 223.8302222155949 168.2139380484327 19
    endloop
  endfacet
  facet normal -0.9455185755992889 0.32556815445723786 0
    outer loop
      vertex 223.75877048314362 3.6319194266973254 13
      vertex 223.75877048314362 3.6319194266973254 19
      vertex 223.80422606518061 3.76393202250021 13
    endloop
  endfacet
  facet normal 0 0 1
    outer loop
      vertex 223.75877048314362 3.6319194266973254 13
      vertex 223.80422606518061 3.76393202250021 13
      vertex 223.75877048314362 166.36808057330268 13
    endloop
  endfacet
  facet normal -0.9455185755992889 0.32556815445723786 0
    outer loop
      vertex 223.75877048314362 3.6319194266973254 19
      vertex 223.80422606518061 3.76393202250021 19
      vertex 223.80422606518061 3.76393202250021 13
    endloop
  endfacet
  facet normal 0 0 1
    outer loop
      vertex 223.75877048314362 3.6319194266973254 19
      vertex 223.8302222155949 1.7860619515673037 19
      vertex 223.80422606518061 3.76393202250021 19
    endloop
  endfacet
  facet normal 0 0 1
    outer loop
      vertex 223.75877048314362 166.36808057330268 13
      vertex 223.80422606518061 3.76393202250021 13
      vertex 223.80422606518061 166.2360679774998 13
    endloop
  endfacet
  facet normal -0.9455185755992828 -0.32556815445725545 0
    outer loop
      vertex 223.75877048314362 166.36808057330268 13
      vertex 223.80422606518061 166.2360679774998 13
      vertex 223.80422606518061 166.2360679774998 19
    endloop
  endfacet
  facet normal -0.9455185755992828 -0.32556815445725545 0
    outer loop
      vertex 223.75877048314362 166.36808057330268 13
      vertex 223.80422606518061 166.2360679774998 19
      vertex 223.75877048314362 166.36808057330268 19
    endloop
  endfacet
  facet normal 0 0 1
    outer loop
      vertex 223.75877048314362 166.36808057330268 19
      vertex 223.80422606518061 166.2360679774998 19
      vertex 223.8302222155949 168.2139380484327 19
    endloop
  endfacet
  facet normal -0.9563047559630361 0.29237170472273494 0
    outer loop
      vertex 223.80422606518061 3.76393202250021 13
      vertex 223.80422606518061 3.76393202250021 19
      vertex 223.84504678375328 3.8974505767320036 13
    endloop
  endfacet
  facet normal 0 0 1
    outer loop
      vertex 223.80422606518061 3.76393202250021 13
      vertex 223.84504678375328 3.8974505767320036 13
      vertex 223.80422606518061 166.2360679774998 13
    endloop
  endfacet
  facet normal 0 0 1
    outer loop
      vertex 223.80422606518061 3.76393202250021 19
      vertex 223.8302222155949 1.7860619515673037 19
      vertex 223.9400537680336 1.9216926233717087 19
    endloop
  endfacet
  facet normal -0.9563047559630361 0.29237170472273494 0
    outer loop
      vertex 223.80422606518061 3.76393202250021 19
      vertex 223.84504678375328 3.8974505767320036 19
      vertex 223.84504678375328 3.8974505767320036 13
    endloop
  endfacet
  facet normal 0 0 1
    outer loop
      vertex 223.80422606518061 3.76393202250021 19
      vertex 223.9400537680336 1.9216926233717087 19
      vertex 223.84504678375328 3.8974505767320036 19
    endloop
  endfacet
  facet normal 0 0 1
    outer loop
      vertex 223.80422606518061 166.2360679774998 13
      vertex 223.84504678375328 3.8974505767320036 13
      vertex 223.84504678375328 166.102549423268 13
    endloop
  endfacet
  facet normal -0.9563047559630481 -0.2923717047226958 0
    outer loop
      vertex 223.80422606518061 166.2360679774998 13
      vertex 223.84504678375328 166.102549423268 13
      vertex 223.84504678375328 166.102549423268 19
    endloop
  endfacet
  facet normal -0.9563047559630481 -0.2923717047226958 0
    outer loop
      vertex 223.80422606518061 166.2360679774998 13
      vertex 223.84504678375328 166.102549423268 19
      vertex 223.80422606518061 166.2360679774998 19
    endloop
  endfacet
  facet normal 0 0 1
    outer loop
      vertex 223.80422606518061 166.2360679774998 19
      vertex 223.84504678375328 166.102549423268 19
      vertex 223.8302222155949 168.2139380484327 19
    endloop
  endfacet
  facet normal 0 0 -1
    outer loop
      vertex 223.8302222155949 1.7860619515673037 0
      vertex 223.8302222155949 168.2139380484327 0
      vertex 223.9400537680336 1.9216926233717087 0
    endloop
  endfacet
  facet normal 0.7771459614569681 -0.6293203910498408 0
    outer loop
      vertex 223.8302222155949 1.7860619515673037 0
      vertex 223.9400537680336 1.9216926233717087 0
      vertex 223.8302222155949 1.7860619515673037 19
    endloop
  endfacet
  facet normal 0.7771459614569681 -0.6293203910498408 0
    outer loop
      vertex 223.8302222155949 1.7860619515673037 19
      vertex 223.9400537680336 1.9216926233717087 0
      vertex 223.9400537680336 1.9216926233717087 19
    endloop
  endfacet
  facet normal 0.7771459614570043 0.6293203910497961 0
    outer loop
      vertex 223.8302222155949 168.2139380484327 0
      vertex 223.8302222155949 168.2139380484327 19
      vertex 223.9400537680336 168.0783073766283 19
    endloop
  endfacet
  facet normal 0 0 -1
    outer loop
      vertex 223.8302222155949 168.2139380484327 0
      vertex 223.9400537680336 168.0783073766283 0
      vertex 223.9400537680336 1.9216926233717087 0
    endloop
  endfacet
  facet normal 0.7771459614570043 0.6293203910497961 0
    outer loop
      vertex 223.8302222155949 168.2139380484327 0
      vertex 223.9400537680336 168.0783073766283 19
      vertex 223.9400537680336 168.0783073766283 0
    endloop
  endfacet
  facet normal 0 0 1
    outer loop
      vertex 223.8302222155949 168.2139380484327 19
      vertex 223.84504678375328 166.102549423268 19
      vertex 223.9400537680336 168.0783073766283 19
    endloop
  endfacet
  facet normal -0.9659258262890468 0.2588190451026013 0
    outer loop
      vertex 223.84504678375328 3.8974505767320036 13
      vertex 223.84504678375328 3.8974505767320036 19
      vertex 223.881182905104 4.032312417601329 13
    endloop
  endfacet
  facet normal 0 0 1
    outer loop
      vertex 223.84504678375328 3.8974505767320036 13
      vertex 223.881182905104 4.032312417601329 13
      vertex 223.84504678375328 166.102549423268 13
    endloop
  endfacet
  facet normal -0.9659258262890468 0.2588190451026013 0
    outer loop
      vertex 223.84504678375328 3.8974505767320036 19
      vertex 223.881182905104 4.032312417601329 19
      vertex 223.881182905104 4.032312417601329 13
    endloop
  endfacet
  facet normal 0 0 1
    outer loop
      vertex 223.84504678375328 3.8974505767320036 19
      vertex 223.9400537680336 1.9216926233717087 19
      vertex 223.881182905104 4.032312417601329 19
    endloop
  endfacet
  facet normal 0 0 1
    outer loop
      vertex 223.84504678375328 166.102549423268 13
      vertex 223.881182905104 4.032312417601329 13
      vertex 223.881182905104 165.96768758239867 13
    endloop
  endfacet
  facet normal -0.9659258262890442 -0.2588190451026108 0
    outer loop
      vertex 223.84504678375328 166.102549423268 13
      vertex 223.881182905104 165.96768758239867 13
      vertex 223.881182905104 165.96768758239867 19
    endloop
  endfacet
  facet normal -0.9659258262890442 -0.2588190451026108 0
    outer loop
      vertex 223.84504678375328 166.102549423268 13
      vertex 223.881182905104 165.96768758239867 19
      vertex 223.84504678375328 166.102549423268 19
    endloop
  endfacet
  facet normal 0 0 1
    outer loop
      vertex 223.84504678375328 166.102549423268 19
      vertex 223.881182905104 165.96768758239867 19
      vertex 223.9400537680336 168.0783073766283 19
    endloop
  endfacet
  facet normal -0.9743700647852537 0.22495105434378462 0
    outer loop
      vertex 223.881182905104 4.032312417601329 13
      vertex 223.881182905104 4.032312417601329 19
      vertex 223.91259040293522 4.168353236728962 13
    endloop
  endfacet
  facet normal 0 0 1
    outer loop
      vertex 223.881182905104 4.032312417601329 13
      vertex 223.91259040293522 4.168353236728962 13
      vertex 223.881182905104 165.96768758239867 13
    endloop
  endfacet
  facet normal -0.9743700647852537 0.22495105434378462 0
    outer loop
      vertex 223.881182905104 4.032312417601329 19
      vertex 223.91259040293522 4.168353236728962 19
      vertex 223.91259040293522 4.168353236728962 13
    endloop
  endfacet
  facet normal 0 0 1
    outer loop
      vertex 223.881182905104 4.032312417601329 19
      vertex 223.9400537680336 1.9216926233717087 19
      vertex 223.91259040293522 4.168353236728962 19
    endloop
  endfacet
  facet normal 0 0 1
    outer loop
      vertex 223.881182905104 165.96768758239867 13
      vertex 223.91259040293522 4.168353236728962 13
      vertex 223.91259040293522 165.83164676327104 13
    endloop
  endfacet
  facet normal -0.9743700647852521 -0.22495105434379162 0
    outer loop
      vertex 223.881182905104 165.96768758239867 13
      vertex 223.91259040293522 165.83164676327104 13
      vertex 223.91259040293522 165.83164676327104 19
    endloop
  endfacet
  facet normal -0.9743700647852521 -0.22495105434379162 0
    outer loop
      vertex 223.881182905104 165.96768758239867 13
      vertex 223.91259040293522 165.83164676327104 19
      vertex 223.881182905104 165.96768758239867 19
    endloop
  endfacet
  facet normal 0 0 1
    outer loop
      vertex 223.881182905104 165.96768758239867 19
      vertex 223.91259040293522 165.83164676327104 19
      vertex 223.9400537680336 168.0783073766283 19
    endloop
  endfacet
  facet normal -0.9816271834476783 0.19080899537647128 0
    outer loop
      vertex 223.91259040293522 4.168353236728962 13
      vertex 223.91259040293522 4.168353236728962 19
      vertex 223.93923101204882 4.305407289332279 13
    endloop
  endfacet
  facet normal 0 0 1
    outer loop
      vertex 223.91259040293522 4.168353236728962 13
      vertex 223.93923101204882 4.305407289332279 13
      vertex 223.91259040293522 165.83164676327104 13
    endloop
  endfacet
  facet normal -0.9816271834476783 0.19080899537647128 0
    outer loop
      vertex 223.91259040293522 4.168353236728962 19
      vertex 223.93923101204882 4.305407289332279 19
      vertex 223.93923101204882 4.305407289332279 13
    endloop
  endfacet
  facet normal 0 0 1
    outer loop
      vertex 223.91259040293522 4.168353236728962 19
      vertex 223.9400537680336 1.9216926233717087 19
      vertex 223.93923101204882 4.305407289332279 19
    endloop
  endfacet
  facet normal 0 0 1
    outer loop
      vertex 223.91259040293522 165.83164676327104 13
      vertex 223.93923101204882 4.305407289332279 13
      vertex 223.93923101204882 165.69459271066773 13
    endloop
  endfacet
  facet normal -0.9816271834476751 -0.19080899537648796 0
    outer loop
      vertex 223.91259040293522 165.83164676327104 13
      vertex 223.93923101204882 165.69459271066773 13
      vertex 223.93923101204882 165.69459271066773 19
    endloop
  endfacet
  facet normal -0.9816271834476751 -0.19080899537648796 0
    outer loop
      vertex 223.91259040293522 165.83164676327104 13
      vertex 223.93923101204882 165.69459271066773 19
      vertex 223.91259040293522 165.83164676327104 19
    endloop
  endfacet
  facet normal 0 0 1
    outer loop
      vertex 223.91259040293522 165.83164676327104 19
      vertex 223.93923101204882 165.69459271066773 19
      vertex 223.9400537680336 168.0783073766283 19
    endloop
  endfacet
  facet normal -0.9876883405951231 0.1564344650403233 0
    outer loop
      vertex 223.93923101204882 4.305407289332279 13
      vertex 223.93923101204882 4.305407289332279 19
      vertex 223.96107227496628 4.443307596159738 13
    endloop
  endfacet
  facet normal 0 0 1
    outer loop
      vertex 223.93923101204882 4.305407289332279 13
      vertex 223.96107227496628 4.443307596159738 13
      vertex 223.93923101204882 165.69459271066773 13
    endloop
  endfacet
  facet normal 0 0 1
    outer loop
      vertex 223.93923101204882 4.305407289332279 19
      vertex 223.9400537680336 1.9216926233717087 19
      vertex 224.04508497187473 2.061073738537634 19
    endloop
  endfacet
  facet normal -0.9876883405951231 0.1564344650403233 0
    outer loop
      vertex 223.93923101204882 4.305407289332279 19
      vertex 223.96107227496628 4.443307596159738 19
      vertex 223.96107227496628 4.443307596159738 13
    endloop
  endfacet
  facet normal 0 0 1
    outer loop
      vertex 223.93923101204882 4.305407289332279 19
      vertex 224.04508497187473 2.061073738537634 19
      vertex 223.96107227496628 4.443307596159738 19
    endloop
  endfacet
  facet normal 0 0 1
    outer loop
      vertex 223.93923101204882 165.69459271066773 13
      vertex 223.96107227496628 4.443307596159738 13
      vertex 223.96107227496628 165.55669240384026 13
    endloop
  endfacet
  facet normal -0.9876883405951259 -0.15643446504030561 0
    outer loop
      vertex 223.93923101204882 165.69459271066773 13
      vertex 223.96107227496628 165.55669240384026 13
      vertex 223.96107227496628 165.55669240384026 19
    endloop
  endfacet
  facet normal -0.9876883405951259 -0.15643446504030561 0
    outer loop
      vertex 223.93923101204882 165.69459271066773 13
      vertex 223.96107227496628 165.55669240384026 19
      vertex 223.93923101204882 165.69459271066773 19
    endloop
  endfacet
  facet normal 0 0 1
    outer loop
      vertex 223.93923101204882 165.69459271066773 19
      vertex 223.96107227496628 165.55669240384026 19
      vertex 223.9400537680336 168.0783073766283 19
    endloop
  endfacet
  facet normal 0 0 -1
    outer loop
      vertex 223.9400537680336 1.9216926233717087 0
      vertex 223.9400537680336 168.0783073766283 0
      vertex 224.04508497187473 2.061073738537634 0
    endloop
  endfacet
  facet normal 0.7986355100473067 -0.60181502315203 0
    outer loop
      vertex 223.9400537680336 1.9216926233717087 0
      vertex 224.04508497187473 2.061073738537634 0
      vertex 223.9400537680336 1.9216926233717087 19
    endloop
  endfacet
  facet normal 0.7986355100473067 -0.60181502315203 0
    outer loop
      vertex 223.9400537680336 1.9216926233717087 19
      vertex 224.04508497187473 2.061073738537634 0
      vertex 224.04508497187473 2.061073738537634 19
    endloop
  endfacet
  facet normal 0.798635510047291 0.6018150231520507 0
    outer loop
      vertex 223.9400537680336 168.0783073766283 0
      vertex 223.9400537680336 168.0783073766283 19
      vertex 224.04508497187473 167.93892626146237 19
    endloop
  endfacet
  facet normal 0 0 -1
    outer loop
      vertex 223.9400537680336 168.0783073766283 0
      vertex 224.04508497187473 167.93892626146237 0
      vertex 224.04508497187473 2.061073738537634 0
    endloop
  endfacet
  facet normal 0.798635510047291 0.6018150231520507 0
    outer loop
      vertex 223.9400537680336 168.0783073766283 0
      vertex 224.04508497187473 167.93892626146237 19
      vertex 224.04508497187473 167.93892626146237 0
    endloop
  endfacet
  facet normal 0 0 1
    outer loop
      vertex 223.9400537680336 168.0783073766283 19
      vertex 223.96107227496628 165.55669240384026 19
      vertex 224.04508497187473 167.93892626146237 19
    endloop
  endfacet
  facet normal -0.9925461516413269 0.12186934340510754 0
    outer loop
      vertex 223.96107227496628 4.443307596159738 13
      vertex 223.96107227496628 4.443307596159738 19
      vertex 223.9780875814731 4.581886146929386 13
    endloop
  endfacet
  facet normal 0 0 1
    outer loop
      vertex 223.96107227496628 4.443307596159738 13
      vertex 223.9780875814731 4.581886146929386 13
      vertex 223.96107227496628 165.55669240384026 13
    endloop
  endfacet
  facet normal -0.9925461516413269 0.12186934340510754 0
    outer loop
      vertex 223.96107227496628 4.443307596159738 19
      vertex 223.9780875814731 4.581886146929386 19
      vertex 223.9780875814731 4.581886146929386 13
    endloop
  endfacet
  facet normal 0 0 1
    outer loop
      vertex 223.96107227496628 4.443307596159738 19
      vertex 224.04508497187473 2.061073738537634 19
      vertex 223.9780875814731 4.581886146929386 19
    endloop
  endfacet
  facet normal 0 0 1
    outer loop
      vertex 223.96107227496628 165.55669240384026 13
      vertex 223.9780875814731 4.581886146929386 13
      vertex 223.9780875814731 165.41811385307062 13
    endloop
  endfacet
  facet normal -0.9925461516413259 -0.12186934340511678 0
    outer loop
      vertex 223.96107227496628 165.55669240384026 13
      vertex 223.9780875814731 165.41811385307062 13
      vertex 223.9780875814731 165.41811385307062 19
    endloop
  endfacet
  facet normal -0.9925461516413259 -0.12186934340511678 0
    outer loop
      vertex 223.96107227496628 165.55669240384026 13
      vertex 223.9780875814731 165.41811385307062 19
      vertex 223.96107227496628 165.55669240384026 19
    endloop
  endfacet
  facet normal 0 0 1
    outer loop
      vertex 223.96107227496628 165.55669240384026 19
      vertex 223.9780875814731 165.41811385307062 19
      vertex 224.04508497187473 167.93892626146237 19
    endloop
  endfacet
  facet normal -0.9961946980917412 0.0871557427477082 0
    outer loop
      vertex 223.9780875814731 4.581886146929386 13
      vertex 223.9780875814731 4.581886146929386 19
      vertex 223.9902562010393 4.720974105023499 13
    endloop
  endfacet
  facet normal 0 0 1
    outer loop
      vertex 223.9780875814731 4.581886146929386 13
      vertex 223.9902562010393 4.720974105023499 13
      vertex 223.9780875814731 165.41811385307062 13
    endloop
  endfacet
  facet normal -0.9961946980917412 0.0871557427477082 0
    outer loop
      vertex 223.9780875814731 4.581886146929386 19
      vertex 223.9902562010393 4.720974105023499 19
      vertex 223.9902562010393 4.720974105023499 13
    endloop
  endfacet
  facet normal 0 0 1
    outer loop
      vertex 223.9780875814731 4.581886146929386 19
      vertex 224.04508497187473 2.061073738537634 19
      vertex 223.9902562010393 4.720974105023499 19
    endloop
  endfacet
  facet normal 0 0 1
    outer loop
      vertex 223.9780875814731 165.41811385307062 13
      vertex 223.9902562010393 4.720974105023499 13
      vertex 223.9902562010393 165.2790258949765 13
    endloop
  endfacet
  facet normal -0.996194698091741 -0.08715574274771096 0
    outer loop
      vertex 223.9780875814731 165.41811385307062 13
      vertex 223.9902562010393 165.2790258949765 13
      vertex 223.9902562010393 165.2790258949765 19
    endloop
  endfacet
  facet normal -0.996194698091741 -0.08715574274771096 0
    outer loop
      vertex 223.9780875814731 165.41811385307062 13
      vertex 223.9902562010393 165.2790258949765 19
      vertex 223.9780875814731 165.41811385307062 19
    endloop
  endfacet
  facet normal 0 0 1
    outer loop
      vertex 223.9780875814731 165.41811385307062 19
      vertex 223.9902562010393 165.2790258949765 19
      vertex 224.04508497187473 167.93892626146237 19
    endloop
  endfacet
  facet normal -0.9986295347545712 0.05233595624299384 0
    outer loop
      vertex 223.9902562010393 4.720974105023499 13
      vertex 223.9902562010393 4.720974105023499 19
      vertex 223.9975633080764 4.860402013189996 13
    endloop
  endfacet
  facet normal 0 0 1
    outer loop
      vertex 223.9902562010393 4.720974105023499 13
      vertex 223.9975633080764 4.860402013189996 13
      vertex 223.9902562010393 165.2790258949765 13
    endloop
  endfacet
  facet normal -0.9986295347545712 0.05233595624299384 0
    outer loop
      vertex 223.9902562010393 4.720974105023499 19
      vertex 223.9975633080764 4.860402013189996 19
      vertex 223.9975633080764 4.860402013189996 13
    endloop
  endfacet
  facet normal 0 0 1
    outer loop
      vertex 223.9902562010393 4.720974105023499 19
      vertex 224.04508497187473 2.061073738537634 19
      vertex 223.9975633080764 4.860402013189996 19
    endloop
  endfacet
  facet normal 0 0 1
    outer loop
      vertex 223.9902562010393 165.2790258949765 13
      vertex 223.9975633080764 4.860402013189996 13
      vertex 223.9975633080764 165.13959798681 13
    endloop
  endfacet
  facet normal -0.9986295347545715 -0.052335956242988854 0
    outer loop
      vertex 223.9902562010393 165.2790258949765 13
      vertex 223.9975633080764 165.13959798681 13
      vertex 223.9975633080764 165.13959798681 19
    endloop
  endfacet
  facet normal -0.9986295347545715 -0.052335956242988854 0
    outer loop
      vertex 223.9902562010393 165.2790258949765 13
      vertex 223.9975633080764 165.13959798681 19
      vertex 223.9902562010393 165.2790258949765 19
    endloop
  endfacet
  facet normal 0 0 1
    outer loop
      vertex 223.9902562010393 165.2790258949765 19
      vertex 223.9975633080764 165.13959798681 19
      vertex 224.04508497187473 167.93892626146237 19
    endloop
  endfacet
  facet normal -0.9998476951563926 0.017452406437203125 0
    outer loop
      vertex 223.9975633080764 4.860402013189996 13
      vertex 223.9975633080764 4.860402013189996 19
      vertex 224 5 13
    endloop
  endfacet
  facet normal 0 0 1
    outer loop
      vertex 223.9975633080764 4.860402013189996 13
      vertex 224 5 13
      vertex 223.9975633080764 165.13959798681 13
    endloop
  endfacet
  facet normal -0.9998476951563926 0.017452406437203125 0
    outer loop
      vertex 223.9975633080764 4.860402013189996 19
      vertex 224 5 19
      vertex 224 5 13
    endloop
  endfacet
  facet normal 0 0 1
    outer loop
      vertex 223.9975633080764 4.860402013189996 19
      vertex 224.04508497187473 2.061073738537634 19
      vertex 224 5 19
    endloop
  endfacet
  facet normal 0 0 1
    outer loop
      vertex 223.9975633080764 165.13959798681 13
      vertex 224 5 13
      vertex 224 165 13
    endloop
  endfacet
  facet normal -0.9998476951563926 -0.017452406437203236 0
    outer loop
      vertex 223.9975633080764 165.13959798681 13
      vertex 224 165 13
      vertex 224 165 19
    endloop
  endfacet
  facet normal -0.9998476951563926 -0.017452406437203236 0
    outer loop
      vertex 223.9975633080764 165.13959798681 13
      vertex 224 165 19
      vertex 223.9975633080764 165.13959798681 19
    endloop
  endfacet
  facet normal 0 0 1
    outer loop
      vertex 223.9975633080764 165.13959798681 19
      vertex 224 165 19
      vertex 224.04508497187473 167.93892626146237 19
    endloop
  endfacet
  facet normal -1 0 0
    outer loop
      vertex 224 5 13
      vertex 224 5 19
      vertex 224 165 13
    endloop
  endfacet
  facet normal -1 0 0
    outer loop
      vertex 224 5 19
      vertex 224 165 19
      vertex 224 165 13
    endloop
  endfacet
  facet normal 0 0 1
    outer loop
      vertex 224 5 19
      vertex 224.04508497187473 2.061073738537634 19
      vertex 224.04508497187473 167.93892626146237 19
    endloop
  endfacet
  facet normal 0 0 1
    outer loop
      vertex 224 5 19
      vertex 224.04508497187473 167.93892626146237 19
      vertex 224 165 19
    endloop
  endfacet
  facet normal 0 0 -1
    outer loop
      vertex 224.04508497187473 2.061073738537634 0
      vertex 224.04508497187473 167.93892626146237 0
      vertex 224.1451878627752 2.2040354826462654 0
    endloop
  endfacet
  facet normal 0.8191520442889867 -0.5735764363510534 0
    outer loop
      vertex 224.04508497187473 2.061073738537634 0
      vertex 224.1451878627752 2.2040354826462654 0
      vertex 224.04508497187473 2.061073738537634 19
    endloop
  endfacet
  facet normal 0.8191520442889867 -0.5735764363510534 0
    outer loop
      vertex 224.04508497187473 2.061073738537634 19
      vertex 224.1451878627752 2.2040354826462654 0
      vertex 224.1451878627752 2.2040354826462654 19
    endloop
  endfacet
  facet normal 0 0 1
    outer loop
      vertex 224.04508497187473 2.061073738537634 19
      vertex 224.1451878627752 2.2040354826462654 19
      vertex 224.04508497187473 167.93892626146237 19
    endloop
  endfacet
  facet normal 0.8191520442890151 0.5735764363510127 0
    outer loop
      vertex 224.04508497187473 167.93892626146237 0
      vertex 224.04508497187473 167.93892626146237 19
      vertex 224.1451878627752 167.79596451735372 19
    endloop
  endfacet
  facet normal 0 0 -1
    outer loop
      vertex 224.04508497187473 167.93892626146237 0
      vertex 224.1451878627752 167.79596451735372 0
      vertex 224.1451878627752 2.2040354826462654 0
    endloop
  endfacet
  facet normal 0.8191520442890151 0.5735764363510127 0
    outer loop
      vertex 224.04508497187473 167.93892626146237 0
      vertex 224.1451878627752 167.79596451735372 19
      vertex 224.1451878627752 167.79596451735372 0
    endloop
  endfacet
  facet normal 0 0 1
    outer loop
      vertex 224.04508497187473 167.93892626146237 19
      vertex 224.1451878627752 2.2040354826462654 19
      vertex 224.1451878627752 167.79596451735372 19
    endloop
  endfacet
  facet normal 0 0 -1
    outer loop
      vertex 224.1451878627752 2.2040354826462654 0
      vertex 224.1451878627752 167.79596451735372 0
      vertex 224.24024048078212 2.3504036788339757 0
    endloop
  endfacet
  facet normal 0.8386705679454358 -0.5446390350150091 0
    outer loop
      vertex 224.1451878627752 2.2040354826462654 0
      vertex 224.24024048078212 2.3504036788339757 0
      vertex 224.1451878627752 2.2040354826462654 19
    endloop
  endfacet
  facet normal 0.8386705679454358 -0.5446390350150091 0
    outer loop
      vertex 224.1451878627752 2.2040354826462654 19
      vertex 224.24024048078212 2.3504036788339757 0
      vertex 224.24024048078212 2.3504036788339757 19
    endloop
  endfacet
  facet normal 0 0 1
    outer loop
      vertex 224.1451878627752 2.2040354826462654 19
      vertex 224.24024048078212 2.3504036788339757 19
      vertex 224.1451878627752 167.79596451735372 19
    endloop
  endfacet
  facet normal 0.8386705679454085 0.544639035015051 0
    outer loop
      vertex 224.1451878627752 167.79596451735372 0
      vertex 224.1451878627752 167.79596451735372 19
      vertex 224.24024048078212 167.64959632116603 19
    endloop
  endfacet
  facet normal 0 0 -1
    outer loop
      vertex 224.1451878627752 167.79596451735372 0
      vertex 224.24024048078212 167.64959632116603 0
      vertex 224.24024048078212 2.3504036788339757 0
    endloop
  endfacet
  facet normal 0.8386705679454085 0.544639035015051 0
    outer loop
      vertex 224.1451878627752 167.79596451735372 0
      vertex 224.24024048078212 167.64959632116603 19
      vertex 224.24024048078212 167.64959632116603 0
    endloop
  endfacet
  facet normal 0 0 1
    outer loop
      vertex 224.1451878627752 167.79596451735372 19
      vertex 224.24024048078212 2.3504036788339757 19
      vertex 224.24024048078212 167.64959632116603 19
    endloop
  endfacet
  facet normal 0 0 -1
    outer loop
      vertex 224.24024048078212 2.3504036788339757 0
      vertex 224.24024048078212 167.64959632116603 0
      vertex 224.33012701892218 2.5 0
    endloop
  endfacet
  facet normal 0.8571673007021101 -0.5150380749100579 0
    outer loop
      vertex 224.24024048078212 2.3504036788339757 0
      vertex 224.33012701892218 2.5 0
      vertex 224.24024048078212 2.3504036788339757 19
    endloop
  endfacet
  facet normal 0.8571673007021101 -0.5150380749100579 0
    outer loop
      vertex 224.24024048078212 2.3504036788339757 19
      vertex 224.33012701892218 2.5 0
      vertex 224.33012701892218 2.5 19
    endloop
  endfacet
  facet normal 0 0 1
    outer loop
      vertex 224.24024048078212 2.3504036788339757 19
      vertex 224.33012701892218 2.5 19
      vertex 224.24024048078212 167.64959632116603 19
    endloop
  endfacet
  facet normal 0.8571673007021182 0.5150380749100445 0
    outer loop
      vertex 224.24024048078212 167.64959632116603 0
      vertex 224.24024048078212 167.64959632116603 19
      vertex 224.33012701892218 167.5 19
    endloop
  endfacet
  facet normal 0 0 -1
    outer loop
      vertex 224.24024048078212 167.64959632116603 0
      vertex 224.33012701892218 167.5 0
      vertex 224.33012701892218 2.5 0
    endloop
  endfacet
  facet normal 0.8571673007021182 0.5150380749100445 0
    outer loop
      vertex 224.24024048078212 167.64959632116603 0
      vertex 224.33012701892218 167.5 19
      vertex 224.33012701892218 167.5 0
    endloop
  endfacet
  facet normal 0 0 1
    outer loop
      vertex 224.24024048078212 167.64959632116603 19
      vertex 224.33012701892218 2.5 19
      vertex 224.33012701892218 167.5 19
    endloop
  endfacet
  facet normal 0 0 -1
    outer loop
      vertex 224.33012701892218 2.5 0
      vertex 224.33012701892218 167.5 0
      vertex 224.41473796429463 2.652642186070546 0
    endloop
  endfacet
  facet normal 0.874619707139383 -0.48480962024636043 0
    outer loop
      vertex 224.33012701892218 2.5 0
      vertex 224.41473796429463 2.652642186070546 0
      vertex 224.33012701892218 2.5 19
    endloop
  endfacet
  facet normal 0.874619707139383 -0.48480962024636043 0
    outer loop
      vertex 224.33012701892218 2.5 19
      vertex 224.41473796429463 2.652642186070546 0
      vertex 224.41473796429463 2.652642186070546 19
    endloop
  endfacet
  facet normal 0 0 1
    outer loop
      vertex 224.33012701892218 2.5 19
      vertex 224.41473796429463 2.652642186070546 19
      vertex 224.33012701892218 167.5 19
    endloop
  endfacet
  facet normal 0.87461970713939 0.4848096202463474 0
    outer loop
      vertex 224.33012701892218 167.5 0
      vertex 224.33012701892218 167.5 19
      vertex 224.41473796429463 167.34735781392945 19
    endloop
  endfacet
  facet normal 0 0 -1
    outer loop
      vertex 224.33012701892218 167.5 0
      vertex 224.41473796429463 167.34735781392945 0
      vertex 224.41473796429463 2.652642186070546 0
    endloop
  endfacet
  facet normal 0.87461970713939 0.4848096202463474 0
    outer loop
      vertex 224.33012701892218 167.5 0
      vertex 224.41473796429463 167.34735781392945 19
      vertex 224.41473796429463 167.34735781392945 0
    endloop
  endfacet
  facet normal 0 0 1
    outer loop
      vertex 224.33012701892218 167.5 19
      vertex 224.41473796429463 2.652642186070546 19
      vertex 224.41473796429463 167.34735781392945 19
    endloop
  endfacet
  facet normal 0 0 -1
    outer loop
      vertex 224.41473796429463 2.652642186070546 0
      vertex 224.41473796429463 167.34735781392945 0
      vertex 224.49397023149584 2.808144266054613 0
    endloop
  endfacet
  facet normal 0.8910065241883545 -0.4539904997395731 0
    outer loop
      vertex 224.41473796429463 2.652642186070546 0
      vertex 224.49397023149584 2.808144266054613 0
      vertex 224.41473796429463 2.652642186070546 19
    endloop
  endfacet
  facet normal 0.8910065241883545 -0.4539904997395731 0
    outer loop
      vertex 224.41473796429463 2.652642186070546 19
      vertex 224.49397023149584 2.808144266054613 0
      vertex 224.49397023149584 2.808144266054613 19
    endloop
  endfacet
  facet normal 0 0 1
    outer loop
      vertex 224.41473796429463 2.652642186070546 19
      vertex 224.49397023149584 2.808144266054613 19
      vertex 224.41473796429463 167.34735781392945 19
    endloop
  endfacet
  facet normal 0.8910065241883633 0.45399049973955563 0
    outer loop
      vertex 224.41473796429463 167.34735781392945 0
      vertex 224.41473796429463 167.34735781392945 19
      vertex 224.49397023149584 167.19185573394537 19
    endloop
  endfacet
  facet normal 0 0 -1
    outer loop
      vertex 224.41473796429463 167.34735781392945 0
      vertex 224.49397023149584 167.19185573394537 0
      vertex 224.49397023149584 2.808144266054613 0
    endloop
  endfacet
  facet normal 0.8910065241883633 0.45399049973955563 0
    outer loop
      vertex 224.41473796429463 167.34735781392945 0
      vertex 224.49397023149584 167.19185573394537 19
      vertex 224.49397023149584 167.19185573394537 0
    endloop
  endfacet
  facet normal 0 0 1
    outer loop
      vertex 224.41473796429463 167.34735781392945 19
      vertex 224.49397023149584 2.808144266054613 19
      vertex 224.49397023149584 167.19185573394537 19
    endloop
  endfacet
  facet normal 0 0 -1
    outer loop
      vertex 224.49397023149584 2.808144266054613 0
      vertex 224.49397023149584 167.19185573394537 0
      vertex 224.567727288213 2.966316784620999 0
    endloop
  endfacet
  facet normal 0.9063077870366484 -0.42261826174070294 0
    outer loop
      vertex 224.49397023149584 2.808144266054613 0
      vertex 224.567727288213 2.966316784620999 0
      vertex 224.49397023149584 2.808144266054613 19
    endloop
  endfacet
  facet normal 0.9063077870366484 -0.42261826174070294 0
    outer loop
      vertex 224.49397023149584 2.808144266054613 19
      vertex 224.567727288213 2.966316784620999 0
      vertex 224.567727288213 2.966316784620999 19
    endloop
  endfacet
  facet normal 0 0 1
    outer loop
      vertex 224.49397023149584 2.808144266054613 19
      vertex 224.567727288213 2.966316784620999 19
      vertex 224.49397023149584 167.19185573394537 19
    endloop
  endfacet
  facet normal 0.9063077870366366 0.4226182617407283 0
    outer loop
      vertex 224.49397023149584 167.19185573394537 0
      vertex 224.49397023149584 167.19185573394537 19
      vertex 224.567727288213 167.033683215379 19
    endloop
  endfacet
  facet normal 0 0 -1
    outer loop
      vertex 224.49397023149584 167.19185573394537 0
      vertex 224.567727288213 167.033683215379 0
      vertex 224.567727288213 2.966316784620999 0
    endloop
  endfacet
  facet normal 0.9063077870366366 0.4226182617407283 0
    outer loop
      vertex 224.49397023149584 167.19185573394537 0
      vertex 224.567727288213 167.033683215379 19
      vertex 224.567727288213 167.033683215379 0
    endloop
  endfacet
  facet normal 0 0 1
    outer loop
      vertex 224.49397023149584 167.19185573394537 19
      vertex 224.567727288213 2.966316784620999 19
      vertex 224.567727288213 167.033683215379 19
    endloop
  endfacet
  facet normal 0 0 -1
    outer loop
      vertex 224.567727288213 2.966316784620999 0
      vertex 224.567727288213 167.033683215379 0
      vertex 224.63591927283395 3.12696703292044 0
    endloop
  endfacet
  facet normal 0.920504853452429 -0.3907311284893003 0
    outer loop
      vertex 224.567727288213 2.966316784620999 0
      vertex 224.63591927283395 3.12696703292044 0
      vertex 224.567727288213 2.966316784620999 19
    endloop
  endfacet
  facet normal 0.920504853452429 -0.3907311284893003 0
    outer loop
      vertex 224.567727288213 2.966316784620999 19
      vertex 224.63591927283395 3.12696703292044 0
      vertex 224.63591927283395 3.12696703292044 19
    endloop
  endfacet
  facet normal 0 0 1
    outer loop
      vertex 224.567727288213 2.966316784620999 19
      vertex 224.63591927283395 3.12696703292044 19
      vertex 224.567727288213 167.033683215379 19
    endloop
  endfacet
  facet normal 0.9205048534524342 0.3907311284892884 0
    outer loop
      vertex 224.567727288213 167.033683215379 0
      vertex 224.567727288213 167.033683215379 19
      vertex 224.63591927283395 166.87303296707955 19
    endloop
  endfacet
  facet normal 0 0 -1
    outer loop
      vertex 224.567727288213 167.033683215379 0
      vertex 224.63591927283395 166.87303296707955 0
      vertex 224.63591927283395 3.12696703292044 0
    endloop
  endfacet
  facet normal 0.9205048534524342 0.3907311284892884 0
    outer loop
      vertex 224.567727288213 167.033683215379 0
      vertex 224.63591927283395 166.87303296707955 19
      vertex 224.63591927283395 166.87303296707955 0
    endloop
  endfacet
  facet normal 0 0 1
    outer loop
      vertex 224.567727288213 167.033683215379 19
      vertex 224.63591927283395 3.12696703292044 19
      vertex 224.63591927283395 166.87303296707955 19
    endloop
  endfacet
  facet normal 0 0 -1
    outer loop
      vertex 224.63591927283395 3.12696703292044 0
      vertex 224.63591927283395 166.87303296707955 0
      vertex 224.69846310392956 3.2898992833716565 0
    endloop
  endfacet
  facet normal 0.9335804264971921 -0.35836794954532564 0
    outer loop
      vertex 224.63591927283395 3.12696703292044 0
      vertex 224.69846310392956 3.2898992833716565 0
      vertex 224.63591927283395 3.12696703292044 19
    endloop
  endfacet
  facet normal 0.9335804264971921 -0.35836794954532564 0
    outer loop
      vertex 224.63591927283395 3.12696703292044 19
      vertex 224.69846310392956 3.2898992833716565 0
      vertex 224.69846310392956 3.2898992833716565 19
    endloop
  endfacet
  facet normal 0 0 1
    outer loop
      vertex 224.63591927283395 3.12696703292044 19
      vertex 224.69846310392956 3.2898992833716565 19
      vertex 224.63591927283395 166.87303296707955 19
    endloop
  endfacet
  facet normal 0.9335804264971844 0.3583679495453452 0
    outer loop
      vertex 224.63591927283395 166.87303296707955 0
      vertex 224.63591927283395 166.87303296707955 19
      vertex 224.69846310392956 166.71010071662835 19
    endloop
  endfacet
  facet normal 0 0 -1
    outer loop
      vertex 224.63591927283395 166.87303296707955 0
      vertex 224.69846310392956 166.71010071662835 0
      vertex 224.69846310392956 3.2898992833716565 0
    endloop
  endfacet
  facet normal 0.9335804264971844 0.3583679495453452 0
    outer loop
      vertex 224.63591927283395 166.87303296707955 0
      vertex 224.69846310392956 166.71010071662835 19
      vertex 224.69846310392956 166.71010071662835 0
    endloop
  endfacet
  facet normal 0 0 1
    outer loop
      vertex 224.63591927283395 166.87303296707955 19
      vertex 224.69846310392956 3.2898992833716565 19
      vertex 224.69846310392956 166.71010071662835 19
    endloop
  endfacet
  facet normal 0 0 -1
    outer loop
      vertex 224.69846310392956 3.2898992833716565 0
      vertex 224.69846310392956 166.71010071662835 0
      vertex 224.75528258147577 3.4549150281252627 0
    endloop
  endfacet
  facet normal 0.945518575599339 -0.32556815445709186 0
    outer loop
      vertex 224.69846310392956 3.2898992833716565 0
      vertex 224.75528258147577 3.4549150281252627 0
      vertex 224.69846310392956 3.2898992833716565 19
    endloop
  endfacet
  facet normal 0.945518575599339 -0.32556815445709186 0
    outer loop
      vertex 224.69846310392956 3.2898992833716565 19
      vertex 224.75528258147577 3.4549150281252627 0
      vertex 224.75528258147577 3.4549150281252627 19
    endloop
  endfacet
  facet normal 0 0 1
    outer loop
      vertex 224.69846310392956 3.2898992833716565 19
      vertex 224.75528258147577 3.4549150281252627 19
      vertex 224.69846310392956 166.71010071662835 19
    endloop
  endfacet
  facet normal 0.9455185755993458 0.32556815445707227 0
    outer loop
      vertex 224.69846310392956 166.71010071662835 0
      vertex 224.69846310392956 166.71010071662835 19
      vertex 224.75528258147577 166.54508497187473 19
    endloop
  endfacet
  facet normal 0 0 -1
    outer loop
      vertex 224.69846310392956 166.71010071662835 0
      vertex 224.75528258147577 166.54508497187473 0
      vertex 224.75528258147577 3.4549150281252627 0
    endloop
  endfacet
  facet normal 0.9455185755993458 0.32556815445707227 0
    outer loop
      vertex 224.69846310392956 166.71010071662835 0
      vertex 224.75528258147577 166.54508497187473 19
      vertex 224.75528258147577 166.54508497187473 0
    endloop
  endfacet
  facet normal 0 0 1
    outer loop
      vertex 224.69846310392956 166.71010071662835 19
      vertex 224.75528258147577 3.4549150281252627 19
      vertex 224.75528258147577 166.54508497187473 19
    endloop
  endfacet
  facet normal 0 0 -1
    outer loop
      vertex 224.75528258147577 3.4549150281252627 0
      vertex 224.75528258147577 166.54508497187473 0
      vertex 224.8063084796916 3.621813220915004 0
    endloop
  endfacet
  facet normal 0.956304755963013 -0.29237170472281004 0
    outer loop
      vertex 224.75528258147577 3.4549150281252627 0
      vertex 224.8063084796916 3.621813220915004 0
      vertex 224.75528258147577 3.4549150281252627 19
    endloop
  endfacet
  facet normal 0.956304755963013 -0.29237170472281004 0
    outer loop
      vertex 224.75528258147577 3.4549150281252627 19
      vertex 224.8063084796916 3.621813220915004 0
      vertex 224.8063084796916 3.621813220915004 19
    endloop
  endfacet
  facet normal 0 0 1
    outer loop
      vertex 224.75528258147577 3.4549150281252627 19
      vertex 224.8063084796916 3.621813220915004 19
      vertex 224.75528258147577 166.54508497187473 19
    endloop
  endfacet
  facet normal 0.9563047559630148 0.2923717047228044 0
    outer loop
      vertex 224.75528258147577 166.54508497187473 0
      vertex 224.75528258147577 166.54508497187473 19
      vertex 224.8063084796916 166.37818677908498 19
    endloop
  endfacet
  facet normal 0 0 -1
    outer loop
      vertex 224.75528258147577 166.54508497187473 0
      vertex 224.8063084796916 166.37818677908498 0
      vertex 224.8063084796916 3.621813220915004 0
    endloop
  endfacet
  facet normal 0.9563047559630148 0.2923717047228044 0
    outer loop
      vertex 224.75528258147577 166.54508497187473 0
      vertex 224.8063084796916 166.37818677908498 19
      vertex 224.8063084796916 166.37818677908498 0
    endloop
  endfacet
  facet normal 0 0 1
    outer loop
      vertex 224.75528258147577 166.54508497187473 19
      vertex 224.8063084796916 3.621813220915004 19
      vertex 224.8063084796916 166.37818677908498 19
    endloop
  endfacet
  facet normal 0 0 -1
    outer loop
      vertex 224.8063084796916 3.621813220915004 0
      vertex 224.8063084796916 166.37818677908498 0
      vertex 224.85147863138 3.7903905220016614 0
    endloop
  endfacet
  facet normal 0.9659258262890776 -0.25881904510248605 0
    outer loop
      vertex 224.8063084796916 3.621813220915004 0
      vertex 224.85147863138 3.7903905220016614 0
      vertex 224.8063084796916 3.621813220915004 19
    endloop
  endfacet
  facet normal 0.9659258262890776 -0.25881904510248605 0
    outer loop
      vertex 224.8063084796916 3.621813220915004 19
      vertex 224.85147863138 3.7903905220016614 0
      vertex 224.85147863138 3.7903905220016614 19
    endloop
  endfacet
  facet normal 0 0 1
    outer loop
      vertex 224.8063084796916 3.621813220915004 19
      vertex 224.85147863138 3.7903905220016614 19
      vertex 224.8063084796916 166.37818677908498 19
    endloop
  endfacet
  facet normal 0.9659258262890774 0.25881904510248666 0
    outer loop
      vertex 224.8063084796916 166.37818677908498 0
      vertex 224.8063084796916 166.37818677908498 19
      vertex 224.85147863138 166.20960947799833 19
    endloop
  endfacet
  facet normal 0 0 -1
    outer loop
      vertex 224.8063084796916 166.37818677908498 0
      vertex 224.85147863138 166.20960947799833 0
      vertex 224.85147863138 3.7903905220016614 0
    endloop
  endfacet
  facet normal 0.9659258262890774 0.25881904510248666 0
    outer loop
      vertex 224.8063084796916 166.37818677908498 0
      vertex 224.85147863138 166.20960947799833 19
      vertex 224.85147863138 166.20960947799833 0
    endloop
  endfacet
  facet normal 0 0 1
    outer loop
      vertex 224.8063084796916 166.37818677908498 19
      vertex 224.85147863138 3.7903905220016614 19
      vertex 224.85147863138 166.20960947799833 19
    endloop
  endfacet
  facet normal 0 0 -1
    outer loop
      vertex 224.85147863138 3.7903905220016614 0
      vertex 224.85147863138 166.20960947799833 0
      vertex 224.89073800366901 3.9604415459112032 0
    endloop
  endfacet
  facet normal 0.9743700647852626 -0.22495105434374627 0
    outer loop
      vertex 224.85147863138 3.7903905220016614 0
      vertex 224.89073800366901 3.9604415459112032 0
      vertex 224.85147863138 3.7903905220016614 19
    endloop
  endfacet
  facet normal 0.9743700647852626 -0.22495105434374627 0
    outer loop
      vertex 224.85147863138 3.7903905220016614 19
      vertex 224.89073800366901 3.9604415459112032 0
      vertex 224.89073800366901 3.9604415459112032 19
    endloop
  endfacet
  facet normal 0 0 1
    outer loop
      vertex 224.85147863138 3.7903905220016614 19
      vertex 224.89073800366901 3.9604415459112032 19
      vertex 224.85147863138 166.20960947799833 19
    endloop
  endfacet
  facet normal 0.974370064785261 0.22495105434375295 0
    outer loop
      vertex 224.85147863138 166.20960947799833 0
      vertex 224.85147863138 166.20960947799833 19
      vertex 224.89073800366901 166.0395584540888 19
    endloop
  endfacet
  facet normal 0 0 -1
    outer loop
      vertex 224.85147863138 166.20960947799833 0
      vertex 224.89073800366901 166.0395584540888 0
      vertex 224.89073800366901 3.9604415459112032 0
    endloop
  endfacet
  facet normal 0.974370064785261 0.22495105434375295 0
    outer loop
      vertex 224.85147863138 166.20960947799833 0
      vertex 224.89073800366901 166.0395584540888 19
      vertex 224.89073800366901 166.0395584540888 0
    endloop
  endfacet
  facet normal 0 0 1
    outer loop
      vertex 224.85147863138 166.20960947799833 19
      vertex 224.89073800366901 3.9604415459112032 19
      vertex 224.89073800366901 166.0395584540888 19
    endloop
  endfacet
  facet normal 0 0 -1
    outer loop
      vertex 224.89073800366901 3.9604415459112032 0
      vertex 224.89073800366901 166.0395584540888 0
      vertex 224.92403876506103 4.131759111665349 0
    endloop
  endfacet
  facet normal 0.981627183447663 -0.19080899537654972 0
    outer loop
      vertex 224.89073800366901 3.9604415459112032 0
      vertex 224.92403876506103 4.131759111665349 0
      vertex 224.89073800366901 3.9604415459112032 19
    endloop
  endfacet
  facet normal 0.981627183447663 -0.19080899537654972 0
    outer loop
      vertex 224.89073800366901 3.9604415459112032 19
      vertex 224.92403876506103 4.131759111665349 0
      vertex 224.92403876506103 4.131759111665349 19
    endloop
  endfacet
  facet normal 0 0 1
    outer loop
      vertex 224.89073800366901 3.9604415459112032 19
      vertex 224.92403876506103 4.131759111665349 19
      vertex 224.89073800366901 166.0395584540888 19
    endloop
  endfacet
  facet normal 0.9816271834476642 0.19080899537654353 0
    outer loop
      vertex 224.89073800366901 166.0395584540888 0
      vertex 224.89073800366901 166.0395584540888 19
      vertex 224.92403876506103 165.86824088833464 19
    endloop
  endfacet
  facet normal 0 0 -1
    outer loop
      vertex 224.89073800366901 166.0395584540888 0
      vertex 224.92403876506103 165.86824088833464 0
      vertex 224.92403876506103 4.131759111665349 0
    endloop
  endfacet
  facet normal 0.9816271834476642 0.19080899537654353 0
    outer loop
      vertex 224.89073800366901 166.0395584540888 0
      vertex 224.92403876506103 165.86824088833464 19
      vertex 224.92403876506103 165.86824088833464 0
    endloop
  endfacet
  facet normal 0 0 1
    outer loop
      vertex 224.89073800366901 166.0395584540888 19
      vertex 224.92403876506103 4.131759111665349 19
      vertex 224.92403876506103 165.86824088833464 19
    endloop
  endfacet
  facet normal 0 0 -1
    outer loop
      vertex 224.92403876506103 4.131759111665349 0
      vertex 224.92403876506103 165.86824088833464 0
      vertex 224.95134034370784 4.304134495199673 0
    endloop
  endfacet
  facet normal 0.9876883405951357 -0.15643446504024427 0
    outer loop
      vertex 224.92403876506103 4.131759111665349 0
      vertex 224.95134034370784 4.304134495199673 0
      vertex 224.92403876506103 4.131759111665349 19
    endloop
  endfacet
  facet normal 0.9876883405951357 -0.15643446504024427 0
    outer loop
      vertex 224.92403876506103 4.131759111665349 19
      vertex 224.95134034370784 4.304134495199673 0
      vertex 224.95134034370784 4.304134495199673 19
    endloop
  endfacet
  facet normal 0 0 1
    outer loop
      vertex 224.92403876506103 4.131759111665349 19
      vertex 224.95134034370784 4.304134495199673 19
      vertex 224.92403876506103 165.86824088833464 19
    endloop
  endfacet
  facet normal 0.9876883405951326 0.15643446504026393 0
    outer loop
      vertex 224.92403876506103 165.86824088833464 0
      vertex 224.92403876506103 165.86824088833464 19
      vertex 224.95134034370784 165.69586550480034 19
    endloop
  endfacet
  facet normal 0 0 -1
    outer loop
      vertex 224.92403876506103 165.86824088833464 0
      vertex 224.95134034370784 165.69586550480034 0
      vertex 224.95134034370784 4.304134495199673 0
    endloop
  endfacet
  facet normal 0.9876883405951326 0.15643446504026393 0
    outer loop
      vertex 224.92403876506103 165.86824088833464 0
      vertex 224.95134034370784 165.69586550480034 19
      vertex 224.95134034370784 165.69586550480034 0
    endloop
  endfacet
  facet normal 0 0 1
    outer loop
      vertex 224.92403876506103 165.86824088833464 19
      vertex 224.95134034370784 4.304134495199673 19
      vertex 224.95134034370784 165.69586550480034 19
    endloop
  endfacet
  facet normal 0 0 -1
    outer loop
      vertex 224.95134034370784 4.304134495199673 0
      vertex 224.95134034370784 165.69586550480034 0
      vertex 224.97260947684137 4.477357683661733 0
    endloop
  endfacet
  facet normal 0.9925461516413122 -0.12186934340522725 0
    outer loop
      vertex 224.95134034370784 4.304134495199673 0
      vertex 224.97260947684137 4.477357683661733 0
      vertex 224.95134034370784 4.304134495199673 19
    endloop
  endfacet
  facet normal 0.9925461516413122 -0.12186934340522725 0
    outer loop
      vertex 224.95134034370784 4.304134495199673 19
      vertex 224.97260947684137 4.477357683661733 0
      vertex 224.97260947684137 4.477357683661733 19
    endloop
  endfacet
  facet normal 0 0 1
    outer loop
      vertex 224.95134034370784 4.304134495199673 19
      vertex 224.97260947684137 4.477357683661733 19
      vertex 224.95134034370784 165.69586550480034 19
    endloop
  endfacet
  facet normal 0.9925461516413122 0.12186934340522725 0
    outer loop
      vertex 224.95134034370784 165.69586550480034 0
      vertex 224.95134034370784 165.69586550480034 19
      vertex 224.97260947684137 165.52264231633828 19
    endloop
  endfacet
  facet normal 0 0 -1
    outer loop
      vertex 224.95134034370784 165.69586550480034 0
      vertex 224.97260947684137 165.52264231633828 0
      vertex 224.97260947684137 4.477357683661733 0
    endloop
  endfacet
  facet normal 0.9925461516413122 0.12186934340522725 0
    outer loop
      vertex 224.95134034370784 165.69586550480034 0
      vertex 224.97260947684137 165.52264231633828 19
      vertex 224.97260947684137 165.52264231633828 0
    endloop
  endfacet
  facet normal 0 0 1
    outer loop
      vertex 224.95134034370784 165.69586550480034 19
      vertex 224.97260947684137 4.477357683661733 19
      vertex 224.97260947684137 165.52264231633828 19
    endloop
  endfacet
  facet normal 0 0 -1
    outer loop
      vertex 224.97260947684137 4.477357683661733 0
      vertex 224.97260947684137 165.52264231633828 0
      vertex 224.98782025129913 4.651217631279374 0
    endloop
  endfacet
  facet normal 0.9961946980917447 -0.08715574274766834 0
    outer loop
      vertex 224.97260947684137 4.477357683661733 0
      vertex 224.98782025129913 4.651217631279374 0
      vertex 224.97260947684137 4.477357683661733 19
    endloop
  endfacet
  facet normal 0.9961946980917447 -0.08715574274766834 0
    outer loop
      vertex 224.97260947684137 4.477357683661733 19
      vertex 224.98782025129913 4.651217631279374 0
      vertex 224.98782025129913 4.651217631279374 19
    endloop
  endfacet
  facet normal 0 0 1
    outer loop
      vertex 224.97260947684137 4.477357683661733 19
      vertex 224.98782025129913 4.651217631279374 19
      vertex 224.97260947684137 165.52264231633828 19
    endloop
  endfacet
  facet normal 0.9961946980917448 0.087155742747667 0
    outer loop
      vertex 224.97260947684137 165.52264231633828 0
      vertex 224.97260947684137 165.52264231633828 19
      vertex 224.98782025129913 165.34878236872063 19
    endloop
  endfacet
  facet normal 0 0 -1
    outer loop
      vertex 224.97260947684137 165.52264231633828 0
      vertex 224.98782025129913 165.34878236872063 0
      vertex 224.98782025129913 4.651217631279374 0
    endloop
  endfacet
  facet normal 0.9961946980917448 0.087155742747667 0
    outer loop
      vertex 224.97260947684137 165.52264231633828 0
      vertex 224.98782025129913 165.34878236872063 19
      vertex 224.98782025129913 165.34878236872063 0
    endloop
  endfacet
  facet normal 0 0 1
    outer loop
      vertex 224.97260947684137 165.52264231633828 19
      vertex 224.98782025129913 4.651217631279374 19
      vertex 224.98782025129913 165.34878236872063 19
    endloop
  endfacet
  facet normal 0 0 -1
    outer loop
      vertex 224.98782025129913 4.651217631279374 0
      vertex 224.98782025129913 165.34878236872063 0
      vertex 224.99695413509548 4.825502516487495 0
    endloop
  endfacet
  facet normal 0.9986295347545755 -0.05233595624291271 0
    outer loop
      vertex 224.98782025129913 4.651217631279374 0
      vertex 224.99695413509548 4.825502516487495 0
      vertex 224.98782025129913 4.651217631279374 19
    endloop
  endfacet
  facet normal 0.9986295347545755 -0.05233595624291271 0
    outer loop
      vertex 224.98782025129913 4.651217631279374 19
      vertex 224.99695413509548 4.825502516487495 0
      vertex 224.99695413509548 4.825502516487495 19
    endloop
  endfacet
  facet normal 0 0 1
    outer loop
      vertex 224.98782025129913 4.651217631279374 19
      vertex 224.99695413509548 4.825502516487495 19
      vertex 224.98782025129913 165.34878236872063 19
    endloop
  endfacet
  facet normal 0.9986295347545756 0.052335956242911916 0
    outer loop
      vertex 224.98782025129913 165.34878236872063 0
      vertex 224.98782025129913 165.34878236872063 19
      vertex 224.99695413509548 165.1744974835125 19
    endloop
  endfacet
  facet normal 0 0 -1
    outer loop
      vertex 224.98782025129913 165.34878236872063 0
      vertex 224.99695413509548 165.1744974835125 0
      vertex 224.99695413509548 4.825502516487495 0
    endloop
  endfacet
  facet normal 0.9986295347545756 0.052335956242911916 0
    outer loop
      vertex 224.98782025129913 165.34878236872063 0
      vertex 224.99695413509548 165.1744974835125 19
      vertex 224.99695413509548 165.1744974835125 0
    endloop
  endfacet
  facet normal 0 0 1
    outer loop
      vertex 224.98782025129913 165.34878236872063 19
      vertex 224.99695413509548 4.825502516487495 19
      vertex 224.99695413509548 165.1744974835125 19
    endloop
  endfacet
  facet normal 0 0 -1
    outer loop
      vertex 224.99695413509548 4.825502516487495 0
      vertex 224.99695413509548 165.1744974835125 0
      vertex 225 5 0
    endloop
  endfacet
  facet normal 0.9998476951563912 -0.01745240643728446 0
    outer loop
      vertex 224.99695413509548 4.825502516487495 0
      vertex 225 5 0
      vertex 224.99695413509548 4.825502516487495 19
    endloop
  endfacet
  facet normal 0.9998476951563912 -0.01745240643728446 0
    outer loop
      vertex 224.99695413509548 4.825502516487495 19
      vertex 225 5 0
      vertex 225 5 19
    endloop
  endfacet
  facet normal 0 0 1
    outer loop
      vertex 224.99695413509548 4.825502516487495 19
      vertex 225 5 19
      vertex 224.99695413509548 165.1744974835125 19
    endloop
  endfacet
  facet normal 0.9998476951563912 0.017452406437283928 0
    outer loop
      vertex 224.99695413509548 165.1744974835125 0
      vertex 224.99695413509548 165.1744974835125 19
      vertex 225 165 19
    endloop
  endfacet
  facet normal 0 0 -1
    outer loop
      vertex 224.99695413509548 165.1744974835125 0
      vertex 225 165 0
      vertex 225 5 0
    endloop
  endfacet
  facet normal 0.9998476951563912 0.017452406437283928 0
    outer loop
      vertex 224.99695413509548 165.1744974835125 0
      vertex 225 165 19
      vertex 225 165 0
    endloop
  endfacet
  facet normal 0 0 1
    outer loop
      vertex 224.99695413509548 165.1744974835125 19
      vertex 225 5 19
      vertex 225 165 19
    endloop
  endfacet
  facet normal 1 0 0
    outer loop
      vertex 225 5 0
      vertex 225 165 0
      vertex 225 5 19
    endloop
  endfacet
  facet normal 1 0 0
    outer loop
      vertex 225 5 19
      vertex 225 165 0
      vertex 225 165 19
    endloop
  endfacet
endsolid OpenSCAD_Model
