solid OpenSCAD_Model
  facet normal -1 0 0
    outer loop
      vertex 1.25 5 13
      vertex 1.25 5 14
      vertex 1.25 165 14
    endloop
  endfacet
  facet normal 0 0 -1
    outer loop
      vertex 1.25 5 13
      vertex 1.25 165 13
      vertex 4.614359353944899 6.8 13
    endloop
  endfacet
  facet normal -1 0 0
    outer loop
      vertex 1.25 5 13
      vertex 1.25 165 14
      vertex 1.25 165 13
    endloop
  endfacet
  facet normal -0.9998476949610727 -0.017452417627068437 0
    outer loop
      vertex 1.25 5 13
      vertex 1.252284400165081 4.869126886129379 13
      vertex 1.25 5 14
    endloop
  endfacet
  facet normal 0 0 -1
    outer loop
      vertex 1.25 5 13
      vertex 4.614359353944899 6.8 13
      vertex 1.252284400165081 4.869126886129379 13
    endloop
  endfacet
  facet normal -0.9998476949610727 -0.017452417627068437 0
    outer loop
      vertex 1.25 5 14
      vertex 1.252284400165081 4.869126886129379 13
      vertex 1.252284400165081 4.869126886129379 14
    endloop
  endfacet
  facet normal 0 0 1
    outer loop
      vertex 1.25 5 14
      vertex 1.252284400165081 4.869126886129379 14
      vertex 4.971539824501537 7.225671108990365 14
    endloop
  endfacet
  facet normal 0 0 1
    outer loop
      vertex 1.25 5 14
      vertex 4.971539824501537 7.225671108990365 14
      vertex 5.2 7.385640646055101 14
    endloop
  endfacet
  facet normal 0 0 1
    outer loop
      vertex 1.25 5 14
      vertex 5.2 7.385640646055101 14
      vertex 11 11 14
    endloop
  endfacet
  facet normal 0 0 1
    outer loop
      vertex 1.25 5 14
      vertex 11 11 14
      vertex 11 159 14
    endloop
  endfacet
  facet normal 0 0 1
    outer loop
      vertex 1.25 5 14
      vertex 11 159 14
      vertex 1.25 165 14
    endloop
  endfacet
  facet normal -0.9998476949610727 0.017452417627068437 0
    outer loop
      vertex 1.25 165 13
      vertex 1.25 165 14
      vertex 1.252284400165081 165.13087311387062 14
    endloop
  endfacet
  facet normal 0 0 -1
    outer loop
      vertex 1.25 165 13
      vertex 1.252284400165081 165.13087311387062 13
      vertex 10 10 13
    endloop
  endfacet
  facet normal -0.9998476949610727 0.017452417627068437 0
    outer loop
      vertex 1.25 165 13
      vertex 1.252284400165081 165.13087311387062 14
      vertex 1.252284400165081 165.13087311387062 13
    endloop
  endfacet
  facet normal 0 0 -1
    outer loop
      vertex 1.25 165 13
      vertex 4.774328891009635 7.028460175498463 13
      vertex 4.614359353944899 6.8 13
    endloop
  endfacet
  facet normal 0 0 -1
    outer loop
      vertex 1.25 165 13
      vertex 4.971539824501537 7.225671108990365 13
      vertex 4.774328891009635 7.028460175498463 13
    endloop
  endfacet
  facet normal 0 0 -1
    outer loop
      vertex 1.25 165 13
      vertex 5.2 7.385640646055101 13
      vertex 4.971539824501537 7.225671108990365 13
    endloop
  endfacet
  facet normal 0 0 -1
    outer loop
      vertex 1.25 165 13
      vertex 5.45276777067893 7.503508193257454 13
      vertex 5.2 7.385640646055101 13
    endloop
  endfacet
  facet normal 0 0 -1
    outer loop
      vertex 1.25 165 13
      vertex 5.722162915732912 7.575692404819533 13
      vertex 5.45276777067893 7.503508193257454 13
    endloop
  endfacet
  facet normal 0 0 -1
    outer loop
      vertex 1.25 165 13
      vertex 10 10 13
      vertex 5.722162915732912 7.575692404819533 13
    endloop
  endfacet
  facet normal 0 0 1
    outer loop
      vertex 1.25 165 14
      vertex 4.774328891009635 162.97153982450155 14
      vertex 1.252284400165081 165.13087311387062 14
    endloop
  endfacet
  facet normal 0 0 1
    outer loop
      vertex 1.25 165 14
      vertex 4.971539824501537 162.77432889100965 14
      vertex 4.774328891009635 162.97153982450155 14
    endloop
  endfacet
  facet normal 0 0 1
    outer loop
      vertex 1.25 165 14
      vertex 5.2 162.6143593539449 14
      vertex 4.971539824501537 162.77432889100965 14
    endloop
  endfacet
  facet normal 0 0 1
    outer loop
      vertex 1.25 165 14
      vertex 11 159 14
      vertex 5.2 162.6143593539449 14
    endloop
  endfacet
  facet normal -0.9986295343049105 -0.05233596482303056 0
    outer loop
      vertex 1.252284400165081 4.869126886129379 13
      vertex 1.2591348141431808 4.738413222134113 13
      vertex 1.252284400165081 4.869126886129379 14
    endloop
  endfacet
  facet normal 0 0 -1
    outer loop
      vertex 1.252284400165081 4.869126886129379 13
      vertex 4.496491806742546 6.54723222932107 13
      vertex 1.2591348141431808 4.738413222134113 13
    endloop
  endfacet
  facet normal 0 0 -1
    outer loop
      vertex 1.252284400165081 4.869126886129379 13
      vertex 4.614359353944899 6.8 13
      vertex 4.496491806742546 6.54723222932107 13
    endloop
  endfacet
  facet normal -0.9986295343049105 -0.05233596482303056 0
    outer loop
      vertex 1.252284400165081 4.869126886129379 14
      vertex 1.2591348141431808 4.738413222134113 13
      vertex 1.2591348141431808 4.738413222134113 14
    endloop
  endfacet
  facet normal 0 0 1
    outer loop
      vertex 1.252284400165081 4.869126886129379 14
      vertex 1.2591348141431808 4.738413222134113 14
      vertex 4.774328891009635 7.028460175498463 14
    endloop
  endfacet
  facet normal 0 0 1
    outer loop
      vertex 1.252284400165081 4.869126886129379 14
      vertex 4.774328891009635 7.028460175498463 14
      vertex 4.971539824501537 7.225671108990365 14
    endloop
  endfacet
  facet normal -0.9986295343049105 0.05233596482303056 0
    outer loop
      vertex 1.252284400165081 165.13087311387062 13
      vertex 1.252284400165081 165.13087311387062 14
      vertex 1.2591348141431808 165.2615867778659 14
    endloop
  endfacet
  facet normal 0 0 -1
    outer loop
      vertex 1.252284400165081 165.13087311387062 13
      vertex 1.2591348141431808 165.2615867778659 13
      vertex 10 10 13
    endloop
  endfacet
  facet normal -0.9986295343049105 0.05233596482303056 0
    outer loop
      vertex 1.252284400165081 165.13087311387062 13
      vertex 1.2591348141431808 165.2615867778659 14
      vertex 1.2591348141431808 165.2615867778659 13
    endloop
  endfacet
  facet normal 0 0 1
    outer loop
      vertex 1.252284400165081 165.13087311387062 14
      vertex 4.614359353944899 163.2 14
      vertex 1.2591348141431808 165.2615867778659 14
    endloop
  endfacet
  facet normal 0 0 1
    outer loop
      vertex 1.252284400165081 165.13087311387062 14
      vertex 4.774328891009635 162.97153982450155 14
      vertex 4.614359353944899 163.2 14
    endloop
  endfacet
  facet normal -0.9961947013500696 -0.08715570550483667 0
    outer loop
      vertex 1.2591348141431808 4.738413222134113 13
      vertex 1.2705428898334503 4.608018264174461 13
      vertex 1.2591348141431808 4.738413222134113 14
    endloop
  endfacet
  facet normal 0 0 -1
    outer loop
      vertex 1.2591348141431808 4.738413222134113 13
      vertex 4.496491806742546 6.54723222932107 13
      vertex 1.2705428898334503 4.608018264174461 13
    endloop
  endfacet
  facet normal -0.9961947013500696 -0.08715570550483667 0
    outer loop
      vertex 1.2591348141431808 4.738413222134113 14
      vertex 1.2705428898334503 4.608018264174461 13
      vertex 1.2705428898334503 4.608018264174461 14
    endloop
  endfacet
  facet normal 0 0 1
    outer loop
      vertex 1.2591348141431808 4.738413222134113 14
      vertex 1.2705428898334503 4.608018264174461 14
      vertex 4.774328891009635 7.028460175498463 14
    endloop
  endfacet
  facet normal -0.9961947013500696 0.08715570550483667 0
    outer loop
      vertex 1.2591348141431808 165.2615867778659 13
      vertex 1.2591348141431808 165.2615867778659 14
      vertex 1.2705428898334503 165.39198173582554 14
    endloop
  endfacet
  facet normal 0 0 -1
    outer loop
      vertex 1.2591348141431808 165.2615867778659 13
      vertex 1.2705428898334503 165.39198173582554 13
      vertex 10 10 13
    endloop
  endfacet
  facet normal -0.9961947013500696 0.08715570550483667 0
    outer loop
      vertex 1.2591348141431808 165.2615867778659 13
      vertex 1.2705428898334503 165.39198173582554 14
      vertex 1.2705428898334503 165.39198173582554 13
    endloop
  endfacet
  facet normal 0 0 1
    outer loop
      vertex 1.2591348141431808 165.2615867778659 14
      vertex 4.614359353944899 163.2 14
      vertex 1.2705428898334503 165.39198173582554 14
    endloop
  endfacet
  facet normal -0.9925461518665634 -0.12186934157070485 0
    outer loop
      vertex 1.2705428898334503 4.608018264174461 13
      vertex 1.2864947393536568 4.478100873529911 13
      vertex 1.2705428898334503 4.608018264174461 14
    endloop
  endfacet
  facet normal 0 0 -1
    outer loop
      vertex 1.2705428898334503 4.608018264174461 13
      vertex 4.424307595180467 6.277837084267088 13
      vertex 1.2864947393536568 4.478100873529911 13
    endloop
  endfacet
  facet normal 0 0 -1
    outer loop
      vertex 1.2705428898334503 4.608018264174461 13
      vertex 4.496491806742546 6.54723222932107 13
      vertex 4.424307595180467 6.277837084267088 13
    endloop
  endfacet
  facet normal -0.9925461518665634 -0.12186934157070485 0
    outer loop
      vertex 1.2705428898334503 4.608018264174461 14
      vertex 1.2864947393536568 4.478100873529911 13
      vertex 1.2864947393536568 4.478100873529911 14
    endloop
  endfacet
  facet normal 0 0 1
    outer loop
      vertex 1.2705428898334503 4.608018264174461 14
      vertex 1.2864947393536568 4.478100873529911 14
      vertex 4.614359353944899 6.8 14
    endloop
  endfacet
  facet normal 0 0 1
    outer loop
      vertex 1.2705428898334503 4.608018264174461 14
      vertex 4.614359353944899 6.8 14
      vertex 4.774328891009635 7.028460175498463 14
    endloop
  endfacet
  facet normal -0.9925461518665634 0.12186934157070485 0
    outer loop
      vertex 1.2705428898334503 165.39198173582554 13
      vertex 1.2705428898334503 165.39198173582554 14
      vertex 1.2864947393536568 165.5218991264701 14
    endloop
  endfacet
  facet normal 0 0 -1
    outer loop
      vertex 1.2705428898334503 165.39198173582554 13
      vertex 1.2864947393536568 165.5218991264701 13
      vertex 10 10 13
    endloop
  endfacet
  facet normal -0.9925461518665634 0.12186934157070485 0
    outer loop
      vertex 1.2705428898334503 165.39198173582554 13
      vertex 1.2864947393536568 165.5218991264701 14
      vertex 1.2864947393536568 165.5218991264701 13
    endloop
  endfacet
  facet normal 0 0 1
    outer loop
      vertex 1.2705428898334503 165.39198173582554 14
      vertex 4.496491806742546 163.45276777067892 14
      vertex 1.2864947393536568 165.5218991264701 14
    endloop
  endfacet
  facet normal 0 0 1
    outer loop
      vertex 1.2705428898334503 165.39198173582554 14
      vertex 4.614359353944899 163.2 14
      vertex 4.496491806742546 163.45276777067892 14
    endloop
  endfacet
  facet normal -0.9876883406870989 -0.1564344644596109 0
    outer loop
      vertex 1.2864947393536568 4.478100873529911 13
      vertex 1.3069709241390228 4.348819330334663 13
      vertex 1.2864947393536568 4.478100873529911 14
    endloop
  endfacet
  facet normal 0 0 -1
    outer loop
      vertex 1.2864947393536568 4.478100873529911 13
      vertex 4.424307595180467 6.277837084267088 13
      vertex 1.3069709241390228 4.348819330334663 13
    endloop
  endfacet
  facet normal -0.9876883406870989 -0.1564344644596109 0
    outer loop
      vertex 1.2864947393536568 4.478100873529911 14
      vertex 1.3069709241390228 4.348819330334663 13
      vertex 1.3069709241390228 4.348819330334663 14
    endloop
  endfacet
  facet normal 0 0 1
    outer loop
      vertex 1.2864947393536568 4.478100873529911 14
      vertex 1.3069709241390228 4.348819330334663 14
      vertex 4.496491806742546 6.54723222932107 14
    endloop
  endfacet
  facet normal 0 0 1
    outer loop
      vertex 1.2864947393536568 4.478100873529911 14
      vertex 4.496491806742546 6.54723222932107 14
      vertex 4.614359353944899 6.8 14
    endloop
  endfacet
  facet normal -0.9876883406870989 0.1564344644596109 0
    outer loop
      vertex 1.2864947393536568 165.5218991264701 13
      vertex 1.2864947393536568 165.5218991264701 14
      vertex 1.3069709241390228 165.65118066966534 14
    endloop
  endfacet
  facet normal 0 0 -1
    outer loop
      vertex 1.2864947393536568 165.5218991264701 13
      vertex 1.3069709241390228 165.65118066966534 13
      vertex 10 10 13
    endloop
  endfacet
  facet normal -0.9876883406870989 0.1564344644596109 0
    outer loop
      vertex 1.2864947393536568 165.5218991264701 13
      vertex 1.3069709241390228 165.65118066966534 14
      vertex 1.3069709241390228 165.65118066966534 13
    endloop
  endfacet
  facet normal 0 0 1
    outer loop
      vertex 1.2864947393536568 165.5218991264701 14
      vertex 4.424307595180467 163.72216291573292 14
      vertex 1.3069709241390228 165.65118066966534 14
    endloop
  endfacet
  facet normal 0 0 1
    outer loop
      vertex 1.2864947393536568 165.5218991264701 14
      vertex 4.496491806742546 163.45276777067892 14
      vertex 4.424307595180467 163.72216291573292 14
    endloop
  endfacet
  facet normal -0.9816271753385194 -0.19080903709447267 0
    outer loop
      vertex 1.3069709241390228 4.348819330334663 13
      vertex 1.33194649964571 4.220331162214279 13
      vertex 1.3069709241390228 4.348819330334663 14
    endloop
  endfacet
  facet normal 0 0 -1
    outer loop
      vertex 1.3069709241390228 4.348819330334663 13
      vertex 4.424307595180467 6.277837084267088 13
      vertex 1.33194649964571 4.220331162214279 13
    endloop
  endfacet
  facet normal -0.9816271753385194 -0.19080903709447267 0
    outer loop
      vertex 1.3069709241390228 4.348819330334663 14
      vertex 1.33194649964571 4.220331162214279 13
      vertex 1.33194649964571 4.220331162214279 14
    endloop
  endfacet
  facet normal 0 0 1
    outer loop
      vertex 1.3069709241390228 4.348819330334663 14
      vertex 1.33194649964571 4.220331162214279 14
      vertex 4.496491806742546 6.54723222932107 14
    endloop
  endfacet
  facet normal -0.9816271753385194 0.19080903709447267 0
    outer loop
      vertex 1.3069709241390228 165.65118066966534 13
      vertex 1.3069709241390228 165.65118066966534 14
      vertex 1.33194649964571 165.77966883778572 14
    endloop
  endfacet
  facet normal 0 0 -1
    outer loop
      vertex 1.3069709241390228 165.65118066966534 13
      vertex 1.33194649964571 165.77966883778572 13
      vertex 10 10 13
    endloop
  endfacet
  facet normal -0.9816271753385194 0.19080903709447267 0
    outer loop
      vertex 1.3069709241390228 165.65118066966534 13
      vertex 1.33194649964571 165.77966883778572 14
      vertex 1.33194649964571 165.77966883778572 13
    endloop
  endfacet
  facet normal 0 0 1
    outer loop
      vertex 1.3069709241390228 165.65118066966534 14
      vertex 4.424307595180467 163.72216291573292 14
      vertex 1.33194649964571 165.77966883778572 14
    endloop
  endfacet
  facet normal -0.9743700762168065 -0.2249510048282839 0
    outer loop
      vertex 1.33194649964571 4.220331162214279 13
      vertex 1.3613910228013992 4.092792890965939 13
      vertex 1.33194649964571 4.220331162214279 14
    endloop
  endfacet
  facet normal 0 0 -1
    outer loop
      vertex 1.33194649964571 4.220331162214279 13
      vertex 4.4 6 13
      vertex 1.3613910228013992 4.092792890965939 13
    endloop
  endfacet
  facet normal 0 0 -1
    outer loop
      vertex 1.33194649964571 4.220331162214279 13
      vertex 4.424307595180467 6.277837084267088 13
      vertex 4.4 6 13
    endloop
  endfacet
  facet normal -0.9743700762168065 -0.2249510048282839 0
    outer loop
      vertex 1.33194649964571 4.220331162214279 14
      vertex 1.3613910228013992 4.092792890965939 13
      vertex 1.3613910228013992 4.092792890965939 14
    endloop
  endfacet
  facet normal 0 0 1
    outer loop
      vertex 1.33194649964571 4.220331162214279 14
      vertex 1.3613910228013992 4.092792890965939 14
      vertex 4.496491806742546 6.54723222932107 14
    endloop
  endfacet
  facet normal -0.9743700762168065 0.2249510048282839 0
    outer loop
      vertex 1.33194649964571 165.77966883778572 13
      vertex 1.33194649964571 165.77966883778572 14
      vertex 1.3613910228013992 165.90720710903406 14
    endloop
  endfacet
  facet normal 0 0 -1
    outer loop
      vertex 1.33194649964571 165.77966883778572 13
      vertex 1.3613910228013992 165.90720710903406 13
      vertex 10 10 13
    endloop
  endfacet
  facet normal -0.9743700762168065 0.2249510048282839 0
    outer loop
      vertex 1.33194649964571 165.77966883778572 13
      vertex 1.3613910228013992 165.90720710903406 14
      vertex 1.3613910228013992 165.90720710903406 13
    endloop
  endfacet
  facet normal 0 0 1
    outer loop
      vertex 1.33194649964571 165.77966883778572 14
      vertex 4.424307595180467 163.72216291573292 14
      vertex 1.3613910228013992 165.90720710903406 14
    endloop
  endfacet
  facet normal -0.9659258179582615 -0.25881907619351313 0
    outer loop
      vertex 1.3613910228013992 4.092792890965939 13
      vertex 1.3952686414122581 3.9663599133491516 13
      vertex 1.3613910228013992 4.092792890965939 14
    endloop
  endfacet
  facet normal 0 0 -1
    outer loop
      vertex 1.3613910228013992 4.092792890965939 13
      vertex 4.4 6 13
      vertex 1.3952686414122581 3.9663599133491516 13
    endloop
  endfacet
  facet normal -0.9659258179582615 -0.25881907619351313 0
    outer loop
      vertex 1.3613910228013992 4.092792890965939 14
      vertex 1.3952686414122581 3.9663599133491516 13
      vertex 1.3952686414122581 3.9663599133491516 14
    endloop
  endfacet
  facet normal 0 0 1
    outer loop
      vertex 1.3613910228013992 4.092792890965939 14
      vertex 1.3952686414122581 3.9663599133491516 14
      vertex 4.424307595180467 6.277837084267088 14
    endloop
  endfacet
  facet normal 0 0 1
    outer loop
      vertex 1.3613910228013992 4.092792890965939 14
      vertex 4.424307595180467 6.277837084267088 14
      vertex 4.496491806742546 6.54723222932107 14
    endloop
  endfacet
  facet normal -0.9659258179582615 0.25881907619351313 0
    outer loop
      vertex 1.3613910228013992 165.90720710903406 13
      vertex 1.3613910228013992 165.90720710903406 14
      vertex 1.3952686414122581 166.03364008665085 14
    endloop
  endfacet
  facet normal 0 0 -1
    outer loop
      vertex 1.3613910228013992 165.90720710903406 13
      vertex 1.3952686414122581 166.03364008665085 13
      vertex 10 10 13
    endloop
  endfacet
  facet normal -0.9659258179582615 0.25881907619351313 0
    outer loop
      vertex 1.3613910228013992 165.90720710903406 13
      vertex 1.3952686414122581 166.03364008665085 14
      vertex 1.3952686414122581 166.03364008665085 13
    endloop
  endfacet
  facet normal 0 0 1
    outer loop
      vertex 1.3613910228013992 165.90720710903406 14
      vertex 4.4 164 14
      vertex 1.3952686414122581 166.03364008665085 14
    endloop
  endfacet
  facet normal 0 0 1
    outer loop
      vertex 1.3613910228013992 165.90720710903406 14
      vertex 4.424307595180467 163.72216291573292 14
      vertex 4.4 164 14
    endloop
  endfacet
  facet normal -0.9563047565983795 -0.2923717026446201 0
    outer loop
      vertex 1.3952686414122581 3.9663599133491516 13
      vertex 1.4335380643606186 3.8411862701177597 13
      vertex 1.3952686414122581 3.9663599133491516 14
    endloop
  endfacet
  facet normal 0 0 -1
    outer loop
      vertex 1.3952686414122581 3.9663599133491516 13
      vertex 4.4 6 13
      vertex 4.424307595180467 5.722162915732912 13
    endloop
  endfacet
  facet normal 0 0 -1
    outer loop
      vertex 1.3952686414122581 3.9663599133491516 13
      vertex 4.424307595180467 5.722162915732912 13
      vertex 1.4335380643606186 3.8411862701177597 13
    endloop
  endfacet
  facet normal -0.9563047565983795 -0.2923717026446201 0
    outer loop
      vertex 1.3952686414122581 3.9663599133491516 14
      vertex 1.4335380643606186 3.8411862701177597 13
      vertex 1.4335380643606186 3.8411862701177597 14
    endloop
  endfacet
  facet normal 0 0 1
    outer loop
      vertex 1.3952686414122581 3.9663599133491516 14
      vertex 1.4335380643606186 3.8411862701177597 14
      vertex 4.424307595180467 6.277837084267088 14
    endloop
  endfacet
  facet normal -0.9563047565983795 0.2923717026446201 0
    outer loop
      vertex 1.3952686414122581 166.03364008665085 13
      vertex 1.3952686414122581 166.03364008665085 14
      vertex 1.4335380643606186 166.15881372988224 14
    endloop
  endfacet
  facet normal 0 0 -1
    outer loop
      vertex 1.3952686414122581 166.03364008665085 13
      vertex 1.4335380643606186 166.15881372988224 13
      vertex 10 10 13
    endloop
  endfacet
  facet normal -0.9563047565983795 0.2923717026446201 0
    outer loop
      vertex 1.3952686414122581 166.03364008665085 13
      vertex 1.4335380643606186 166.15881372988224 14
      vertex 1.4335380643606186 166.15881372988224 13
    endloop
  endfacet
  facet normal 0 0 1
    outer loop
      vertex 1.3952686414122581 166.03364008665085 14
      vertex 4.4 164 14
      vertex 1.4335380643606186 166.15881372988224 14
    endloop
  endfacet
  facet normal -0.9455185750711211 -0.32556815599114824 0
    outer loop
      vertex 1.4335380643606186 3.8411862701177597 13
      vertex 1.4761526733636856 3.7174244597554207 13
      vertex 1.4335380643606186 3.8411862701177597 14
    endloop
  endfacet
  facet normal 0 0 -1
    outer loop
      vertex 1.4335380643606186 3.8411862701177597 13
      vertex 4.424307595180467 5.722162915732912 13
      vertex 1.4761526733636856 3.7174244597554207 13
    endloop
  endfacet
  facet normal -0.9455185750711211 -0.32556815599114824 0
    outer loop
      vertex 1.4335380643606186 3.8411862701177597 14
      vertex 1.4761526733636856 3.7174244597554207 13
      vertex 1.4761526733636856 3.7174244597554207 14
    endloop
  endfacet
  facet normal 0 0 1
    outer loop
      vertex 1.4335380643606186 3.8411862701177597 14
      vertex 1.4761526733636856 3.7174244597554207 14
      vertex 4.4 6 14
    endloop
  endfacet
  facet normal 0 0 1
    outer loop
      vertex 1.4335380643606186 3.8411862701177597 14
      vertex 4.4 6 14
      vertex 4.424307595180467 6.277837084267088 14
    endloop
  endfacet
  facet normal -0.9455185750711211 0.32556815599114824 0
    outer loop
      vertex 1.4335380643606186 166.15881372988224 13
      vertex 1.4335380643606186 166.15881372988224 14
      vertex 1.4761526733636856 166.28257554024458 14
    endloop
  endfacet
  facet normal 0 0 -1
    outer loop
      vertex 1.4335380643606186 166.15881372988224 13
      vertex 1.4761526733636856 166.28257554024458 13
      vertex 10 10 13
    endloop
  endfacet
  facet normal -0.9455185750711211 0.32556815599114824 0
    outer loop
      vertex 1.4335380643606186 166.15881372988224 13
      vertex 1.4761526733636856 166.28257554024458 14
      vertex 1.4761526733636856 166.28257554024458 13
    endloop
  endfacet
  facet normal 0 0 1
    outer loop
      vertex 1.4335380643606186 166.15881372988224 14
      vertex 4.4 164 14
      vertex 4.424307595180467 164.27783708426708 14
    endloop
  endfacet
  facet normal 0 0 1
    outer loop
      vertex 1.4335380643606186 166.15881372988224 14
      vertex 4.424307595180467 164.27783708426708 14
      vertex 1.4761526733636856 166.28257554024458 14
    endloop
  endfacet
  facet normal -0.9335804273776794 -0.3583679472515775 0
    outer loop
      vertex 1.4761526733636856 3.7174244597554207 13
      vertex 1.5230605453252792 3.5952252745628357 13
      vertex 1.4761526733636856 3.7174244597554207 14
    endloop
  endfacet
  facet normal 0 0 -1
    outer loop
      vertex 1.4761526733636856 3.7174244597554207 13
      vertex 4.424307595180467 5.722162915732912 13
      vertex 1.5230605453252792 3.5952252745628357 13
    endloop
  endfacet
  facet normal -0.9335804273776794 -0.3583679472515775 0
    outer loop
      vertex 1.4761526733636856 3.7174244597554207 14
      vertex 1.5230605453252792 3.5952252745628357 13
      vertex 1.5230605453252792 3.5952252745628357 14
    endloop
  endfacet
  facet normal 0 0 1
    outer loop
      vertex 1.4761526733636856 3.7174244597554207 14
      vertex 1.5230605453252792 3.5952252745628357 14
      vertex 4.4 6 14
    endloop
  endfacet
  facet normal -0.9335804273776794 0.3583679472515775 0
    outer loop
      vertex 1.4761526733636856 166.28257554024458 13
      vertex 1.4761526733636856 166.28257554024458 14
      vertex 1.5230605453252792 166.40477472543716 14
    endloop
  endfacet
  facet normal 0 0 -1
    outer loop
      vertex 1.4761526733636856 166.28257554024458 13
      vertex 1.5230605453252792 166.40477472543716 13
      vertex 10 10 13
    endloop
  endfacet
  facet normal -0.9335804273776794 0.3583679472515775 0
    outer loop
      vertex 1.4761526733636856 166.28257554024458 13
      vertex 1.5230605453252792 166.40477472543716 14
      vertex 1.5230605453252792 166.40477472543716 13
    endloop
  endfacet
  facet normal 0 0 1
    outer loop
      vertex 1.4761526733636856 166.28257554024458 14
      vertex 4.424307595180467 164.27783708426708 14
      vertex 1.5230605453252792 166.40477472543716 14
    endloop
  endfacet
  facet normal -0.9205048477557426 -0.39073114190985214 0
    outer loop
      vertex 1.5230605453252792 3.5952252745628357 13
      vertex 1.574204534292221 3.4747375920414925 13
      vertex 1.5230605453252792 3.5952252745628357 14
    endloop
  endfacet
  facet normal 0 0 -1
    outer loop
      vertex 1.5230605453252792 3.5952252745628357 13
      vertex 4.424307595180467 5.722162915732912 13
      vertex 4.496491806742546 5.45276777067893 13
    endloop
  endfacet
  facet normal 0 0 -1
    outer loop
      vertex 1.5230605453252792 3.5952252745628357 13
      vertex 4.496491806742546 5.45276777067893 13
      vertex 1.574204534292221 3.4747375920414925 13
    endloop
  endfacet
  facet normal -0.9205048477557426 -0.39073114190985214 0
    outer loop
      vertex 1.5230605453252792 3.5952252745628357 14
      vertex 1.574204534292221 3.4747375920414925 13
      vertex 1.574204534292221 3.4747375920414925 14
    endloop
  endfacet
  facet normal 0 0 1
    outer loop
      vertex 1.5230605453252792 3.5952252745628357 14
      vertex 1.574204534292221 3.4747375920414925 14
      vertex 4.4 6 14
    endloop
  endfacet
  facet normal -0.9205048477557426 0.39073114190985214 0
    outer loop
      vertex 1.5230605453252792 166.40477472543716 13
      vertex 1.5230605453252792 166.40477472543716 14
      vertex 1.574204534292221 166.5252624079585 14
    endloop
  endfacet
  facet normal 0 0 -1
    outer loop
      vertex 1.5230605453252792 166.40477472543716 13
      vertex 1.574204534292221 166.5252624079585 13
      vertex 10 10 13
    endloop
  endfacet
  facet normal -0.9205048477557426 0.39073114190985214 0
    outer loop
      vertex 1.5230605453252792 166.40477472543716 13
      vertex 1.574204534292221 166.5252624079585 14
      vertex 1.574204534292221 166.5252624079585 13
    endloop
  endfacet
  facet normal 0 0 1
    outer loop
      vertex 1.5230605453252792 166.40477472543716 14
      vertex 4.424307595180467 164.27783708426708 14
      vertex 1.574204534292221 166.5252624079585 14
    endloop
  endfacet
  facet normal -0.9063078060661494 -0.4226182209318042 0
    outer loop
      vertex 1.574204534292221 3.4747375920414925 13
      vertex 1.6295223236083984 3.356108196079731 13
      vertex 1.574204534292221 3.4747375920414925 14
    endloop
  endfacet
  facet normal 0 0 -1
    outer loop
      vertex 1.574204534292221 3.4747375920414925 13
      vertex 4.496491806742546 5.45276777067893 13
      vertex 1.6295223236083984 3.356108196079731 13
    endloop
  endfacet
  facet normal -0.9063078060661494 -0.4226182209318042 0
    outer loop
      vertex 1.574204534292221 3.4747375920414925 14
      vertex 1.6295223236083984 3.356108196079731 13
      vertex 1.6295223236083984 3.356108196079731 14
    endloop
  endfacet
  facet normal 0 0 1
    outer loop
      vertex 1.574204534292221 3.4747375920414925 14
      vertex 1.6295223236083984 3.356108196079731 14
      vertex 4.424307595180467 5.722162915732912 14
    endloop
  endfacet
  facet normal 0 0 1
    outer loop
      vertex 1.574204534292221 3.4747375920414925 14
      vertex 4.424307595180467 5.722162915732912 14
      vertex 4.4 6 14
    endloop
  endfacet
  facet normal -0.9063078060661494 0.4226182209318042 0
    outer loop
      vertex 1.574204534292221 166.5252624079585 13
      vertex 1.574204534292221 166.5252624079585 14
      vertex 1.6295223236083984 166.64389180392027 14
    endloop
  endfacet
  facet normal 0 0 -1
    outer loop
      vertex 1.574204534292221 166.5252624079585 13
      vertex 1.6295223236083984 166.64389180392027 13
      vertex 10 10 13
    endloop
  endfacet
  facet normal -0.9063078060661494 0.4226182209318042 0
    outer loop
      vertex 1.574204534292221 166.5252624079585 13
      vertex 1.6295223236083984 166.64389180392027 14
      vertex 1.6295223236083984 166.64389180392027 13
    endloop
  endfacet
  facet normal 0 0 1
    outer loop
      vertex 1.574204534292221 166.5252624079585 14
      vertex 4.424307595180467 164.27783708426708 14
      vertex 4.496491806742546 164.54723222932108 14
    endloop
  endfacet
  facet normal 0 0 1
    outer loop
      vertex 1.574204534292221 166.5252624079585 14
      vertex 4.496491806742546 164.54723222932108 14
      vertex 1.6295223236083984 166.64389180392027 14
    endloop
  endfacet
  facet normal -0.8910064943563568 -0.4539905582881603 0
    outer loop
      vertex 1.6295223236083984 3.356108196079731 13
      vertex 1.6889465302228928 3.239481642842293 13
      vertex 1.6295223236083984 3.356108196079731 14
    endloop
  endfacet
  facet normal 0 0 -1
    outer loop
      vertex 1.6295223236083984 3.356108196079731 13
      vertex 4.496491806742546 5.45276777067893 13
      vertex 1.6889465302228928 3.239481642842293 13
    endloop
  endfacet
  facet normal -0.8910064943563568 -0.4539905582881603 0
    outer loop
      vertex 1.6295223236083984 3.356108196079731 14
      vertex 1.6889465302228928 3.239481642842293 13
      vertex 1.6889465302228928 3.239481642842293 14
    endloop
  endfacet
  facet normal 0 0 1
    outer loop
      vertex 1.6295223236083984 3.356108196079731 14
      vertex 1.6889465302228928 3.239481642842293 14
      vertex 4.424307595180467 5.722162915732912 14
    endloop
  endfacet
  facet normal -0.8910064943563568 0.4539905582881603 0
    outer loop
      vertex 1.6295223236083984 166.64389180392027 13
      vertex 1.6295223236083984 166.64389180392027 14
      vertex 1.6889465302228928 166.7605183571577 14
    endloop
  endfacet
  facet normal 0 0 -1
    outer loop
      vertex 1.6295223236083984 166.64389180392027 13
      vertex 1.6889465302228928 166.7605183571577 13
      vertex 10 10 13
    endloop
  endfacet
  facet normal -0.8910064943563568 0.4539905582881603 0
    outer loop
      vertex 1.6295223236083984 166.64389180392027 13
      vertex 1.6889465302228928 166.7605183571577 14
      vertex 1.6889465302228928 166.7605183571577 13
    endloop
  endfacet
  facet normal 0 0 1
    outer loop
      vertex 1.6295223236083984 166.64389180392027 14
      vertex 4.496491806742546 164.54723222932108 14
      vertex 1.6889465302228928 166.7605183571577 14
    endloop
  endfacet
  facet normal -0.8746197284656549 -0.4848095817727449 0
    outer loop
      vertex 1.6889465302228928 3.239481642842293 13
      vertex 1.752404734492302 3.125 13
      vertex 1.6889465302228928 3.239481642842293 14
    endloop
  endfacet
  facet normal 0 0 -1
    outer loop
      vertex 1.6889465302228928 3.239481642842293 13
      vertex 4.496491806742546 5.45276777067893 13
      vertex 4.614359353944899 5.2 13
    endloop
  endfacet
  facet normal 0 0 -1
    outer loop
      vertex 1.6889465302228928 3.239481642842293 13
      vertex 4.614359353944899 5.2 13
      vertex 1.752404734492302 3.125 13
    endloop
  endfacet
  facet normal -0.8746197284656549 -0.4848095817727449 0
    outer loop
      vertex 1.6889465302228928 3.239481642842293 14
      vertex 1.752404734492302 3.125 13
      vertex 1.752404734492302 3.125 14
    endloop
  endfacet
  facet normal 0 0 1
    outer loop
      vertex 1.6889465302228928 3.239481642842293 14
      vertex 1.752404734492302 3.125 14
      vertex 4.424307595180467 5.722162915732912 14
    endloop
  endfacet
  facet normal -0.8746197284656549 0.4848095817727449 0
    outer loop
      vertex 1.6889465302228928 166.7605183571577 13
      vertex 1.6889465302228928 166.7605183571577 14
      vertex 1.752404734492302 166.875 14
    endloop
  endfacet
  facet normal 0 0 -1
    outer loop
      vertex 1.6889465302228928 166.7605183571577 13
      vertex 1.752404734492302 166.875 13
      vertex 10 10 13
    endloop
  endfacet
  facet normal -0.8746197284656549 0.4848095817727449 0
    outer loop
      vertex 1.6889465302228928 166.7605183571577 13
      vertex 1.752404734492302 166.875 14
      vertex 1.752404734492302 166.875 13
    endloop
  endfacet
  facet normal 0 0 1
    outer loop
      vertex 1.6889465302228928 166.7605183571577 14
      vertex 4.496491806742546 164.54723222932108 14
      vertex 1.752404734492302 166.875 14
    endloop
  endfacet
  facet normal -0.857167309260831 -0.5150380606659539 0
    outer loop
      vertex 1.752404734492302 3.125 13
      vertex 1.819819636642933 3.0128027573227882 13
      vertex 1.752404734492302 3.125 14
    endloop
  endfacet
  facet normal 0 0 -1
    outer loop
      vertex 1.752404734492302 3.125 13
      vertex 4.614359353944899 5.2 13
      vertex 1.819819636642933 3.0128027573227882 13
    endloop
  endfacet
  facet normal -0.857167309260831 -0.5150380606659539 0
    outer loop
      vertex 1.752404734492302 3.125 14
      vertex 1.819819636642933 3.0128027573227882 13
      vertex 1.819819636642933 3.0128027573227882 14
    endloop
  endfacet
  facet normal 0 0 1
    outer loop
      vertex 1.752404734492302 3.125 14
      vertex 1.819819636642933 3.0128027573227882 14
      vertex 4.496491806742546 5.45276777067893 14
    endloop
  endfacet
  facet normal 0 0 1
    outer loop
      vertex 1.752404734492302 3.125 14
      vertex 4.496491806742546 5.45276777067893 14
      vertex 4.424307595180467 5.722162915732912 14
    endloop
  endfacet
  facet normal -0.857167309260831 0.5150380606659539 0
    outer loop
      vertex 1.752404734492302 166.875 13
      vertex 1.752404734492302 166.875 14
      vertex 1.819819636642933 166.9871972426772 14
    endloop
  endfacet
  facet normal 0 0 -1
    outer loop
      vertex 1.752404734492302 166.875 13
      vertex 1.819819636642933 166.9871972426772 13
      vertex 10 10 13
    endloop
  endfacet
  facet normal -0.857167309260831 0.5150380606659539 0
    outer loop
      vertex 1.752404734492302 166.875 13
      vertex 1.819819636642933 166.9871972426772 14
      vertex 1.819819636642933 166.9871972426772 13
    endloop
  endfacet
  facet normal 0 0 1
    outer loop
      vertex 1.752404734492302 166.875 14
      vertex 4.496491806742546 164.54723222932108 14
      vertex 4.614359353944899 164.8 14
    endloop
  endfacet
  facet normal 0 0 1
    outer loop
      vertex 1.752404734492302 166.875 14
      vertex 4.614359353944899 164.8 14
      vertex 1.819819636642933 166.9871972426772 14
    endloop
  endfacet
  facet normal -0.8386705623411393 -0.5446390436448686 0
    outer loop
      vertex 1.819819636642933 3.0128027573227882 13
      vertex 1.8911091014742851 2.9030266106128693 13
      vertex 1.819819636642933 3.0128027573227882 14
    endloop
  endfacet
  facet normal 0 0 -1
    outer loop
      vertex 1.819819636642933 3.0128027573227882 13
      vertex 4.614359353944899 5.2 13
      vertex 1.8911091014742851 2.9030266106128693 13
    endloop
  endfacet
  facet normal -0.8386705623411393 -0.5446390436448686 0
    outer loop
      vertex 1.819819636642933 3.0128027573227882 14
      vertex 1.8911091014742851 2.9030266106128693 13
      vertex 1.8911091014742851 2.9030266106128693 14
    endloop
  endfacet
  facet normal 0 0 1
    outer loop
      vertex 1.819819636642933 3.0128027573227882 14
      vertex 1.8911091014742851 2.9030266106128693 14
      vertex 4.496491806742546 5.45276777067893 14
    endloop
  endfacet
  facet normal -0.8386705623411393 0.5446390436448686 0
    outer loop
      vertex 1.819819636642933 166.9871972426772 13
      vertex 1.819819636642933 166.9871972426772 14
      vertex 1.8911091014742851 167.09697338938713 14
    endloop
  endfacet
  facet normal 0 0 -1
    outer loop
      vertex 1.819819636642933 166.9871972426772 13
      vertex 1.8911091014742851 167.09697338938713 13
      vertex 10 10 13
    endloop
  endfacet
  facet normal -0.8386705623411393 0.5446390436448686 0
    outer loop
      vertex 1.819819636642933 166.9871972426772 13
      vertex 1.8911091014742851 167.09697338938713 14
      vertex 1.8911091014742851 167.09697338938713 13
    endloop
  endfacet
  facet normal 0 0 1
    outer loop
      vertex 1.819819636642933 166.9871972426772 14
      vertex 4.614359353944899 164.8 14
      vertex 1.8911091014742851 167.09697338938713 14
    endloop
  endfacet
  facet normal -0.819152035794395 -0.5735764484825874 0
    outer loop
      vertex 1.8911091014742851 2.9030266106128693 13
      vertex 1.9661862701177597 2.7958053052425385 13
      vertex 1.8911091014742851 2.9030266106128693 14
    endloop
  endfacet
  facet normal 0 0 -1
    outer loop
      vertex 1.8911091014742851 2.9030266106128693 13
      vertex 4.614359353944899 5.2 13
      vertex 4.774328891009635 4.971539824501537 13
    endloop
  endfacet
  facet normal 0 0 -1
    outer loop
      vertex 1.8911091014742851 2.9030266106128693 13
      vertex 4.774328891009635 4.971539824501537 13
      vertex 1.9661862701177597 2.7958053052425385 13
    endloop
  endfacet
  facet normal -0.819152035794395 -0.5735764484825874 0
    outer loop
      vertex 1.8911091014742851 2.9030266106128693 14
      vertex 1.9661862701177597 2.7958053052425385 13
      vertex 1.9661862701177597 2.7958053052425385 14
    endloop
  endfacet
  facet normal 0 0 1
    outer loop
      vertex 1.8911091014742851 2.9030266106128693 14
      vertex 1.9661862701177597 2.7958053052425385 14
      vertex 4.496491806742546 5.45276777067893 14
    endloop
  endfacet
  facet normal -0.819152035794395 0.5735764484825874 0
    outer loop
      vertex 1.8911091014742851 167.09697338938713 13
      vertex 1.8911091014742851 167.09697338938713 14
      vertex 1.9661862701177597 167.20419469475746 14
    endloop
  endfacet
  facet normal 0 0 -1
    outer loop
      vertex 1.8911091014742851 167.09697338938713 13
      vertex 1.9661862701177597 167.20419469475746 13
      vertex 10 10 13
    endloop
  endfacet
  facet normal -0.819152035794395 0.5735764484825874 0
    outer loop
      vertex 1.8911091014742851 167.09697338938713 13
      vertex 1.9661862701177597 167.20419469475746 14
      vertex 1.9661862701177597 167.20419469475746 13
    endloop
  endfacet
  facet normal 0 0 1
    outer loop
      vertex 1.8911091014742851 167.09697338938713 14
      vertex 4.614359353944899 164.8 14
      vertex 1.9661862701177597 167.20419469475746 14
    endloop
  endfacet
  facet normal -0.7986355257473237 -0.601815002317403 0
    outer loop
      vertex 1.9661862701177597 2.7958053052425385 13
      vertex 2.044959671795368 2.691269464790821 13
      vertex 1.9661862701177597 2.7958053052425385 14
    endloop
  endfacet
  facet normal 0 0 -1
    outer loop
      vertex 1.9661862701177597 2.7958053052425385 13
      vertex 4.774328891009635 4.971539824501537 13
      vertex 2.044959671795368 2.691269464790821 13
    endloop
  endfacet
  facet normal -0.7986355257473237 -0.601815002317403 0
    outer loop
      vertex 1.9661862701177597 2.7958053052425385 14
      vertex 2.044959671795368 2.691269464790821 13
      vertex 2.044959671795368 2.691269464790821 14
    endloop
  endfacet
  facet normal 0 0 1
    outer loop
      vertex 1.9661862701177597 2.7958053052425385 14
      vertex 2.044959671795368 2.691269464790821 14
      vertex 4.614359353944899 5.2 14
    endloop
  endfacet
  facet normal 0 0 1
    outer loop
      vertex 1.9661862701177597 2.7958053052425385 14
      vertex 4.614359353944899 5.2 14
      vertex 4.496491806742546 5.45276777067893 14
    endloop
  endfacet
  facet normal -0.7986355257473237 0.601815002317403 0
    outer loop
      vertex 1.9661862701177597 167.20419469475746 13
      vertex 1.9661862701177597 167.20419469475746 14
      vertex 2.044959671795368 167.30873053520918 14
    endloop
  endfacet
  facet normal 0 0 -1
    outer loop
      vertex 1.9661862701177597 167.20419469475746 13
      vertex 2.044959671795368 167.30873053520918 13
      vertex 10 10 13
    endloop
  endfacet
  facet normal -0.7986355257473237 0.601815002317403 0
    outer loop
      vertex 1.9661862701177597 167.20419469475746 13
      vertex 2.044959671795368 167.30873053520918 14
      vertex 2.044959671795368 167.30873053520918 13
    endloop
  endfacet
  facet normal 0 0 1
    outer loop
      vertex 1.9661862701177597 167.20419469475746 14
      vertex 4.614359353944899 164.8 14
      vertex 4.774328891009635 165.02846017549845 14
    endloop
  endfacet
  facet normal 0 0 1
    outer loop
      vertex 1.9661862701177597 167.20419469475746 14
      vertex 4.774328891009635 165.02846017549845 14
      vertex 2.044959671795368 167.30873053520918 14
    endloop
  endfacet
  facet normal -0.7771459530700927 -0.6293204014067693 0
    outer loop
      vertex 2.044959671795368 2.691269464790821 13
      vertex 2.1273333355784416 2.589546464383602 13
      vertex 2.044959671795368 2.691269464790821 14
    endloop
  endfacet
  facet normal 0 0 -1
    outer loop
      vertex 2.044959671795368 2.691269464790821 13
      vertex 4.774328891009635 4.971539824501537 13
      vertex 2.1273333355784416 2.589546464383602 13
    endloop
  endfacet
  facet normal -0.7771459530700927 -0.6293204014067693 0
    outer loop
      vertex 2.044959671795368 2.691269464790821 14
      vertex 2.1273333355784416 2.589546464383602 13
      vertex 2.1273333355784416 2.589546464383602 14
    endloop
  endfacet
  facet normal 0 0 1
    outer loop
      vertex 2.044959671795368 2.691269464790821 14
      vertex 2.1273333355784416 2.589546464383602 14
      vertex 4.614359353944899 5.2 14
    endloop
  endfacet
  facet normal -0.7771459530700927 0.6293204014067693 0
    outer loop
      vertex 2.044959671795368 167.30873053520918 13
      vertex 2.044959671795368 167.30873053520918 14
      vertex 2.1273333355784416 167.4104535356164 14
    endloop
  endfacet
  facet normal 0 0 -1
    outer loop
      vertex 2.044959671795368 167.30873053520918 13
      vertex 2.1273333355784416 167.4104535356164 13
      vertex 10 10 13
    endloop
  endfacet
  facet normal -0.7771459530700927 0.6293204014067693 0
    outer loop
      vertex 2.044959671795368 167.30873053520918 13
      vertex 2.1273333355784416 167.4104535356164 14
      vertex 2.1273333355784416 167.4104535356164 13
    endloop
  endfacet
  facet normal 0 0 1
    outer loop
      vertex 2.044959671795368 167.30873053520918 14
      vertex 4.774328891009635 165.02846017549845 14
      vertex 2.1273333355784416 167.4104535356164 14
    endloop
  endfacet
  facet normal -0.7547095698993764 -0.656059040866215 0
    outer loop
      vertex 2.1273333355784416 2.589546464383602 13
      vertex 2.2132069021463394 2.4907602295279503 13
      vertex 2.1273333355784416 2.589546464383602 14
    endloop
  endfacet
  facet normal 0 0 -1
    outer loop
      vertex 2.1273333355784416 2.589546464383602 13
      vertex 4.774328891009635 4.971539824501537 13
      vertex 4.971539824501537 4.774328891009635 13
    endloop
  endfacet
  facet normal 0 0 -1
    outer loop
      vertex 2.1273333355784416 2.589546464383602 13
      vertex 4.971539824501537 4.774328891009635 13
      vertex 2.2132069021463394 2.4907602295279503 13
    endloop
  endfacet
  facet normal -0.7547095698993764 -0.656059040866215 0
    outer loop
      vertex 2.1273333355784416 2.589546464383602 14
      vertex 2.2132069021463394 2.4907602295279503 13
      vertex 2.2132069021463394 2.4907602295279503 14
    endloop
  endfacet
  facet normal 0 0 1
    outer loop
      vertex 2.1273333355784416 2.589546464383602 14
      vertex 2.2132069021463394 2.4907602295279503 14
      vertex 4.774328891009635 4.971539824501537 14
    endloop
  endfacet
  facet normal 0 0 1
    outer loop
      vertex 2.1273333355784416 2.589546464383602 14
      vertex 4.774328891009635 4.971539824501537 14
      vertex 4.614359353944899 5.2 14
    endloop
  endfacet
  facet normal -0.7547095698993764 0.656059040866215 0
    outer loop
      vertex 2.1273333355784416 167.4104535356164 13
      vertex 2.1273333355784416 167.4104535356164 14
      vertex 2.2132069021463394 167.50923977047205 14
    endloop
  endfacet
  facet normal 0 0 -1
    outer loop
      vertex 2.1273333355784416 167.4104535356164 13
      vertex 2.2132069021463394 167.50923977047205 13
      vertex 10 10 13
    endloop
  endfacet
  facet normal -0.7547095698993764 0.656059040866215 0
    outer loop
      vertex 2.1273333355784416 167.4104535356164 13
      vertex 2.2132069021463394 167.50923977047205 14
      vertex 2.2132069021463394 167.50923977047205 13
    endloop
  endfacet
  facet normal 0 0 1
    outer loop
      vertex 2.1273333355784416 167.4104535356164 14
      vertex 4.774328891009635 165.02846017549845 14
      vertex 4.971539824501537 165.22567110899035 14
    endloop
  endfacet
  facet normal 0 0 1
    outer loop
      vertex 2.1273333355784416 167.4104535356164 14
      vertex 4.971539824501537 165.22567110899035 14
      vertex 2.2132069021463394 167.50923977047205 14
    endloop
  endfacet
  facet normal -0.7313537029654439 -0.6819983586187971 0
    outer loop
      vertex 2.2132069021463394 2.4907602295279503 13
      vertex 2.3024757504463196 2.3950311094522476 13
      vertex 2.2132069021463394 2.4907602295279503 14
    endloop
  endfacet
  facet normal 0 0 -1
    outer loop
      vertex 2.2132069021463394 2.4907602295279503 13
      vertex 4.971539824501537 4.774328891009635 13
      vertex 2.3024757504463196 2.3950311094522476 13
    endloop
  endfacet
  facet normal -0.7313537029654439 -0.6819983586187971 0
    outer loop
      vertex 2.2132069021463394 2.4907602295279503 14
      vertex 2.3024757504463196 2.3950311094522476 13
      vertex 2.3024757504463196 2.3950311094522476 14
    endloop
  endfacet
  facet normal 0 0 1
    outer loop
      vertex 2.2132069021463394 2.4907602295279503 14
      vertex 2.3024757504463196 2.3950311094522476 14
      vertex 4.774328891009635 4.971539824501537 14
    endloop
  endfacet
  facet normal -0.7313537029654439 0.6819983586187971 0
    outer loop
      vertex 2.2132069021463394 167.50923977047205 13
      vertex 2.2132069021463394 167.50923977047205 14
      vertex 2.3024757504463196 167.60496889054775 14
    endloop
  endfacet
  facet normal 0 0 -1
    outer loop
      vertex 2.2132069021463394 167.50923977047205 13
      vertex 2.3024757504463196 167.60496889054775 13
      vertex 10 10 13
    endloop
  endfacet
  facet normal -0.7313537029654439 0.6819983586187971 0
    outer loop
      vertex 2.2132069021463394 167.50923977047205 13
      vertex 2.3024757504463196 167.60496889054775 14
      vertex 2.3024757504463196 167.60496889054775 13
    endloop
  endfacet
  facet normal 0 0 1
    outer loop
      vertex 2.2132069021463394 167.50923977047205 14
      vertex 4.971539824501537 165.22567110899035 14
      vertex 2.3024757504463196 167.60496889054775 14
    endloop
  endfacet
  facet normal -0.7071067811865476 -0.7071067811865476 0
    outer loop
      vertex 2.3024757504463196 2.3950311094522476 13
      vertex 2.3950311094522476 2.3024757504463196 13
      vertex 2.3024757504463196 2.3950311094522476 14
    endloop
  endfacet
  facet normal 0 0 -1
    outer loop
      vertex 2.3024757504463196 2.3950311094522476 13
      vertex 4.971539824501537 4.774328891009635 13
      vertex 2.3950311094522476 2.3024757504463196 13
    endloop
  endfacet
  facet normal -0.7071067811865476 -0.7071067811865476 0
    outer loop
      vertex 2.3024757504463196 2.3950311094522476 14
      vertex 2.3950311094522476 2.3024757504463196 13
      vertex 2.3950311094522476 2.3024757504463196 14
    endloop
  endfacet
  facet normal 0 0 1
    outer loop
      vertex 2.3024757504463196 2.3950311094522476 14
      vertex 2.3950311094522476 2.3024757504463196 14
      vertex 4.774328891009635 4.971539824501537 14
    endloop
  endfacet
  facet normal -0.7071067811865476 0.7071067811865476 0
    outer loop
      vertex 2.3024757504463196 167.60496889054775 13
      vertex 2.3024757504463196 167.60496889054775 14
      vertex 2.3950311094522476 167.69752424955368 14
    endloop
  endfacet
  facet normal 0 0 -1
    outer loop
      vertex 2.3024757504463196 167.60496889054775 13
      vertex 2.3950311094522476 167.69752424955368 13
      vertex 4.774328891009635 165.02846017549845 13
    endloop
  endfacet
  facet normal -0.7071067811865476 0.7071067811865476 0
    outer loop
      vertex 2.3024757504463196 167.60496889054775 13
      vertex 2.3950311094522476 167.69752424955368 14
      vertex 2.3950311094522476 167.69752424955368 13
    endloop
  endfacet
  facet normal 0 0 -1
    outer loop
      vertex 2.3024757504463196 167.60496889054775 13
      vertex 4.4 164 13
      vertex 10 10 13
    endloop
  endfacet
  facet normal 0 0 -1
    outer loop
      vertex 2.3024757504463196 167.60496889054775 13
      vertex 4.424307595180467 164.27783708426708 13
      vertex 4.4 164 13
    endloop
  endfacet
  facet normal 0 0 -1
    outer loop
      vertex 2.3024757504463196 167.60496889054775 13
      vertex 4.496491806742546 164.54723222932108 13
      vertex 4.424307595180467 164.27783708426708 13
    endloop
  endfacet
  facet normal 0 0 -1
    outer loop
      vertex 2.3024757504463196 167.60496889054775 13
      vertex 4.614359353944899 164.8 13
      vertex 4.496491806742546 164.54723222932108 13
    endloop
  endfacet
  facet normal 0 0 -1
    outer loop
      vertex 2.3024757504463196 167.60496889054775 13
      vertex 4.774328891009635 165.02846017549845 13
      vertex 4.614359353944899 164.8 13
    endloop
  endfacet
  facet normal 0 0 1
    outer loop
      vertex 2.3024757504463196 167.60496889054775 14
      vertex 4.971539824501537 165.22567110899035 14
      vertex 2.3950311094522476 167.69752424955368 14
    endloop
  endfacet
  facet normal -0.6819983586187971 -0.7313537029654439 0
    outer loop
      vertex 2.3950311094522476 2.3024757504463196 13
      vertex 2.4907602295279503 2.2132069021463394 13
      vertex 2.3950311094522476 2.3024757504463196 14
    endloop
  endfacet
  facet normal 0 0 -1
    outer loop
      vertex 2.3950311094522476 2.3024757504463196 13
      vertex 4.971539824501537 4.774328891009635 13
      vertex 5.2 4.614359353944899 13
    endloop
  endfacet
  facet normal 0 0 -1
    outer loop
      vertex 2.3950311094522476 2.3024757504463196 13
      vertex 5.2 4.614359353944899 13
      vertex 5.45276777067893 4.496491806742546 13
    endloop
  endfacet
  facet normal 0 0 -1
    outer loop
      vertex 2.3950311094522476 2.3024757504463196 13
      vertex 5.45276777067893 4.496491806742546 13
      vertex 5.722162915732912 4.424307595180467 13
    endloop
  endfacet
  facet normal 0 0 -1
    outer loop
      vertex 2.3950311094522476 2.3024757504463196 13
      vertex 5.722162915732912 4.424307595180467 13
      vertex 6 4.4 13
    endloop
  endfacet
  facet normal 0 0 -1
    outer loop
      vertex 2.3950311094522476 2.3024757504463196 13
      vertex 6 4.4 13
      vertex 111.47153982450153 7.225671108990365 13
    endloop
  endfacet
  facet normal 0 0 -1
    outer loop
      vertex 2.3950311094522476 2.3024757504463196 13
      vertex 110.9 6 13
      vertex 2.4907602295279503 2.2132069021463394 13
    endloop
  endfacet
  facet normal 0 0 -1
    outer loop
      vertex 2.3950311094522476 2.3024757504463196 13
      vertex 110.92430759518047 6.277837084267088 13
      vertex 110.9 6 13
    endloop
  endfacet
  facet normal 0 0 -1
    outer loop
      vertex 2.3950311094522476 2.3024757504463196 13
      vertex 110.99649180674254 6.54723222932107 13
      vertex 110.92430759518047 6.277837084267088 13
    endloop
  endfacet
  facet normal 0 0 -1
    outer loop
      vertex 2.3950311094522476 2.3024757504463196 13
      vertex 111.11435935394489 6.8 13
      vertex 110.99649180674254 6.54723222932107 13
    endloop
  endfacet
  facet normal 0 0 -1
    outer loop
      vertex 2.3950311094522476 2.3024757504463196 13
      vertex 111.27432889100963 7.028460175498463 13
      vertex 111.11435935394489 6.8 13
    endloop
  endfacet
  facet normal 0 0 -1
    outer loop
      vertex 2.3950311094522476 2.3024757504463196 13
      vertex 111.47153982450153 7.225671108990365 13
      vertex 111.27432889100963 7.028460175498463 13
    endloop
  endfacet
  facet normal -0.6819983586187971 -0.7313537029654439 0
    outer loop
      vertex 2.3950311094522476 2.3024757504463196 14
      vertex 2.4907602295279503 2.2132069021463394 13
      vertex 2.4907602295279503 2.2132069021463394 14
    endloop
  endfacet
  facet normal 0 0 1
    outer loop
      vertex 2.3950311094522476 2.3024757504463196 14
      vertex 2.4907602295279503 2.2132069021463394 14
      vertex 4.774328891009635 4.971539824501537 14
    endloop
  endfacet
  facet normal -0.6819983586187971 0.7313537029654439 0
    outer loop
      vertex 2.3950311094522476 167.69752424955368 13
      vertex 2.3950311094522476 167.69752424955368 14
      vertex 2.4907602295279503 167.78679309785366 14
    endloop
  endfacet
  facet normal 0 0 -1
    outer loop
      vertex 2.3950311094522476 167.69752424955368 13
      vertex 2.4907602295279503 167.78679309785366 13
      vertex 4.774328891009635 165.02846017549845 13
    endloop
  endfacet
  facet normal -0.6819983586187971 0.7313537029654439 0
    outer loop
      vertex 2.3950311094522476 167.69752424955368 13
      vertex 2.4907602295279503 167.78679309785366 14
      vertex 2.4907602295279503 167.78679309785366 13
    endloop
  endfacet
  facet normal 0 0 1
    outer loop
      vertex 2.3950311094522476 167.69752424955368 14
      vertex 4.971539824501537 165.22567110899035 14
      vertex 2.4907602295279503 167.78679309785366 14
    endloop
  endfacet
  facet normal -0.656059040866215 -0.7547095698993764 0
    outer loop
      vertex 2.4907602295279503 2.2132069021463394 13
      vertex 2.589546464383602 2.1273333355784416 13
      vertex 2.4907602295279503 2.2132069021463394 14
    endloop
  endfacet
  facet normal 0 0 -1
    outer loop
      vertex 2.4907602295279503 2.2132069021463394 13
      vertex 110.9 6 13
      vertex 2.589546464383602 2.1273333355784416 13
    endloop
  endfacet
  facet normal -0.656059040866215 -0.7547095698993764 0
    outer loop
      vertex 2.4907602295279503 2.2132069021463394 14
      vertex 2.589546464383602 2.1273333355784416 13
      vertex 2.589546464383602 2.1273333355784416 14
    endloop
  endfacet
  facet normal 0 0 1
    outer loop
      vertex 2.4907602295279503 2.2132069021463394 14
      vertex 2.589546464383602 2.1273333355784416 14
      vertex 4.774328891009635 4.971539824501537 14
    endloop
  endfacet
  facet normal -0.656059040866215 0.7547095698993764 0
    outer loop
      vertex 2.4907602295279503 167.78679309785366 13
      vertex 2.4907602295279503 167.78679309785366 14
      vertex 2.589546464383602 167.87266666442156 14
    endloop
  endfacet
  facet normal 0 0 -1
    outer loop
      vertex 2.4907602295279503 167.78679309785366 13
      vertex 2.589546464383602 167.87266666442156 13
      vertex 4.774328891009635 165.02846017549845 13
    endloop
  endfacet
  facet normal -0.656059040866215 0.7547095698993764 0
    outer loop
      vertex 2.4907602295279503 167.78679309785366 13
      vertex 2.589546464383602 167.87266666442156 14
      vertex 2.589546464383602 167.87266666442156 13
    endloop
  endfacet
  facet normal 0 0 1
    outer loop
      vertex 2.4907602295279503 167.78679309785366 14
      vertex 4.971539824501537 165.22567110899035 14
      vertex 2.589546464383602 167.87266666442156 14
    endloop
  endfacet
  facet normal -0.6293204014067693 -0.7771459530700927 0
    outer loop
      vertex 2.589546464383602 2.1273333355784416 13
      vertex 2.691269464790821 2.044959671795368 13
      vertex 2.589546464383602 2.1273333355784416 14
    endloop
  endfacet
  facet normal 0 0 -1
    outer loop
      vertex 2.589546464383602 2.1273333355784416 13
      vertex 110.9 6 13
      vertex 2.691269464790821 2.044959671795368 13
    endloop
  endfacet
  facet normal -0.6293204014067693 -0.7771459530700927 0
    outer loop
      vertex 2.589546464383602 2.1273333355784416 14
      vertex 2.691269464790821 2.044959671795368 13
      vertex 2.691269464790821 2.044959671795368 14
    endloop
  endfacet
  facet normal 0 0 1
    outer loop
      vertex 2.589546464383602 2.1273333355784416 14
      vertex 2.691269464790821 2.044959671795368 14
      vertex 4.971539824501537 4.774328891009635 14
    endloop
  endfacet
  facet normal 0 0 1
    outer loop
      vertex 2.589546464383602 2.1273333355784416 14
      vertex 4.971539824501537 4.774328891009635 14
      vertex 4.774328891009635 4.971539824501537 14
    endloop
  endfacet
  facet normal -0.6293204014067693 0.7771459530700927 0
    outer loop
      vertex 2.589546464383602 167.87266666442156 13
      vertex 2.589546464383602 167.87266666442156 14
      vertex 2.691269464790821 167.95504032820463 14
    endloop
  endfacet
  facet normal 0 0 -1
    outer loop
      vertex 2.589546464383602 167.87266666442156 13
      vertex 2.691269464790821 167.95504032820463 13
      vertex 4.971539824501537 165.22567110899035 13
    endloop
  endfacet
  facet normal -0.6293204014067693 0.7771459530700927 0
    outer loop
      vertex 2.589546464383602 167.87266666442156 13
      vertex 2.691269464790821 167.95504032820463 14
      vertex 2.691269464790821 167.95504032820463 13
    endloop
  endfacet
  facet normal 0 0 -1
    outer loop
      vertex 2.589546464383602 167.87266666442156 13
      vertex 4.971539824501537 165.22567110899035 13
      vertex 4.774328891009635 165.02846017549845 13
    endloop
  endfacet
  facet normal 0 0 1
    outer loop
      vertex 2.589546464383602 167.87266666442156 14
      vertex 4.971539824501537 165.22567110899035 14
      vertex 5.2 165.3856406460551 14
    endloop
  endfacet
  facet normal 0 0 1
    outer loop
      vertex 2.589546464383602 167.87266666442156 14
      vertex 5.2 165.3856406460551 14
      vertex 2.691269464790821 167.95504032820463 14
    endloop
  endfacet
  facet normal -0.601815002317403 -0.7986355257473237 0
    outer loop
      vertex 2.691269464790821 2.044959671795368 13
      vertex 2.7958053052425385 1.9661862701177597 13
      vertex 2.691269464790821 2.044959671795368 14
    endloop
  endfacet
  facet normal 0 0 -1
    outer loop
      vertex 2.691269464790821 2.044959671795368 13
      vertex 110.9 6 13
      vertex 2.7958053052425385 1.9661862701177597 13
    endloop
  endfacet
  facet normal -0.601815002317403 -0.7986355257473237 0
    outer loop
      vertex 2.691269464790821 2.044959671795368 14
      vertex 2.7958053052425385 1.9661862701177597 13
      vertex 2.7958053052425385 1.9661862701177597 14
    endloop
  endfacet
  facet normal 0 0 1
    outer loop
      vertex 2.691269464790821 2.044959671795368 14
      vertex 2.7958053052425385 1.9661862701177597 14
      vertex 4.971539824501537 4.774328891009635 14
    endloop
  endfacet
  facet normal -0.601815002317403 0.7986355257473237 0
    outer loop
      vertex 2.691269464790821 167.95504032820463 13
      vertex 2.691269464790821 167.95504032820463 14
      vertex 2.7958053052425385 168.03381372988224 14
    endloop
  endfacet
  facet normal 0 0 -1
    outer loop
      vertex 2.691269464790821 167.95504032820463 13
      vertex 2.7958053052425385 168.03381372988224 13
      vertex 4.971539824501537 165.22567110899035 13
    endloop
  endfacet
  facet normal -0.601815002317403 0.7986355257473237 0
    outer loop
      vertex 2.691269464790821 167.95504032820463 13
      vertex 2.7958053052425385 168.03381372988224 14
      vertex 2.7958053052425385 168.03381372988224 13
    endloop
  endfacet
  facet normal 0 0 1
    outer loop
      vertex 2.691269464790821 167.95504032820463 14
      vertex 5.2 165.3856406460551 14
      vertex 2.7958053052425385 168.03381372988224 14
    endloop
  endfacet
  facet normal -0.5735764484825874 -0.819152035794395 0
    outer loop
      vertex 2.7958053052425385 1.9661862701177597 13
      vertex 2.9030266106128693 1.8911091014742851 13
      vertex 2.7958053052425385 1.9661862701177597 14
    endloop
  endfacet
  facet normal 0 0 -1
    outer loop
      vertex 2.7958053052425385 1.9661862701177597 13
      vertex 110.9 6 13
      vertex 2.9030266106128693 1.8911091014742851 13
    endloop
  endfacet
  facet normal -0.5735764484825874 -0.819152035794395 0
    outer loop
      vertex 2.7958053052425385 1.9661862701177597 14
      vertex 2.9030266106128693 1.8911091014742851 13
      vertex 2.9030266106128693 1.8911091014742851 14
    endloop
  endfacet
  facet normal 0 0 1
    outer loop
      vertex 2.7958053052425385 1.9661862701177597 14
      vertex 2.9030266106128693 1.8911091014742851 14
      vertex 5.2 4.614359353944899 14
    endloop
  endfacet
  facet normal 0 0 1
    outer loop
      vertex 2.7958053052425385 1.9661862701177597 14
      vertex 5.2 4.614359353944899 14
      vertex 4.971539824501537 4.774328891009635 14
    endloop
  endfacet
  facet normal -0.5735764484825874 0.819152035794395 0
    outer loop
      vertex 2.7958053052425385 168.03381372988224 13
      vertex 2.7958053052425385 168.03381372988224 14
      vertex 2.9030266106128693 168.10889089852571 14
    endloop
  endfacet
  facet normal 0 0 -1
    outer loop
      vertex 2.7958053052425385 168.03381372988224 13
      vertex 2.9030266106128693 168.10889089852571 13
      vertex 4.971539824501537 165.22567110899035 13
    endloop
  endfacet
  facet normal -0.5735764484825874 0.819152035794395 0
    outer loop
      vertex 2.7958053052425385 168.03381372988224 13
      vertex 2.9030266106128693 168.10889089852571 14
      vertex 2.9030266106128693 168.10889089852571 13
    endloop
  endfacet
  facet normal 0 0 1
    outer loop
      vertex 2.7958053052425385 168.03381372988224 14
      vertex 5.2 165.3856406460551 14
      vertex 5.45276777067893 165.50350819325746 14
    endloop
  endfacet
  facet normal 0 0 1
    outer loop
      vertex 2.7958053052425385 168.03381372988224 14
      vertex 5.45276777067893 165.50350819325746 14
      vertex 2.9030266106128693 168.10889089852571 14
    endloop
  endfacet
  facet normal -0.5446390436448686 -0.8386705623411393 0
    outer loop
      vertex 2.9030266106128693 1.8911091014742851 13
      vertex 3.0128027573227882 1.819819636642933 13
      vertex 2.9030266106128693 1.8911091014742851 14
    endloop
  endfacet
  facet normal 0 0 -1
    outer loop
      vertex 2.9030266106128693 1.8911091014742851 13
      vertex 110.9 6 13
      vertex 3.0128027573227882 1.819819636642933 13
    endloop
  endfacet
  facet normal -0.5446390436448686 -0.8386705623411393 0
    outer loop
      vertex 2.9030266106128693 1.8911091014742851 14
      vertex 3.0128027573227882 1.819819636642933 13
      vertex 3.0128027573227882 1.819819636642933 14
    endloop
  endfacet
  facet normal 0 0 1
    outer loop
      vertex 2.9030266106128693 1.8911091014742851 14
      vertex 3.0128027573227882 1.819819636642933 14
      vertex 5.2 4.614359353944899 14
    endloop
  endfacet
  facet normal -0.5446390436448686 0.8386705623411393 0
    outer loop
      vertex 2.9030266106128693 168.10889089852571 13
      vertex 2.9030266106128693 168.10889089852571 14
      vertex 3.0128027573227882 168.18018036335707 14
    endloop
  endfacet
  facet normal 0 0 -1
    outer loop
      vertex 2.9030266106128693 168.10889089852571 13
      vertex 3.0128027573227882 168.18018036335707 13
      vertex 5.2 165.3856406460551 13
    endloop
  endfacet
  facet normal -0.5446390436448686 0.8386705623411393 0
    outer loop
      vertex 2.9030266106128693 168.10889089852571 13
      vertex 3.0128027573227882 168.18018036335707 14
      vertex 3.0128027573227882 168.18018036335707 13
    endloop
  endfacet
  facet normal 0 0 -1
    outer loop
      vertex 2.9030266106128693 168.10889089852571 13
      vertex 5.2 165.3856406460551 13
      vertex 4.971539824501537 165.22567110899035 13
    endloop
  endfacet
  facet normal 0 0 1
    outer loop
      vertex 2.9030266106128693 168.10889089852571 14
      vertex 5.45276777067893 165.50350819325746 14
      vertex 3.0128027573227882 168.18018036335707 14
    endloop
  endfacet
  facet normal -0.5150380606659539 -0.857167309260831 0
    outer loop
      vertex 3.0128027573227882 1.819819636642933 13
      vertex 3.125 1.752404734492302 13
      vertex 3.0128027573227882 1.819819636642933 14
    endloop
  endfacet
  facet normal 0 0 -1
    outer loop
      vertex 3.0128027573227882 1.819819636642933 13
      vertex 110.9 6 13
      vertex 110.92430759518047 5.722162915732912 13
    endloop
  endfacet
  facet normal 0 0 -1
    outer loop
      vertex 3.0128027573227882 1.819819636642933 13
      vertex 110.92430759518047 5.722162915732912 13
      vertex 3.125 1.752404734492302 13
    endloop
  endfacet
  facet normal -0.5150380606659539 -0.857167309260831 0
    outer loop
      vertex 3.0128027573227882 1.819819636642933 14
      vertex 3.125 1.752404734492302 13
      vertex 3.125 1.752404734492302 14
    endloop
  endfacet
  facet normal 0 0 1
    outer loop
      vertex 3.0128027573227882 1.819819636642933 14
      vertex 3.125 1.752404734492302 14
      vertex 5.2 4.614359353944899 14
    endloop
  endfacet
  facet normal -0.5150380606659539 0.857167309260831 0
    outer loop
      vertex 3.0128027573227882 168.18018036335707 13
      vertex 3.0128027573227882 168.18018036335707 14
      vertex 3.125 168.2475952655077 14
    endloop
  endfacet
  facet normal 0 0 -1
    outer loop
      vertex 3.0128027573227882 168.18018036335707 13
      vertex 3.125 168.2475952655077 13
      vertex 5.2 165.3856406460551 13
    endloop
  endfacet
  facet normal -0.5150380606659539 0.857167309260831 0
    outer loop
      vertex 3.0128027573227882 168.18018036335707 13
      vertex 3.125 168.2475952655077 14
      vertex 3.125 168.2475952655077 13
    endloop
  endfacet
  facet normal 0 0 1
    outer loop
      vertex 3.0128027573227882 168.18018036335707 14
      vertex 5.45276777067893 165.50350819325746 14
      vertex 3.125 168.2475952655077 14
    endloop
  endfacet
  facet normal -0.4848095817727449 -0.8746197284656549 0
    outer loop
      vertex 3.125 1.752404734492302 13
      vertex 3.239481642842293 1.6889465302228928 13
      vertex 3.125 1.752404734492302 14
    endloop
  endfacet
  facet normal 0 0 -1
    outer loop
      vertex 3.125 1.752404734492302 13
      vertex 110.92430759518047 5.722162915732912 13
      vertex 3.239481642842293 1.6889465302228928 13
    endloop
  endfacet
  facet normal -0.4848095817727449 -0.8746197284656549 0
    outer loop
      vertex 3.125 1.752404734492302 14
      vertex 3.239481642842293 1.6889465302228928 13
      vertex 3.239481642842293 1.6889465302228928 14
    endloop
  endfacet
  facet normal 0 0 1
    outer loop
      vertex 3.125 1.752404734492302 14
      vertex 3.239481642842293 1.6889465302228928 14
      vertex 5.45276777067893 4.496491806742546 14
    endloop
  endfacet
  facet normal 0 0 1
    outer loop
      vertex 3.125 1.752404734492302 14
      vertex 5.45276777067893 4.496491806742546 14
      vertex 5.2 4.614359353944899 14
    endloop
  endfacet
  facet normal -0.4848095817727449 0.8746197284656549 0
    outer loop
      vertex 3.125 168.2475952655077 13
      vertex 3.125 168.2475952655077 14
      vertex 3.239481642842293 168.3110534697771 14
    endloop
  endfacet
  facet normal 0 0 -1
    outer loop
      vertex 3.125 168.2475952655077 13
      vertex 3.239481642842293 168.3110534697771 13
      vertex 5.2 165.3856406460551 13
    endloop
  endfacet
  facet normal -0.4848095817727449 0.8746197284656549 0
    outer loop
      vertex 3.125 168.2475952655077 13
      vertex 3.239481642842293 168.3110534697771 14
      vertex 3.239481642842293 168.3110534697771 13
    endloop
  endfacet
  facet normal 0 0 1
    outer loop
      vertex 3.125 168.2475952655077 14
      vertex 5.45276777067893 165.50350819325746 14
      vertex 5.722162915732912 165.57569240481953 14
    endloop
  endfacet
  facet normal 0 0 1
    outer loop
      vertex 3.125 168.2475952655077 14
      vertex 5.722162915732912 165.57569240481953 14
      vertex 3.239481642842293 168.3110534697771 14
    endloop
  endfacet
  facet normal -0.4539905582881603 -0.8910064943563568 0
    outer loop
      vertex 3.239481642842293 1.6889465302228928 13
      vertex 3.356108196079731 1.6295223236083984 13
      vertex 3.239481642842293 1.6889465302228928 14
    endloop
  endfacet
  facet normal 0 0 -1
    outer loop
      vertex 3.239481642842293 1.6889465302228928 13
      vertex 110.92430759518047 5.722162915732912 13
      vertex 3.356108196079731 1.6295223236083984 13
    endloop
  endfacet
  facet normal -0.4539905582881603 -0.8910064943563568 0
    outer loop
      vertex 3.239481642842293 1.6889465302228928 14
      vertex 3.356108196079731 1.6295223236083984 13
      vertex 3.356108196079731 1.6295223236083984 14
    endloop
  endfacet
  facet normal 0 0 1
    outer loop
      vertex 3.239481642842293 1.6889465302228928 14
      vertex 3.356108196079731 1.6295223236083984 14
      vertex 5.45276777067893 4.496491806742546 14
    endloop
  endfacet
  facet normal -0.4539905582881603 0.8910064943563568 0
    outer loop
      vertex 3.239481642842293 168.3110534697771 13
      vertex 3.239481642842293 168.3110534697771 14
      vertex 3.356108196079731 168.3704776763916 14
    endloop
  endfacet
  facet normal 0 0 -1
    outer loop
      vertex 3.239481642842293 168.3110534697771 13
      vertex 3.356108196079731 168.3704776763916 13
      vertex 5.45276777067893 165.50350819325746 13
    endloop
  endfacet
  facet normal -0.4539905582881603 0.8910064943563568 0
    outer loop
      vertex 3.239481642842293 168.3110534697771 13
      vertex 3.356108196079731 168.3704776763916 14
      vertex 3.356108196079731 168.3704776763916 13
    endloop
  endfacet
  facet normal 0 0 -1
    outer loop
      vertex 3.239481642842293 168.3110534697771 13
      vertex 5.45276777067893 165.50350819325746 13
      vertex 5.2 165.3856406460551 13
    endloop
  endfacet
  facet normal 0 0 1
    outer loop
      vertex 3.239481642842293 168.3110534697771 14
      vertex 5.722162915732912 165.57569240481953 14
      vertex 3.356108196079731 168.3704776763916 14
    endloop
  endfacet
  facet normal -0.4226182209318042 -0.9063078060661494 0
    outer loop
      vertex 3.356108196079731 1.6295223236083984 13
      vertex 3.4747375920414925 1.574204534292221 13
      vertex 3.356108196079731 1.6295223236083984 14
    endloop
  endfacet
  facet normal 0 0 -1
    outer loop
      vertex 3.356108196079731 1.6295223236083984 13
      vertex 110.92430759518047 5.722162915732912 13
      vertex 3.4747375920414925 1.574204534292221 13
    endloop
  endfacet
  facet normal -0.4226182209318042 -0.9063078060661494 0
    outer loop
      vertex 3.356108196079731 1.6295223236083984 14
      vertex 3.4747375920414925 1.574204534292221 13
      vertex 3.4747375920414925 1.574204534292221 14
    endloop
  endfacet
  facet normal 0 0 1
    outer loop
      vertex 3.356108196079731 1.6295223236083984 14
      vertex 3.4747375920414925 1.574204534292221 14
      vertex 5.45276777067893 4.496491806742546 14
    endloop
  endfacet
  facet normal -0.4226182209318042 0.9063078060661494 0
    outer loop
      vertex 3.356108196079731 168.3704776763916 13
      vertex 3.356108196079731 168.3704776763916 14
      vertex 3.4747375920414925 168.42579546570778 14
    endloop
  endfacet
  facet normal 0 0 -1
    outer loop
      vertex 3.356108196079731 168.3704776763916 13
      vertex 3.4747375920414925 168.42579546570778 13
      vertex 5.45276777067893 165.50350819325746 13
    endloop
  endfacet
  facet normal -0.4226182209318042 0.9063078060661494 0
    outer loop
      vertex 3.356108196079731 168.3704776763916 13
      vertex 3.4747375920414925 168.42579546570778 14
      vertex 3.4747375920414925 168.42579546570778 13
    endloop
  endfacet
  facet normal 0 0 1
    outer loop
      vertex 3.356108196079731 168.3704776763916 14
      vertex 5.722162915732912 165.57569240481953 14
      vertex 3.4747375920414925 168.42579546570778 14
    endloop
  endfacet
  facet normal -0.39073114190985214 -0.9205048477557426 0
    outer loop
      vertex 3.4747375920414925 1.574204534292221 13
      vertex 3.5952252745628357 1.5230605453252792 13
      vertex 3.4747375920414925 1.574204534292221 14
    endloop
  endfacet
  facet normal 0 0 -1
    outer loop
      vertex 3.4747375920414925 1.574204534292221 13
      vertex 110.92430759518047 5.722162915732912 13
      vertex 3.5952252745628357 1.5230605453252792 13
    endloop
  endfacet
  facet normal -0.39073114190985214 -0.9205048477557426 0
    outer loop
      vertex 3.4747375920414925 1.574204534292221 14
      vertex 3.5952252745628357 1.5230605453252792 13
      vertex 3.5952252745628357 1.5230605453252792 14
    endloop
  endfacet
  facet normal 0 0 1
    outer loop
      vertex 3.4747375920414925 1.574204534292221 14
      vertex 3.5952252745628357 1.5230605453252792 14
      vertex 5.722162915732912 4.424307595180467 14
    endloop
  endfacet
  facet normal 0 0 1
    outer loop
      vertex 3.4747375920414925 1.574204534292221 14
      vertex 5.722162915732912 4.424307595180467 14
      vertex 5.45276777067893 4.496491806742546 14
    endloop
  endfacet
  facet normal -0.39073114190985214 0.9205048477557426 0
    outer loop
      vertex 3.4747375920414925 168.42579546570778 13
      vertex 3.4747375920414925 168.42579546570778 14
      vertex 3.5952252745628357 168.47693945467472 14
    endloop
  endfacet
  facet normal 0 0 -1
    outer loop
      vertex 3.4747375920414925 168.42579546570778 13
      vertex 3.5952252745628357 168.47693945467472 13
      vertex 5.45276777067893 165.50350819325746 13
    endloop
  endfacet
  facet normal -0.39073114190985214 0.9205048477557426 0
    outer loop
      vertex 3.4747375920414925 168.42579546570778 13
      vertex 3.5952252745628357 168.47693945467472 14
      vertex 3.5952252745628357 168.47693945467472 13
    endloop
  endfacet
  facet normal 0 0 1
    outer loop
      vertex 3.4747375920414925 168.42579546570778 14
      vertex 5.722162915732912 165.57569240481953 14
      vertex 6 165.6 14
    endloop
  endfacet
  facet normal 0 0 1
    outer loop
      vertex 3.4747375920414925 168.42579546570778 14
      vertex 6 165.6 14
      vertex 3.5952252745628357 168.47693945467472 14
    endloop
  endfacet
  facet normal -0.3583679472515775 -0.9335804273776794 0
    outer loop
      vertex 3.5952252745628357 1.5230605453252792 13
      vertex 3.7174244597554207 1.4761526733636856 13
      vertex 3.5952252745628357 1.5230605453252792 14
    endloop
  endfacet
  facet normal 0 0 -1
    outer loop
      vertex 3.5952252745628357 1.5230605453252792 13
      vertex 110.92430759518047 5.722162915732912 13
      vertex 3.7174244597554207 1.4761526733636856 13
    endloop
  endfacet
  facet normal -0.3583679472515775 -0.9335804273776794 0
    outer loop
      vertex 3.5952252745628357 1.5230605453252792 14
      vertex 3.7174244597554207 1.4761526733636856 13
      vertex 3.7174244597554207 1.4761526733636856 14
    endloop
  endfacet
  facet normal 0 0 1
    outer loop
      vertex 3.5952252745628357 1.5230605453252792 14
      vertex 3.7174244597554207 1.4761526733636856 14
      vertex 5.722162915732912 4.424307595180467 14
    endloop
  endfacet
  facet normal -0.3583679472515775 0.9335804273776794 0
    outer loop
      vertex 3.5952252745628357 168.47693945467472 13
      vertex 3.5952252745628357 168.47693945467472 14
      vertex 3.7174244597554207 168.52384732663631 14
    endloop
  endfacet
  facet normal 0 0 -1
    outer loop
      vertex 3.5952252745628357 168.47693945467472 13
      vertex 3.7174244597554207 168.52384732663631 13
      vertex 5.722162915732912 165.57569240481953 13
    endloop
  endfacet
  facet normal -0.3583679472515775 0.9335804273776794 0
    outer loop
      vertex 3.5952252745628357 168.47693945467472 13
      vertex 3.7174244597554207 168.52384732663631 14
      vertex 3.7174244597554207 168.52384732663631 13
    endloop
  endfacet
  facet normal 0 0 -1
    outer loop
      vertex 3.5952252745628357 168.47693945467472 13
      vertex 5.722162915732912 165.57569240481953 13
      vertex 5.45276777067893 165.50350819325746 13
    endloop
  endfacet
  facet normal 0 0 1
    outer loop
      vertex 3.5952252745628357 168.47693945467472 14
      vertex 6 165.6 14
      vertex 3.7174244597554207 168.52384732663631 14
    endloop
  endfacet
  facet normal -0.32556815599114824 -0.9455185750711211 0
    outer loop
      vertex 3.7174244597554207 1.4761526733636856 13
      vertex 3.8411862701177597 1.4335380643606186 13
      vertex 3.7174244597554207 1.4761526733636856 14
    endloop
  endfacet
  facet normal 0 0 -1
    outer loop
      vertex 3.7174244597554207 1.4761526733636856 13
      vertex 110.92430759518047 5.722162915732912 13
      vertex 3.8411862701177597 1.4335380643606186 13
    endloop
  endfacet
  facet normal -0.32556815599114824 -0.9455185750711211 0
    outer loop
      vertex 3.7174244597554207 1.4761526733636856 14
      vertex 3.8411862701177597 1.4335380643606186 13
      vertex 3.8411862701177597 1.4335380643606186 14
    endloop
  endfacet
  facet normal 0 0 1
    outer loop
      vertex 3.7174244597554207 1.4761526733636856 14
      vertex 3.8411862701177597 1.4335380643606186 14
      vertex 5.722162915732912 4.424307595180467 14
    endloop
  endfacet
  facet normal -0.32556815599114824 0.9455185750711211 0
    outer loop
      vertex 3.7174244597554207 168.52384732663631 13
      vertex 3.7174244597554207 168.52384732663631 14
      vertex 3.8411862701177597 168.56646193563938 14
    endloop
  endfacet
  facet normal 0 0 -1
    outer loop
      vertex 3.7174244597554207 168.52384732663631 13
      vertex 3.8411862701177597 168.56646193563938 13
      vertex 5.722162915732912 165.57569240481953 13
    endloop
  endfacet
  facet normal -0.32556815599114824 0.9455185750711211 0
    outer loop
      vertex 3.7174244597554207 168.52384732663631 13
      vertex 3.8411862701177597 168.56646193563938 14
      vertex 3.8411862701177597 168.56646193563938 13
    endloop
  endfacet
  facet normal 0 0 1
    outer loop
      vertex 3.7174244597554207 168.52384732663631 14
      vertex 6 165.6 14
      vertex 3.8411862701177597 168.56646193563938 14
    endloop
  endfacet
  facet normal -0.2923717026446201 -0.9563047565983795 0
    outer loop
      vertex 3.8411862701177597 1.4335380643606186 13
      vertex 3.9663599133491516 1.3952686414122581 13
      vertex 3.8411862701177597 1.4335380643606186 14
    endloop
  endfacet
  facet normal 0 0 -1
    outer loop
      vertex 3.8411862701177597 1.4335380643606186 13
      vertex 110.92430759518047 5.722162915732912 13
      vertex 3.9663599133491516 1.3952686414122581 13
    endloop
  endfacet
  facet normal -0.2923717026446201 -0.9563047565983795 0
    outer loop
      vertex 3.8411862701177597 1.4335380643606186 14
      vertex 3.9663599133491516 1.3952686414122581 13
      vertex 3.9663599133491516 1.3952686414122581 14
    endloop
  endfacet
  facet normal 0 0 1
    outer loop
      vertex 3.8411862701177597 1.4335380643606186 14
      vertex 3.9663599133491516 1.3952686414122581 14
      vertex 6 4.4 14
    endloop
  endfacet
  facet normal 0 0 1
    outer loop
      vertex 3.8411862701177597 1.4335380643606186 14
      vertex 6 4.4 14
      vertex 5.722162915732912 4.424307595180467 14
    endloop
  endfacet
  facet normal -0.2923717026446201 0.9563047565983795 0
    outer loop
      vertex 3.8411862701177597 168.56646193563938 13
      vertex 3.8411862701177597 168.56646193563938 14
      vertex 3.9663599133491516 168.60473135858774 14
    endloop
  endfacet
  facet normal 0 0 -1
    outer loop
      vertex 3.8411862701177597 168.56646193563938 13
      vertex 3.9663599133491516 168.60473135858774 13
      vertex 5.722162915732912 165.57569240481953 13
    endloop
  endfacet
  facet normal -0.2923717026446201 0.9563047565983795 0
    outer loop
      vertex 3.8411862701177597 168.56646193563938 13
      vertex 3.9663599133491516 168.60473135858774 14
      vertex 3.9663599133491516 168.60473135858774 13
    endloop
  endfacet
  facet normal 0 0 1
    outer loop
      vertex 3.8411862701177597 168.56646193563938 14
      vertex 6 165.6 14
      vertex 6.277837084267088 165.57569240481953 14
    endloop
  endfacet
  facet normal 0 0 1
    outer loop
      vertex 3.8411862701177597 168.56646193563938 14
      vertex 6.277837084267088 165.57569240481953 14
      vertex 3.9663599133491516 168.60473135858774 14
    endloop
  endfacet
  facet normal -0.25881907619351313 -0.9659258179582615 0
    outer loop
      vertex 3.9663599133491516 1.3952686414122581 13
      vertex 4.092792890965939 1.3613910228013992 13
      vertex 3.9663599133491516 1.3952686414122581 14
    endloop
  endfacet
  facet normal 0 0 -1
    outer loop
      vertex 3.9663599133491516 1.3952686414122581 13
      vertex 110.92430759518047 5.722162915732912 13
      vertex 4.092792890965939 1.3613910228013992 13
    endloop
  endfacet
  facet normal -0.25881907619351313 -0.9659258179582615 0
    outer loop
      vertex 3.9663599133491516 1.3952686414122581 14
      vertex 4.092792890965939 1.3613910228013992 13
      vertex 4.092792890965939 1.3613910228013992 14
    endloop
  endfacet
  facet normal 0 0 1
    outer loop
      vertex 3.9663599133491516 1.3952686414122581 14
      vertex 4.092792890965939 1.3613910228013992 14
      vertex 6 4.4 14
    endloop
  endfacet
  facet normal -0.25881907619351313 0.9659258179582615 0
    outer loop
      vertex 3.9663599133491516 168.60473135858774 13
      vertex 3.9663599133491516 168.60473135858774 14
      vertex 4.092792890965939 168.6386089771986 14
    endloop
  endfacet
  facet normal 0 0 -1
    outer loop
      vertex 3.9663599133491516 168.60473135858774 13
      vertex 4.092792890965939 168.6386089771986 13
      vertex 6 165.6 13
    endloop
  endfacet
  facet normal -0.25881907619351313 0.9659258179582615 0
    outer loop
      vertex 3.9663599133491516 168.60473135858774 13
      vertex 4.092792890965939 168.6386089771986 14
      vertex 4.092792890965939 168.6386089771986 13
    endloop
  endfacet
  facet normal 0 0 -1
    outer loop
      vertex 3.9663599133491516 168.60473135858774 13
      vertex 6 165.6 13
      vertex 5.722162915732912 165.57569240481953 13
    endloop
  endfacet
  facet normal 0 0 1
    outer loop
      vertex 3.9663599133491516 168.60473135858774 14
      vertex 6.277837084267088 165.57569240481953 14
      vertex 4.092792890965939 168.6386089771986 14
    endloop
  endfacet
  facet normal -0.2249510048282839 -0.9743700762168065 0
    outer loop
      vertex 4.092792890965939 1.3613910228013992 13
      vertex 4.220331162214279 1.33194649964571 13
      vertex 4.092792890965939 1.3613910228013992 14
    endloop
  endfacet
  facet normal 0 0 -1
    outer loop
      vertex 4.092792890965939 1.3613910228013992 13
      vertex 110.92430759518047 5.722162915732912 13
      vertex 4.220331162214279 1.33194649964571 13
    endloop
  endfacet
  facet normal -0.2249510048282839 -0.9743700762168065 0
    outer loop
      vertex 4.092792890965939 1.3613910228013992 14
      vertex 4.220331162214279 1.33194649964571 13
      vertex 4.220331162214279 1.33194649964571 14
    endloop
  endfacet
  facet normal 0 0 1
    outer loop
      vertex 4.092792890965939 1.3613910228013992 14
      vertex 4.220331162214279 1.33194649964571 14
      vertex 6.277837084267088 4.424307595180467 14
    endloop
  endfacet
  facet normal 0 0 1
    outer loop
      vertex 4.092792890965939 1.3613910228013992 14
      vertex 6.277837084267088 4.424307595180467 14
      vertex 6 4.4 14
    endloop
  endfacet
  facet normal -0.2249510048282839 0.9743700762168065 0
    outer loop
      vertex 4.092792890965939 168.6386089771986 13
      vertex 4.092792890965939 168.6386089771986 14
      vertex 4.220331162214279 168.6680535003543 14
    endloop
  endfacet
  facet normal 0 0 -1
    outer loop
      vertex 4.092792890965939 168.6386089771986 13
      vertex 4.220331162214279 168.6680535003543 13
      vertex 6 165.6 13
    endloop
  endfacet
  facet normal -0.2249510048282839 0.9743700762168065 0
    outer loop
      vertex 4.092792890965939 168.6386089771986 13
      vertex 4.220331162214279 168.6680535003543 14
      vertex 4.220331162214279 168.6680535003543 13
    endloop
  endfacet
  facet normal 0 0 1
    outer loop
      vertex 4.092792890965939 168.6386089771986 14
      vertex 6.277837084267088 165.57569240481953 14
      vertex 6.54723222932107 165.50350819325746 14
    endloop
  endfacet
  facet normal 0 0 1
    outer loop
      vertex 4.092792890965939 168.6386089771986 14
      vertex 6.54723222932107 165.50350819325746 14
      vertex 4.220331162214279 168.6680535003543 14
    endloop
  endfacet
  facet normal -0.19080903709447267 -0.9816271753385194 0
    outer loop
      vertex 4.220331162214279 1.33194649964571 13
      vertex 4.348819330334663 1.3069709241390228 13
      vertex 4.220331162214279 1.33194649964571 14
    endloop
  endfacet
  facet normal 0 0 -1
    outer loop
      vertex 4.220331162214279 1.33194649964571 13
      vertex 110.92430759518047 5.722162915732912 13
      vertex 110.99649180674254 5.45276777067893 13
    endloop
  endfacet
  facet normal 0 0 -1
    outer loop
      vertex 4.220331162214279 1.33194649964571 13
      vertex 110.99649180674254 5.45276777067893 13
      vertex 4.348819330334663 1.3069709241390228 13
    endloop
  endfacet
  facet normal -0.19080903709447267 -0.9816271753385194 0
    outer loop
      vertex 4.220331162214279 1.33194649964571 14
      vertex 4.348819330334663 1.3069709241390228 13
      vertex 4.348819330334663 1.3069709241390228 14
    endloop
  endfacet
  facet normal 0 0 1
    outer loop
      vertex 4.220331162214279 1.33194649964571 14
      vertex 4.348819330334663 1.3069709241390228 14
      vertex 6.277837084267088 4.424307595180467 14
    endloop
  endfacet
  facet normal -0.19080903709447267 0.9816271753385194 0
    outer loop
      vertex 4.220331162214279 168.6680535003543 13
      vertex 4.220331162214279 168.6680535003543 14
      vertex 4.348819330334663 168.69302907586098 14
    endloop
  endfacet
  facet normal 0 0 -1
    outer loop
      vertex 4.220331162214279 168.6680535003543 13
      vertex 4.348819330334663 168.69302907586098 13
      vertex 6.277837084267088 165.57569240481953 13
    endloop
  endfacet
  facet normal -0.19080903709447267 0.9816271753385194 0
    outer loop
      vertex 4.220331162214279 168.6680535003543 13
      vertex 4.348819330334663 168.69302907586098 14
      vertex 4.348819330334663 168.69302907586098 13
    endloop
  endfacet
  facet normal 0 0 -1
    outer loop
      vertex 4.220331162214279 168.6680535003543 13
      vertex 6.277837084267088 165.57569240481953 13
      vertex 6 165.6 13
    endloop
  endfacet
  facet normal 0 0 1
    outer loop
      vertex 4.220331162214279 168.6680535003543 14
      vertex 6.54723222932107 165.50350819325746 14
      vertex 4.348819330334663 168.69302907586098 14
    endloop
  endfacet
  facet normal -0.1564344644596109 -0.9876883406870989 0
    outer loop
      vertex 4.348819330334663 1.3069709241390228 13
      vertex 4.478100873529911 1.2864947393536568 13
      vertex 4.348819330334663 1.3069709241390228 14
    endloop
  endfacet
  facet normal 0 0 -1
    outer loop
      vertex 4.348819330334663 1.3069709241390228 13
      vertex 110.99649180674254 5.45276777067893 13
      vertex 4.478100873529911 1.2864947393536568 13
    endloop
  endfacet
  facet normal -0.1564344644596109 -0.9876883406870989 0
    outer loop
      vertex 4.348819330334663 1.3069709241390228 14
      vertex 4.478100873529911 1.2864947393536568 13
      vertex 4.478100873529911 1.2864947393536568 14
    endloop
  endfacet
  facet normal 0 0 1
    outer loop
      vertex 4.348819330334663 1.3069709241390228 14
      vertex 4.478100873529911 1.2864947393536568 14
      vertex 6.277837084267088 4.424307595180467 14
    endloop
  endfacet
  facet normal -0.1564344644596109 0.9876883406870989 0
    outer loop
      vertex 4.348819330334663 168.69302907586098 13
      vertex 4.348819330334663 168.69302907586098 14
      vertex 4.478100873529911 168.71350526064634 14
    endloop
  endfacet
  facet normal 0 0 -1
    outer loop
      vertex 4.348819330334663 168.69302907586098 13
      vertex 4.478100873529911 168.71350526064634 13
      vertex 6.277837084267088 165.57569240481953 13
    endloop
  endfacet
  facet normal -0.1564344644596109 0.9876883406870989 0
    outer loop
      vertex 4.348819330334663 168.69302907586098 13
      vertex 4.478100873529911 168.71350526064634 14
      vertex 4.478100873529911 168.71350526064634 13
    endloop
  endfacet
  facet normal 0 0 1
    outer loop
      vertex 4.348819330334663 168.69302907586098 14
      vertex 6.54723222932107 165.50350819325746 14
      vertex 4.478100873529911 168.71350526064634 14
    endloop
  endfacet
  facet normal 0.9961946980917455 0.08715574274765785 0
    outer loop
      vertex 4.4 6 13
      vertex 4.4 6 14
      vertex 4.424307595180467 5.722162915732912 13
    endloop
  endfacet
  facet normal 0.9961946980917455 -0.08715574274765785 0
    outer loop
      vertex 4.4 6 13
      vertex 4.424307595180467 6.277837084267088 13
      vertex 4.424307595180467 6.277837084267088 14
    endloop
  endfacet
  facet normal 0.9961946980917455 -0.08715574274765785 0
    outer loop
      vertex 4.4 6 13
      vertex 4.424307595180467 6.277837084267088 14
      vertex 4.4 6 14
    endloop
  endfacet
  facet normal 0.9961946980917455 0.08715574274765785 0
    outer loop
      vertex 4.4 6 14
      vertex 4.424307595180467 5.722162915732912 14
      vertex 4.424307595180467 5.722162915732912 13
    endloop
  endfacet
  facet normal 0.9961946980917454 0.08715574274766145 0
    outer loop
      vertex 4.4 164 13
      vertex 4.4 164 14
      vertex 4.424307595180467 163.72216291573292 13
    endloop
  endfacet
  facet normal 0 0 -1
    outer loop
      vertex 4.4 164 13
      vertex 4.424307595180467 163.72216291573292 13
      vertex 10 10 13
    endloop
  endfacet
  facet normal 0.9961946980917454 -0.08715574274766145 0
    outer loop
      vertex 4.4 164 13
      vertex 4.424307595180467 164.27783708426708 13
      vertex 4.424307595180467 164.27783708426708 14
    endloop
  endfacet
  facet normal 0.9961946980917454 -0.08715574274766145 0
    outer loop
      vertex 4.4 164 13
      vertex 4.424307595180467 164.27783708426708 14
      vertex 4.4 164 14
    endloop
  endfacet
  facet normal 0.9961946980917454 0.08715574274766145 0
    outer loop
      vertex 4.4 164 14
      vertex 4.424307595180467 163.72216291573292 14
      vertex 4.424307595180467 163.72216291573292 13
    endloop
  endfacet
  facet normal 0.9659258262890689 0.258819045102519 0
    outer loop
      vertex 4.424307595180467 5.722162915732912 13
      vertex 4.424307595180467 5.722162915732912 14
      vertex 4.496491806742546 5.45276777067893 13
    endloop
  endfacet
  facet normal 0.9659258262890689 0.258819045102519 0
    outer loop
      vertex 4.424307595180467 5.722162915732912 14
      vertex 4.496491806742546 5.45276777067893 14
      vertex 4.496491806742546 5.45276777067893 13
    endloop
  endfacet
  facet normal 0.9659258262890689 -0.258819045102519 0
    outer loop
      vertex 4.424307595180467 6.277837084267088 13
      vertex 4.496491806742546 6.54723222932107 13
      vertex 4.496491806742546 6.54723222932107 14
    endloop
  endfacet
  facet normal 0.9659258262890689 -0.258819045102519 0
    outer loop
      vertex 4.424307595180467 6.277837084267088 13
      vertex 4.496491806742546 6.54723222932107 14
      vertex 4.424307595180467 6.277837084267088 14
    endloop
  endfacet
  facet normal 0.9659258262890745 0.25881904510249754 0
    outer loop
      vertex 4.424307595180467 163.72216291573292 13
      vertex 4.424307595180467 163.72216291573292 14
      vertex 4.496491806742546 163.45276777067892 13
    endloop
  endfacet
  facet normal 0 0 -1
    outer loop
      vertex 4.424307595180467 163.72216291573292 13
      vertex 4.496491806742546 163.45276777067892 13
      vertex 10 10 13
    endloop
  endfacet
  facet normal 0.9659258262890745 0.25881904510249754 0
    outer loop
      vertex 4.424307595180467 163.72216291573292 14
      vertex 4.496491806742546 163.45276777067892 14
      vertex 4.496491806742546 163.45276777067892 13
    endloop
  endfacet
  facet normal 0.9659258262890745 -0.25881904510249754 0
    outer loop
      vertex 4.424307595180467 164.27783708426708 13
      vertex 4.496491806742546 164.54723222932108 13
      vertex 4.496491806742546 164.54723222932108 14
    endloop
  endfacet
  facet normal 0.9659258262890745 -0.25881904510249754 0
    outer loop
      vertex 4.424307595180467 164.27783708426708 13
      vertex 4.496491806742546 164.54723222932108 14
      vertex 4.424307595180467 164.27783708426708 14
    endloop
  endfacet
  facet normal -0.12186934157070485 -0.9925461518665634 0
    outer loop
      vertex 4.478100873529911 1.2864947393536568 13
      vertex 4.608018264174461 1.2705428898334503 13
      vertex 4.478100873529911 1.2864947393536568 14
    endloop
  endfacet
  facet normal 0 0 -1
    outer loop
      vertex 4.478100873529911 1.2864947393536568 13
      vertex 110.99649180674254 5.45276777067893 13
      vertex 4.608018264174461 1.2705428898334503 13
    endloop
  endfacet
  facet normal -0.12186934157070485 -0.9925461518665634 0
    outer loop
      vertex 4.478100873529911 1.2864947393536568 14
      vertex 4.608018264174461 1.2705428898334503 13
      vertex 4.608018264174461 1.2705428898334503 14
    endloop
  endfacet
  facet normal 0 0 1
    outer loop
      vertex 4.478100873529911 1.2864947393536568 14
      vertex 4.608018264174461 1.2705428898334503 14
      vertex 6.54723222932107 4.496491806742546 14
    endloop
  endfacet
  facet normal 0 0 1
    outer loop
      vertex 4.478100873529911 1.2864947393536568 14
      vertex 6.54723222932107 4.496491806742546 14
      vertex 6.277837084267088 4.424307595180467 14
    endloop
  endfacet
  facet normal -0.12186934157070485 0.9925461518665634 0
    outer loop
      vertex 4.478100873529911 168.71350526064634 13
      vertex 4.478100873529911 168.71350526064634 14
      vertex 4.608018264174461 168.72945711016655 14
    endloop
  endfacet
  facet normal 0 0 -1
    outer loop
      vertex 4.478100873529911 168.71350526064634 13
      vertex 4.608018264174461 168.72945711016655 13
      vertex 6.277837084267088 165.57569240481953 13
    endloop
  endfacet
  facet normal -0.12186934157070485 0.9925461518665634 0
    outer loop
      vertex 4.478100873529911 168.71350526064634 13
      vertex 4.608018264174461 168.72945711016655 14
      vertex 4.608018264174461 168.72945711016655 13
    endloop
  endfacet
  facet normal 0 0 1
    outer loop
      vertex 4.478100873529911 168.71350526064634 14
      vertex 6.54723222932107 165.50350819325746 14
      vertex 6.8 165.3856406460551 14
    endloop
  endfacet
  facet normal 0 0 1
    outer loop
      vertex 4.478100873529911 168.71350526064634 14
      vertex 6.8 165.3856406460551 14
      vertex 4.608018264174461 168.72945711016655 14
    endloop
  endfacet
  facet normal 0.9063077870366489 0.4226182617407015 0
    outer loop
      vertex 4.496491806742546 5.45276777067893 13
      vertex 4.496491806742546 5.45276777067893 14
      vertex 4.614359353944899 5.2 13
    endloop
  endfacet
  facet normal 0.9063077870366489 0.4226182617407015 0
    outer loop
      vertex 4.496491806742546 5.45276777067893 14
      vertex 4.614359353944899 5.2 14
      vertex 4.614359353944899 5.2 13
    endloop
  endfacet
  facet normal 0.9063077870366489 -0.4226182617407015 0
    outer loop
      vertex 4.496491806742546 6.54723222932107 13
      vertex 4.614359353944899 6.8 13
      vertex 4.614359353944899 6.8 14
    endloop
  endfacet
  facet normal 0.9063077870366489 -0.4226182617407015 0
    outer loop
      vertex 4.496491806742546 6.54723222932107 13
      vertex 4.614359353944899 6.8 14
      vertex 4.496491806742546 6.54723222932107 14
    endloop
  endfacet
  facet normal 0.9063077870366485 0.42261826174070277 0
    outer loop
      vertex 4.496491806742546 163.45276777067892 13
      vertex 4.496491806742546 163.45276777067892 14
      vertex 4.614359353944899 163.2 13
    endloop
  endfacet
  facet normal 0 0 -1
    outer loop
      vertex 4.496491806742546 163.45276777067892 13
      vertex 4.614359353944899 163.2 13
      vertex 10 10 13
    endloop
  endfacet
  facet normal 0.9063077870366485 0.42261826174070277 0
    outer loop
      vertex 4.496491806742546 163.45276777067892 14
      vertex 4.614359353944899 163.2 14
      vertex 4.614359353944899 163.2 13
    endloop
  endfacet
  facet normal 0.9063077870366485 -0.42261826174070277 0
    outer loop
      vertex 4.496491806742546 164.54723222932108 13
      vertex 4.614359353944899 164.8 13
      vertex 4.614359353944899 164.8 14
    endloop
  endfacet
  facet normal 0.9063077870366485 -0.42261826174070277 0
    outer loop
      vertex 4.496491806742546 164.54723222932108 13
      vertex 4.614359353944899 164.8 14
      vertex 4.496491806742546 164.54723222932108 14
    endloop
  endfacet
  facet normal -0.08715570550483667 -0.9961947013500696 0
    outer loop
      vertex 4.608018264174461 1.2705428898334503 13
      vertex 4.738413222134113 1.2591348141431808 13
      vertex 4.608018264174461 1.2705428898334503 14
    endloop
  endfacet
  facet normal 0 0 -1
    outer loop
      vertex 4.608018264174461 1.2705428898334503 13
      vertex 110.99649180674254 5.45276777067893 13
      vertex 4.738413222134113 1.2591348141431808 13
    endloop
  endfacet
  facet normal -0.08715570550483667 -0.9961947013500696 0
    outer loop
      vertex 4.608018264174461 1.2705428898334503 14
      vertex 4.738413222134113 1.2591348141431808 13
      vertex 4.738413222134113 1.2591348141431808 14
    endloop
  endfacet
  facet normal 0 0 1
    outer loop
      vertex 4.608018264174461 1.2705428898334503 14
      vertex 4.738413222134113 1.2591348141431808 14
      vertex 6.8 4.614359353944899 14
    endloop
  endfacet
  facet normal 0 0 1
    outer loop
      vertex 4.608018264174461 1.2705428898334503 14
      vertex 6.8 4.614359353944899 14
      vertex 6.54723222932107 4.496491806742546 14
    endloop
  endfacet
  facet normal -0.08715570550483667 0.9961947013500696 0
    outer loop
      vertex 4.608018264174461 168.72945711016655 13
      vertex 4.608018264174461 168.72945711016655 14
      vertex 4.738413222134113 168.74086518585682 14
    endloop
  endfacet
  facet normal 0 0 -1
    outer loop
      vertex 4.608018264174461 168.72945711016655 13
      vertex 4.738413222134113 168.74086518585682 13
      vertex 6.54723222932107 165.50350819325746 13
    endloop
  endfacet
  facet normal -0.08715570550483667 0.9961947013500696 0
    outer loop
      vertex 4.608018264174461 168.72945711016655 13
      vertex 4.738413222134113 168.74086518585682 14
      vertex 4.738413222134113 168.74086518585682 13
    endloop
  endfacet
  facet normal 0 0 -1
    outer loop
      vertex 4.608018264174461 168.72945711016655 13
      vertex 6.54723222932107 165.50350819325746 13
      vertex 6.277837084267088 165.57569240481953 13
    endloop
  endfacet
  facet normal 0 0 1
    outer loop
      vertex 4.608018264174461 168.72945711016655 14
      vertex 6.8 165.3856406460551 14
      vertex 7.028460175498463 165.22567110899035 14
    endloop
  endfacet
  facet normal 0 0 1
    outer loop
      vertex 4.608018264174461 168.72945711016655 14
      vertex 7.028460175498463 165.22567110899035 14
      vertex 4.738413222134113 168.74086518585682 14
    endloop
  endfacet
  facet normal 0.8191520442889935 0.5735764363510437 0
    outer loop
      vertex 4.614359353944899 5.2 13
      vertex 4.614359353944899 5.2 14
      vertex 4.774328891009635 4.971539824501537 13
    endloop
  endfacet
  facet normal 0.8191520442889935 0.5735764363510437 0
    outer loop
      vertex 4.614359353944899 5.2 14
      vertex 4.774328891009635 4.971539824501537 14
      vertex 4.774328891009635 4.971539824501537 13
    endloop
  endfacet
  facet normal 0.8191520442889935 -0.5735764363510437 0
    outer loop
      vertex 4.614359353944899 6.8 13
      vertex 4.774328891009635 7.028460175498463 13
      vertex 4.774328891009635 7.028460175498463 14
    endloop
  endfacet
  facet normal 0.8191520442889935 -0.5735764363510437 0
    outer loop
      vertex 4.614359353944899 6.8 13
      vertex 4.774328891009635 7.028460175498463 14
      vertex 4.614359353944899 6.8 14
    endloop
  endfacet
  facet normal 0.8191520442889673 0.5735764363510811 0
    outer loop
      vertex 4.614359353944899 163.2 13
      vertex 4.614359353944899 163.2 14
      vertex 4.774328891009635 162.97153982450155 13
    endloop
  endfacet
  facet normal 0 0 -1
    outer loop
      vertex 4.614359353944899 163.2 13
      vertex 4.774328891009635 162.97153982450155 13
      vertex 10 10 13
    endloop
  endfacet
  facet normal 0.8191520442889673 0.5735764363510811 0
    outer loop
      vertex 4.614359353944899 163.2 14
      vertex 4.774328891009635 162.97153982450155 14
      vertex 4.774328891009635 162.97153982450155 13
    endloop
  endfacet
  facet normal 0.8191520442889673 -0.5735764363510811 0
    outer loop
      vertex 4.614359353944899 164.8 13
      vertex 4.774328891009635 165.02846017549845 13
      vertex 4.774328891009635 165.02846017549845 14
    endloop
  endfacet
  facet normal 0.8191520442889673 -0.5735764363510811 0
    outer loop
      vertex 4.614359353944899 164.8 13
      vertex 4.774328891009635 165.02846017549845 14
      vertex 4.614359353944899 164.8 14
    endloop
  endfacet
  facet normal -0.05233596482303056 -0.9986295343049105 0
    outer loop
      vertex 4.738413222134113 1.2591348141431808 13
      vertex 4.869126886129379 1.252284400165081 13
      vertex 4.738413222134113 1.2591348141431808 14
    endloop
  endfacet
  facet normal 0 0 -1
    outer loop
      vertex 4.738413222134113 1.2591348141431808 13
      vertex 110.99649180674254 5.45276777067893 13
      vertex 4.869126886129379 1.252284400165081 13
    endloop
  endfacet
  facet normal -0.05233596482303056 -0.9986295343049105 0
    outer loop
      vertex 4.738413222134113 1.2591348141431808 14
      vertex 4.869126886129379 1.252284400165081 13
      vertex 4.869126886129379 1.252284400165081 14
    endloop
  endfacet
  facet normal 0 0 1
    outer loop
      vertex 4.738413222134113 1.2591348141431808 14
      vertex 4.869126886129379 1.252284400165081 14
      vertex 6.8 4.614359353944899 14
    endloop
  endfacet
  facet normal -0.05233596482303056 0.9986295343049105 0
    outer loop
      vertex 4.738413222134113 168.74086518585682 13
      vertex 4.738413222134113 168.74086518585682 14
      vertex 4.869126886129379 168.74771559983492 14
    endloop
  endfacet
  facet normal 0 0 -1
    outer loop
      vertex 4.738413222134113 168.74086518585682 13
      vertex 4.869126886129379 168.74771559983492 13
      vertex 6.54723222932107 165.50350819325746 13
    endloop
  endfacet
  facet normal -0.05233596482303056 0.9986295343049105 0
    outer loop
      vertex 4.738413222134113 168.74086518585682 13
      vertex 4.869126886129379 168.74771559983492 14
      vertex 4.869126886129379 168.74771559983492 13
    endloop
  endfacet
  facet normal 0 0 1
    outer loop
      vertex 4.738413222134113 168.74086518585682 14
      vertex 7.028460175498463 165.22567110899035 14
      vertex 4.869126886129379 168.74771559983492 14
    endloop
  endfacet
  facet normal 0.7071067811865476 0.7071067811865476 0
    outer loop
      vertex 4.774328891009635 4.971539824501537 13
      vertex 4.774328891009635 4.971539824501537 14
      vertex 4.971539824501537 4.774328891009635 13
    endloop
  endfacet
  facet normal 0.7071067811865476 0.7071067811865476 0
    outer loop
      vertex 4.774328891009635 4.971539824501537 14
      vertex 4.971539824501537 4.774328891009635 14
      vertex 4.971539824501537 4.774328891009635 13
    endloop
  endfacet
  facet normal 0.7071067811865476 -0.7071067811865476 0
    outer loop
      vertex 4.774328891009635 7.028460175498463 13
      vertex 4.971539824501537 7.225671108990365 13
      vertex 4.971539824501537 7.225671108990365 14
    endloop
  endfacet
  facet normal 0.7071067811865476 -0.7071067811865476 0
    outer loop
      vertex 4.774328891009635 7.028460175498463 13
      vertex 4.971539824501537 7.225671108990365 14
      vertex 4.774328891009635 7.028460175498463 14
    endloop
  endfacet
  facet normal 0.7071067811865476 0.7071067811865476 0
    outer loop
      vertex 4.774328891009635 162.97153982450155 13
      vertex 4.774328891009635 162.97153982450155 14
      vertex 4.971539824501537 162.77432889100965 13
    endloop
  endfacet
  facet normal 0 0 -1
    outer loop
      vertex 4.774328891009635 162.97153982450155 13
      vertex 4.971539824501537 162.77432889100965 13
      vertex 10 10 13
    endloop
  endfacet
  facet normal 0.7071067811865476 0.7071067811865476 0
    outer loop
      vertex 4.774328891009635 162.97153982450155 14
      vertex 4.971539824501537 162.77432889100965 14
      vertex 4.971539824501537 162.77432889100965 13
    endloop
  endfacet
  facet normal 0.7071067811865476 -0.7071067811865476 0
    outer loop
      vertex 4.774328891009635 165.02846017549845 13
      vertex 4.971539824501537 165.22567110899035 13
      vertex 4.971539824501537 165.22567110899035 14
    endloop
  endfacet
  facet normal 0.7071067811865476 -0.7071067811865476 0
    outer loop
      vertex 4.774328891009635 165.02846017549845 13
      vertex 4.971539824501537 165.22567110899035 14
      vertex 4.774328891009635 165.02846017549845 14
    endloop
  endfacet
  facet normal -0.017452417627068437 -0.9998476949610727 0
    outer loop
      vertex 4.869126886129379 1.252284400165081 13
      vertex 5 1.25 13
      vertex 4.869126886129379 1.252284400165081 14
    endloop
  endfacet
  facet normal 0 0 -1
    outer loop
      vertex 4.869126886129379 1.252284400165081 13
      vertex 110.99649180674254 5.45276777067893 13
      vertex 5 1.25 13
    endloop
  endfacet
  facet normal -0.017452417627068437 -0.9998476949610727 0
    outer loop
      vertex 4.869126886129379 1.252284400165081 14
      vertex 5 1.25 13
      vertex 5 1.25 14
    endloop
  endfacet
  facet normal 0 0 1
    outer loop
      vertex 4.869126886129379 1.252284400165081 14
      vertex 5 1.25 14
      vertex 7.028460175498463 4.774328891009635 14
    endloop
  endfacet
  facet normal 0 0 1
    outer loop
      vertex 4.869126886129379 1.252284400165081 14
      vertex 7.028460175498463 4.774328891009635 14
      vertex 6.8 4.614359353944899 14
    endloop
  endfacet
  facet normal -0.017452417627068437 0.9998476949610727 0
    outer loop
      vertex 4.869126886129379 168.74771559983492 13
      vertex 4.869126886129379 168.74771559983492 14
      vertex 5 168.75 14
    endloop
  endfacet
  facet normal 0 0 -1
    outer loop
      vertex 4.869126886129379 168.74771559983492 13
      vertex 5 168.75 13
      vertex 6.8 165.3856406460551 13
    endloop
  endfacet
  facet normal -0.017452417627068437 0.9998476949610727 0
    outer loop
      vertex 4.869126886129379 168.74771559983492 13
      vertex 5 168.75 14
      vertex 5 168.75 13
    endloop
  endfacet
  facet normal 0 0 -1
    outer loop
      vertex 4.869126886129379 168.74771559983492 13
      vertex 6.8 165.3856406460551 13
      vertex 6.54723222932107 165.50350819325746 13
    endloop
  endfacet
  facet normal 0 0 1
    outer loop
      vertex 4.869126886129379 168.74771559983492 14
      vertex 7.028460175498463 165.22567110899035 14
      vertex 7.225671108990365 165.02846017549845 14
    endloop
  endfacet
  facet normal 0 0 1
    outer loop
      vertex 4.869126886129379 168.74771559983492 14
      vertex 7.225671108990365 165.02846017549845 14
      vertex 5 168.75 14
    endloop
  endfacet
  facet normal 0.5735764363510437 0.8191520442889935 0
    outer loop
      vertex 4.971539824501537 4.774328891009635 13
      vertex 4.971539824501537 4.774328891009635 14
      vertex 5.2 4.614359353944899 13
    endloop
  endfacet
  facet normal 0.5735764363510437 0.8191520442889935 0
    outer loop
      vertex 4.971539824501537 4.774328891009635 14
      vertex 5.2 4.614359353944899 14
      vertex 5.2 4.614359353944899 13
    endloop
  endfacet
  facet normal 0.5735764363510437 -0.8191520442889935 0
    outer loop
      vertex 4.971539824501537 7.225671108990365 13
      vertex 5.2 7.385640646055101 13
      vertex 5.2 7.385640646055101 14
    endloop
  endfacet
  facet normal 0.5735764363510437 -0.8191520442889935 0
    outer loop
      vertex 4.971539824501537 7.225671108990365 13
      vertex 5.2 7.385640646055101 14
      vertex 4.971539824501537 7.225671108990365 14
    endloop
  endfacet
  facet normal 0.5735764363510523 0.8191520442889874 0
    outer loop
      vertex 4.971539824501537 162.77432889100965 13
      vertex 4.971539824501537 162.77432889100965 14
      vertex 5.2 162.6143593539449 13
    endloop
  endfacet
  facet normal 0 0 -1
    outer loop
      vertex 4.971539824501537 162.77432889100965 13
      vertex 5.2 162.6143593539449 13
      vertex 10 10 13
    endloop
  endfacet
  facet normal 0.5735764363510523 0.8191520442889874 0
    outer loop
      vertex 4.971539824501537 162.77432889100965 14
      vertex 5.2 162.6143593539449 14
      vertex 5.2 162.6143593539449 13
    endloop
  endfacet
  facet normal 0.5735764363510523 -0.8191520442889874 0
    outer loop
      vertex 4.971539824501537 165.22567110899035 13
      vertex 5.2 165.3856406460551 13
      vertex 5.2 165.3856406460551 14
    endloop
  endfacet
  facet normal 0.5735764363510523 -0.8191520442889874 0
    outer loop
      vertex 4.971539824501537 165.22567110899035 13
      vertex 5.2 165.3856406460551 14
      vertex 4.971539824501537 165.22567110899035 14
    endloop
  endfacet
  facet normal 0 0 -1
    outer loop
      vertex 5 1.25 13
      vertex 110.99649180674254 5.45276777067893 13
      vertex 111.11435935394489 5.2 13
    endloop
  endfacet
  facet normal 0 0 -1
    outer loop
      vertex 5 1.25 13
      vertex 111.11435935394489 5.2 13
      vertex 111.27432889100963 4.971539824501537 13
    endloop
  endfacet
  facet normal 0 0 -1
    outer loop
      vertex 5 1.25 13
      vertex 111.27432889100963 4.971539824501537 13
      vertex 111.47153982450153 4.774328891009635 13
    endloop
  endfacet
  facet normal 0 0 -1
    outer loop
      vertex 5 1.25 13
      vertex 111.47153982450153 4.774328891009635 13
      vertex 111.7 4.614359353944899 13
    endloop
  endfacet
  facet normal 0 0 -1
    outer loop
      vertex 5 1.25 13
      vertex 111.7 4.614359353944899 13
      vertex 111.95276777067893 4.496491806742546 13
    endloop
  endfacet
  facet normal 0 0 -1
    outer loop
      vertex 5 1.25 13
      vertex 111.95276777067893 4.496491806742546 13
      vertex 112.22216291573291 4.424307595180467 13
    endloop
  endfacet
  facet normal 0 0 -1
    outer loop
      vertex 5 1.25 13
      vertex 112.22216291573291 4.424307595180467 13
      vertex 112.5 4.4 13
    endloop
  endfacet
  facet normal 0 0 -1
    outer loop
      vertex 5 1.25 13
      vertex 112.5 4.4 13
      vertex 220 1.25 13
    endloop
  endfacet
  facet normal 0 -1 0
    outer loop
      vertex 5 1.25 13
      vertex 220 1.25 13
      vertex 5 1.25 14
    endloop
  endfacet
  facet normal 0 0 1
    outer loop
      vertex 5 1.25 14
      vertex 7.225671108990365 4.971539824501537 14
      vertex 7.028460175498463 4.774328891009635 14
    endloop
  endfacet
  facet normal 0 0 1
    outer loop
      vertex 5 1.25 14
      vertex 7.385640646055101 5.2 14
      vertex 7.225671108990365 4.971539824501537 14
    endloop
  endfacet
  facet normal 0 0 1
    outer loop
      vertex 5 1.25 14
      vertex 11 11 14
      vertex 7.385640646055101 5.2 14
    endloop
  endfacet
  facet normal 0 0 1
    outer loop
      vertex 5 1.25 14
      vertex 110.9 6 14
      vertex 110.92430759518047 6.277837084267088 14
    endloop
  endfacet
  facet normal 0 0 1
    outer loop
      vertex 5 1.25 14
      vertex 110.92430759518047 5.722162915732912 14
      vertex 110.9 6 14
    endloop
  endfacet
  facet normal 0 0 1
    outer loop
      vertex 5 1.25 14
      vertex 110.92430759518047 6.277837084267088 14
      vertex 11 11 14
    endloop
  endfacet
  facet normal 0 0 1
    outer loop
      vertex 5 1.25 14
      vertex 110.99649180674254 5.45276777067893 14
      vertex 110.92430759518047 5.722162915732912 14
    endloop
  endfacet
  facet normal 0 0 1
    outer loop
      vertex 5 1.25 14
      vertex 111.11435935394489 5.2 14
      vertex 110.99649180674254 5.45276777067893 14
    endloop
  endfacet
  facet normal 0 0 1
    outer loop
      vertex 5 1.25 14
      vertex 111.27432889100963 4.971539824501537 14
      vertex 111.11435935394489 5.2 14
    endloop
  endfacet
  facet normal 0 0 1
    outer loop
      vertex 5 1.25 14
      vertex 111.47153982450153 4.774328891009635 14
      vertex 111.27432889100963 4.971539824501537 14
    endloop
  endfacet
  facet normal 0 0 1
    outer loop
      vertex 5 1.25 14
      vertex 111.7 4.614359353944899 14
      vertex 111.47153982450153 4.774328891009635 14
    endloop
  endfacet
  facet normal 0 0 1
    outer loop
      vertex 5 1.25 14
      vertex 111.95276777067893 4.496491806742546 14
      vertex 111.7 4.614359353944899 14
    endloop
  endfacet
  facet normal 0 0 1
    outer loop
      vertex 5 1.25 14
      vertex 112.22216291573291 4.424307595180467 14
      vertex 111.95276777067893 4.496491806742546 14
    endloop
  endfacet
  facet normal 0 0 1
    outer loop
      vertex 5 1.25 14
      vertex 112.5 4.4 14
      vertex 112.22216291573291 4.424307595180467 14
    endloop
  endfacet
  facet normal 0 -1 0
    outer loop
      vertex 5 1.25 14
      vertex 220 1.25 13
      vertex 220 1.25 14
    endloop
  endfacet
  facet normal 0 0 1
    outer loop
      vertex 5 1.25 14
      vertex 220 1.25 14
      vertex 112.5 4.4 14
    endloop
  endfacet
  facet normal 0 1 0
    outer loop
      vertex 5 168.75 13
      vertex 5 168.75 14
      vertex 220 168.75 14
    endloop
  endfacet
  facet normal 0 0 -1
    outer loop
      vertex 5 168.75 13
      vertex 111.47153982450153 165.22567110899035 13
      vertex 6.8 165.3856406460551 13
    endloop
  endfacet
  facet normal 0 0 -1
    outer loop
      vertex 5 168.75 13
      vertex 111.7 165.3856406460551 13
      vertex 111.47153982450153 165.22567110899035 13
    endloop
  endfacet
  facet normal 0 0 -1
    outer loop
      vertex 5 168.75 13
      vertex 111.95276777067893 165.50350819325746 13
      vertex 111.7 165.3856406460551 13
    endloop
  endfacet
  facet normal 0 0 -1
    outer loop
      vertex 5 168.75 13
      vertex 112.22216291573291 165.57569240481953 13
      vertex 111.95276777067893 165.50350819325746 13
    endloop
  endfacet
  facet normal 0 0 -1
    outer loop
      vertex 5 168.75 13
      vertex 112.5 165.6 13
      vertex 112.22216291573291 165.57569240481953 13
    endloop
  endfacet
  facet normal 0 0 -1
    outer loop
      vertex 5 168.75 13
      vertex 220 168.75 13
      vertex 112.5 165.6 13
    endloop
  endfacet
  facet normal 0 1 0
    outer loop
      vertex 5 168.75 13
      vertex 220 168.75 14
      vertex 220 168.75 13
    endloop
  endfacet
  facet normal 0 0 1
    outer loop
      vertex 5 168.75 14
      vertex 7.225671108990365 165.02846017549845 14
      vertex 7.385640646055101 164.8 14
    endloop
  endfacet
  facet normal 0 0 1
    outer loop
      vertex 5 168.75 14
      vertex 7.385640646055101 164.8 14
      vertex 11 159 14
    endloop
  endfacet
  facet normal 0 0 1
    outer loop
      vertex 5 168.75 14
      vertex 11 159 14
      vertex 110.9 164 14
    endloop
  endfacet
  facet normal 0 0 1
    outer loop
      vertex 5 168.75 14
      vertex 110.9 164 14
      vertex 110.92430759518047 164.27783708426708 14
    endloop
  endfacet
  facet normal 0 0 1
    outer loop
      vertex 5 168.75 14
      vertex 110.92430759518047 164.27783708426708 14
      vertex 110.99649180674254 164.54723222932108 14
    endloop
  endfacet
  facet normal 0 0 1
    outer loop
      vertex 5 168.75 14
      vertex 110.99649180674254 164.54723222932108 14
      vertex 111.11435935394489 164.8 14
    endloop
  endfacet
  facet normal 0 0 1
    outer loop
      vertex 5 168.75 14
      vertex 111.11435935394489 164.8 14
      vertex 111.27432889100963 165.02846017549845 14
    endloop
  endfacet
  facet normal 0 0 1
    outer loop
      vertex 5 168.75 14
      vertex 111.27432889100963 165.02846017549845 14
      vertex 111.47153982450153 165.22567110899035 14
    endloop
  endfacet
  facet normal 0 0 1
    outer loop
      vertex 5 168.75 14
      vertex 111.47153982450153 165.22567110899035 14
      vertex 111.7 165.3856406460551 14
    endloop
  endfacet
  facet normal 0 0 1
    outer loop
      vertex 5 168.75 14
      vertex 111.7 165.3856406460551 14
      vertex 111.95276777067893 165.50350819325746 14
    endloop
  endfacet
  facet normal 0 0 1
    outer loop
      vertex 5 168.75 14
      vertex 111.95276777067893 165.50350819325746 14
      vertex 112.22216291573291 165.57569240481953 14
    endloop
  endfacet
  facet normal 0 0 1
    outer loop
      vertex 5 168.75 14
      vertex 112.22216291573291 165.57569240481953 14
      vertex 112.5 165.6 14
    endloop
  endfacet
  facet normal 0 0 1
    outer loop
      vertex 5 168.75 14
      vertex 112.5 165.6 14
      vertex 220 168.75 14
    endloop
  endfacet
  facet normal 0.4226182617407015 0.9063077870366489 0
    outer loop
      vertex 5.2 4.614359353944899 13
      vertex 5.2 4.614359353944899 14
      vertex 5.45276777067893 4.496491806742546 13
    endloop
  endfacet
  facet normal 0.4226182617407015 0.9063077870366489 0
    outer loop
      vertex 5.2 4.614359353944899 14
      vertex 5.45276777067893 4.496491806742546 14
      vertex 5.45276777067893 4.496491806742546 13
    endloop
  endfacet
  facet normal 0.4226182617407015 -0.9063077870366489 0
    outer loop
      vertex 5.2 7.385640646055101 13
      vertex 5.45276777067893 7.503508193257454 13
      vertex 5.45276777067893 7.503508193257454 14
    endloop
  endfacet
  facet normal 0.4226182617407015 -0.9063077870366489 0
    outer loop
      vertex 5.2 7.385640646055101 13
      vertex 5.45276777067893 7.503508193257454 14
      vertex 5.2 7.385640646055101 14
    endloop
  endfacet
  facet normal 0 0 1
    outer loop
      vertex 5.2 7.385640646055101 14
      vertex 5.45276777067893 7.503508193257454 14
      vertex 11 11 14
    endloop
  endfacet
  facet normal 0.4226182617407407 0.9063077870366306 0
    outer loop
      vertex 5.2 162.6143593539449 13
      vertex 5.2 162.6143593539449 14
      vertex 5.45276777067893 162.49649180674254 13
    endloop
  endfacet
  facet normal 0 0 -1
    outer loop
      vertex 5.2 162.6143593539449 13
      vertex 5.45276777067893 162.49649180674254 13
      vertex 10 10 13
    endloop
  endfacet
  facet normal 0.4226182617407407 0.9063077870366306 0
    outer loop
      vertex 5.2 162.6143593539449 14
      vertex 5.45276777067893 162.49649180674254 14
      vertex 5.45276777067893 162.49649180674254 13
    endloop
  endfacet
  facet normal 0 0 1
    outer loop
      vertex 5.2 162.6143593539449 14
      vertex 11 159 14
      vertex 5.45276777067893 162.49649180674254 14
    endloop
  endfacet
  facet normal 0.4226182617407407 -0.9063077870366306 0
    outer loop
      vertex 5.2 165.3856406460551 13
      vertex 5.45276777067893 165.50350819325746 13
      vertex 5.45276777067893 165.50350819325746 14
    endloop
  endfacet
  facet normal 0.4226182617407407 -0.9063077870366306 0
    outer loop
      vertex 5.2 165.3856406460551 13
      vertex 5.45276777067893 165.50350819325746 14
      vertex 5.2 165.3856406460551 14
    endloop
  endfacet
  facet normal 0.258819045102519 0.9659258262890689 0
    outer loop
      vertex 5.45276777067893 4.496491806742546 13
      vertex 5.45276777067893 4.496491806742546 14
      vertex 5.722162915732912 4.424307595180467 13
    endloop
  endfacet
  facet normal 0.258819045102519 0.9659258262890689 0
    outer loop
      vertex 5.45276777067893 4.496491806742546 14
      vertex 5.722162915732912 4.424307595180467 14
      vertex 5.722162915732912 4.424307595180467 13
    endloop
  endfacet
  facet normal 0.258819045102519 -0.9659258262890689 0
    outer loop
      vertex 5.45276777067893 7.503508193257454 13
      vertex 5.722162915732912 7.575692404819533 13
      vertex 5.722162915732912 7.575692404819533 14
    endloop
  endfacet
  facet normal 0.258819045102519 -0.9659258262890689 0
    outer loop
      vertex 5.45276777067893 7.503508193257454 13
      vertex 5.722162915732912 7.575692404819533 14
      vertex 5.45276777067893 7.503508193257454 14
    endloop
  endfacet
  facet normal 0 0 1
    outer loop
      vertex 5.45276777067893 7.503508193257454 14
      vertex 5.722162915732912 7.575692404819533 14
      vertex 11 11 14
    endloop
  endfacet
  facet normal 0.25881904510250414 0.9659258262890728 0
    outer loop
      vertex 5.45276777067893 162.49649180674254 13
      vertex 5.45276777067893 162.49649180674254 14
      vertex 5.722162915732912 162.42430759518047 13
    endloop
  endfacet
  facet normal 0 0 -1
    outer loop
      vertex 5.45276777067893 162.49649180674254 13
      vertex 5.722162915732912 162.42430759518047 13
      vertex 10 10 13
    endloop
  endfacet
  facet normal 0.25881904510250414 0.9659258262890728 0
    outer loop
      vertex 5.45276777067893 162.49649180674254 14
      vertex 5.722162915732912 162.42430759518047 14
      vertex 5.722162915732912 162.42430759518047 13
    endloop
  endfacet
  facet normal 0 0 1
    outer loop
      vertex 5.45276777067893 162.49649180674254 14
      vertex 11 159 14
      vertex 5.722162915732912 162.42430759518047 14
    endloop
  endfacet
  facet normal 0.25881904510250414 -0.9659258262890728 0
    outer loop
      vertex 5.45276777067893 165.50350819325746 13
      vertex 5.722162915732912 165.57569240481953 13
      vertex 5.722162915732912 165.57569240481953 14
    endloop
  endfacet
  facet normal 0.25881904510250414 -0.9659258262890728 0
    outer loop
      vertex 5.45276777067893 165.50350819325746 13
      vertex 5.722162915732912 165.57569240481953 14
      vertex 5.45276777067893 165.50350819325746 14
    endloop
  endfacet
  facet normal 0.08715574274765785 0.9961946980917455 0
    outer loop
      vertex 5.722162915732912 4.424307595180467 13
      vertex 5.722162915732912 4.424307595180467 14
      vertex 6 4.4 13
    endloop
  endfacet
  facet normal 0.08715574274765785 0.9961946980917455 0
    outer loop
      vertex 5.722162915732912 4.424307595180467 14
      vertex 6 4.4 14
      vertex 6 4.4 13
    endloop
  endfacet
  facet normal 0.08715574274765785 -0.9961946980917455 0
    outer loop
      vertex 5.722162915732912 7.575692404819533 13
      vertex 6 7.6 13
      vertex 6 7.6 14
    endloop
  endfacet
  facet normal 0.08715574274765785 -0.9961946980917455 0
    outer loop
      vertex 5.722162915732912 7.575692404819533 13
      vertex 6 7.6 14
      vertex 5.722162915732912 7.575692404819533 14
    endloop
  endfacet
  facet normal 0 0 -1
    outer loop
      vertex 5.722162915732912 7.575692404819533 13
      vertex 10 10 13
      vertex 6 7.6 13
    endloop
  endfacet
  facet normal 0 0 1
    outer loop
      vertex 5.722162915732912 7.575692404819533 14
      vertex 6 7.6 14
      vertex 11 11 14
    endloop
  endfacet
  facet normal 0.08715574274763256 0.9961946980917478 0
    outer loop
      vertex 5.722162915732912 162.42430759518047 13
      vertex 5.722162915732912 162.42430759518047 14
      vertex 6 162.4 13
    endloop
  endfacet
  facet normal 0 0 -1
    outer loop
      vertex 5.722162915732912 162.42430759518047 13
      vertex 6 162.4 13
      vertex 10 10 13
    endloop
  endfacet
  facet normal 0.08715574274763256 0.9961946980917478 0
    outer loop
      vertex 5.722162915732912 162.42430759518047 14
      vertex 6 162.4 14
      vertex 6 162.4 13
    endloop
  endfacet
  facet normal 0 0 1
    outer loop
      vertex 5.722162915732912 162.42430759518047 14
      vertex 11 159 14
      vertex 6 162.4 14
    endloop
  endfacet
  facet normal 0.08715574274763256 -0.9961946980917478 0
    outer loop
      vertex 5.722162915732912 165.57569240481953 13
      vertex 6 165.6 13
      vertex 6 165.6 14
    endloop
  endfacet
  facet normal 0.08715574274763256 -0.9961946980917478 0
    outer loop
      vertex 5.722162915732912 165.57569240481953 13
      vertex 6 165.6 14
      vertex 5.722162915732912 165.57569240481953 14
    endloop
  endfacet
  facet normal -0.08715574274765785 0.9961946980917455 0
    outer loop
      vertex 6 4.4 13
      vertex 6 4.4 14
      vertex 6.277837084267088 4.424307595180467 13
    endloop
  endfacet
  facet normal 0 0 -1
    outer loop
      vertex 6 4.4 13
      vertex 6.277837084267088 4.424307595180467 13
      vertex 111.47153982450153 7.225671108990365 13
    endloop
  endfacet
  facet normal -0.08715574274765785 0.9961946980917455 0
    outer loop
      vertex 6 4.4 14
      vertex 6.277837084267088 4.424307595180467 14
      vertex 6.277837084267088 4.424307595180467 13
    endloop
  endfacet
  facet normal -0.08715574274765785 -0.9961946980917455 0
    outer loop
      vertex 6 7.6 13
      vertex 6.277837084267088 7.575692404819533 13
      vertex 6.277837084267088 7.575692404819533 14
    endloop
  endfacet
  facet normal -0.08715574274765785 -0.9961946980917455 0
    outer loop
      vertex 6 7.6 13
      vertex 6.277837084267088 7.575692404819533 14
      vertex 6 7.6 14
    endloop
  endfacet
  facet normal 0 0 -1
    outer loop
      vertex 6 7.6 13
      vertex 10 10 13
      vertex 6.277837084267088 7.575692404819533 13
    endloop
  endfacet
  facet normal 0 0 1
    outer loop
      vertex 6 7.6 14
      vertex 6.277837084267088 7.575692404819533 14
      vertex 11 11 14
    endloop
  endfacet
  facet normal -0.08715574274763256 0.9961946980917478 0
    outer loop
      vertex 6 162.4 13
      vertex 6 162.4 14
      vertex 6.277837084267088 162.42430759518047 13
    endloop
  endfacet
  facet normal 0 0 -1
    outer loop
      vertex 6 162.4 13
      vertex 6.277837084267088 162.42430759518047 13
      vertex 10 10 13
    endloop
  endfacet
  facet normal -0.08715574274763256 0.9961946980917478 0
    outer loop
      vertex 6 162.4 14
      vertex 6.277837084267088 162.42430759518047 14
      vertex 6.277837084267088 162.42430759518047 13
    endloop
  endfacet
  facet normal 0 0 1
    outer loop
      vertex 6 162.4 14
      vertex 11 159 14
      vertex 6.277837084267088 162.42430759518047 14
    endloop
  endfacet
  facet normal -0.08715574274763256 -0.9961946980917478 0
    outer loop
      vertex 6 165.6 13
      vertex 6.277837084267088 165.57569240481953 13
      vertex 6.277837084267088 165.57569240481953 14
    endloop
  endfacet
  facet normal -0.08715574274763256 -0.9961946980917478 0
    outer loop
      vertex 6 165.6 13
      vertex 6.277837084267088 165.57569240481953 14
      vertex 6 165.6 14
    endloop
  endfacet
  facet normal -0.258819045102519 0.9659258262890689 0
    outer loop
      vertex 6.277837084267088 4.424307595180467 13
      vertex 6.277837084267088 4.424307595180467 14
      vertex 6.54723222932107 4.496491806742546 13
    endloop
  endfacet
  facet normal 0 0 -1
    outer loop
      vertex 6.277837084267088 4.424307595180467 13
      vertex 6.54723222932107 4.496491806742546 13
      vertex 111.47153982450153 7.225671108990365 13
    endloop
  endfacet
  facet normal -0.258819045102519 0.9659258262890689 0
    outer loop
      vertex 6.277837084267088 4.424307595180467 14
      vertex 6.54723222932107 4.496491806742546 14
      vertex 6.54723222932107 4.496491806742546 13
    endloop
  endfacet
  facet normal -0.258819045102519 -0.9659258262890689 0
    outer loop
      vertex 6.277837084267088 7.575692404819533 13
      vertex 6.54723222932107 7.503508193257454 13
      vertex 6.54723222932107 7.503508193257454 14
    endloop
  endfacet
  facet normal -0.258819045102519 -0.9659258262890689 0
    outer loop
      vertex 6.277837084267088 7.575692404819533 13
      vertex 6.54723222932107 7.503508193257454 14
      vertex 6.277837084267088 7.575692404819533 14
    endloop
  endfacet
  facet normal 0 0 -1
    outer loop
      vertex 6.277837084267088 7.575692404819533 13
      vertex 10 10 13
      vertex 6.54723222932107 7.503508193257454 13
    endloop
  endfacet
  facet normal 0 0 1
    outer loop
      vertex 6.277837084267088 7.575692404819533 14
      vertex 6.54723222932107 7.503508193257454 14
      vertex 11 11 14
    endloop
  endfacet
  facet normal -0.25881904510250414 0.9659258262890728 0
    outer loop
      vertex 6.277837084267088 162.42430759518047 13
      vertex 6.277837084267088 162.42430759518047 14
      vertex 6.54723222932107 162.49649180674254 13
    endloop
  endfacet
  facet normal 0 0 -1
    outer loop
      vertex 6.277837084267088 162.42430759518047 13
      vertex 6.54723222932107 162.49649180674254 13
      vertex 10 10 13
    endloop
  endfacet
  facet normal -0.25881904510250414 0.9659258262890728 0
    outer loop
      vertex 6.277837084267088 162.42430759518047 14
      vertex 6.54723222932107 162.49649180674254 14
      vertex 6.54723222932107 162.49649180674254 13
    endloop
  endfacet
  facet normal 0 0 1
    outer loop
      vertex 6.277837084267088 162.42430759518047 14
      vertex 11 159 14
      vertex 6.54723222932107 162.49649180674254 14
    endloop
  endfacet
  facet normal -0.25881904510250414 -0.9659258262890728 0
    outer loop
      vertex 6.277837084267088 165.57569240481953 13
      vertex 6.54723222932107 165.50350819325746 13
      vertex 6.54723222932107 165.50350819325746 14
    endloop
  endfacet
  facet normal -0.25881904510250414 -0.9659258262890728 0
    outer loop
      vertex 6.277837084267088 165.57569240481953 13
      vertex 6.54723222932107 165.50350819325746 14
      vertex 6.277837084267088 165.57569240481953 14
    endloop
  endfacet
  facet normal -0.4226182617407015 0.9063077870366489 0
    outer loop
      vertex 6.54723222932107 4.496491806742546 13
      vertex 6.54723222932107 4.496491806742546 14
      vertex 6.8 4.614359353944899 13
    endloop
  endfacet
  facet normal 0 0 -1
    outer loop
      vertex 6.54723222932107 4.496491806742546 13
      vertex 6.8 4.614359353944899 13
      vertex 111.47153982450153 7.225671108990365 13
    endloop
  endfacet
  facet normal -0.4226182617407015 0.9063077870366489 0
    outer loop
      vertex 6.54723222932107 4.496491806742546 14
      vertex 6.8 4.614359353944899 14
      vertex 6.8 4.614359353944899 13
    endloop
  endfacet
  facet normal -0.4226182617407015 -0.9063077870366489 0
    outer loop
      vertex 6.54723222932107 7.503508193257454 13
      vertex 6.8 7.385640646055101 13
      vertex 6.8 7.385640646055101 14
    endloop
  endfacet
  facet normal -0.4226182617407015 -0.9063077870366489 0
    outer loop
      vertex 6.54723222932107 7.503508193257454 13
      vertex 6.8 7.385640646055101 14
      vertex 6.54723222932107 7.503508193257454 14
    endloop
  endfacet
  facet normal 0 0 -1
    outer loop
      vertex 6.54723222932107 7.503508193257454 13
      vertex 10 10 13
      vertex 6.8 7.385640646055101 13
    endloop
  endfacet
  facet normal 0 0 1
    outer loop
      vertex 6.54723222932107 7.503508193257454 14
      vertex 6.8 7.385640646055101 14
      vertex 11 11 14
    endloop
  endfacet
  facet normal -0.4226182617407407 0.9063077870366306 0
    outer loop
      vertex 6.54723222932107 162.49649180674254 13
      vertex 6.54723222932107 162.49649180674254 14
      vertex 6.8 162.6143593539449 13
    endloop
  endfacet
  facet normal 0 0 -1
    outer loop
      vertex 6.54723222932107 162.49649180674254 13
      vertex 6.8 162.6143593539449 13
      vertex 10 160 13
    endloop
  endfacet
  facet normal 0 0 -1
    outer loop
      vertex 6.54723222932107 162.49649180674254 13
      vertex 10 160 13
      vertex 10 10 13
    endloop
  endfacet
  facet normal -0.4226182617407407 0.9063077870366306 0
    outer loop
      vertex 6.54723222932107 162.49649180674254 14
      vertex 6.8 162.6143593539449 14
      vertex 6.8 162.6143593539449 13
    endloop
  endfacet
  facet normal 0 0 1
    outer loop
      vertex 6.54723222932107 162.49649180674254 14
      vertex 11 159 14
      vertex 6.8 162.6143593539449 14
    endloop
  endfacet
  facet normal -0.4226182617407407 -0.9063077870366306 0
    outer loop
      vertex 6.54723222932107 165.50350819325746 13
      vertex 6.8 165.3856406460551 13
      vertex 6.8 165.3856406460551 14
    endloop
  endfacet
  facet normal -0.4226182617407407 -0.9063077870366306 0
    outer loop
      vertex 6.54723222932107 165.50350819325746 13
      vertex 6.8 165.3856406460551 14
      vertex 6.54723222932107 165.50350819325746 14
    endloop
  endfacet
  facet normal -0.5735764363510437 0.8191520442889935 0
    outer loop
      vertex 6.8 4.614359353944899 13
      vertex 6.8 4.614359353944899 14
      vertex 7.028460175498463 4.774328891009635 13
    endloop
  endfacet
  facet normal 0 0 -1
    outer loop
      vertex 6.8 4.614359353944899 13
      vertex 7.028460175498463 4.774328891009635 13
      vertex 111.47153982450153 7.225671108990365 13
    endloop
  endfacet
  facet normal -0.5735764363510437 0.8191520442889935 0
    outer loop
      vertex 6.8 4.614359353944899 14
      vertex 7.028460175498463 4.774328891009635 14
      vertex 7.028460175498463 4.774328891009635 13
    endloop
  endfacet
  facet normal -0.5735764363510437 -0.8191520442889935 0
    outer loop
      vertex 6.8 7.385640646055101 13
      vertex 7.028460175498463 7.225671108990365 13
      vertex 7.028460175498463 7.225671108990365 14
    endloop
  endfacet
  facet normal -0.5735764363510437 -0.8191520442889935 0
    outer loop
      vertex 6.8 7.385640646055101 13
      vertex 7.028460175498463 7.225671108990365 14
      vertex 6.8 7.385640646055101 14
    endloop
  endfacet
  facet normal 0 0 -1
    outer loop
      vertex 6.8 7.385640646055101 13
      vertex 10 10 13
      vertex 7.028460175498463 7.225671108990365 13
    endloop
  endfacet
  facet normal 0 0 1
    outer loop
      vertex 6.8 7.385640646055101 14
      vertex 7.028460175498463 7.225671108990365 14
      vertex 11 11 14
    endloop
  endfacet
  facet normal -0.5735764363510523 0.8191520442889874 0
    outer loop
      vertex 6.8 162.6143593539449 13
      vertex 6.8 162.6143593539449 14
      vertex 7.028460175498463 162.77432889100965 13
    endloop
  endfacet
  facet normal 0 0 -1
    outer loop
      vertex 6.8 162.6143593539449 13
      vertex 7.028460175498463 162.77432889100965 13
      vertex 10 160 13
    endloop
  endfacet
  facet normal -0.5735764363510523 0.8191520442889874 0
    outer loop
      vertex 6.8 162.6143593539449 14
      vertex 7.028460175498463 162.77432889100965 14
      vertex 7.028460175498463 162.77432889100965 13
    endloop
  endfacet
  facet normal 0 0 1
    outer loop
      vertex 6.8 162.6143593539449 14
      vertex 11 159 14
      vertex 7.028460175498463 162.77432889100965 14
    endloop
  endfacet
  facet normal -0.5735764363510523 -0.8191520442889874 0
    outer loop
      vertex 6.8 165.3856406460551 13
      vertex 7.028460175498463 165.22567110899035 13
      vertex 7.028460175498463 165.22567110899035 14
    endloop
  endfacet
  facet normal -0.5735764363510523 -0.8191520442889874 0
    outer loop
      vertex 6.8 165.3856406460551 13
      vertex 7.028460175498463 165.22567110899035 14
      vertex 6.8 165.3856406460551 14
    endloop
  endfacet
  facet normal 0 0 -1
    outer loop
      vertex 6.8 165.3856406460551 13
      vertex 111.47153982450153 165.22567110899035 13
      vertex 7.028460175498463 165.22567110899035 13
    endloop
  endfacet
  facet normal -0.7071067811865476 0.7071067811865476 0
    outer loop
      vertex 7.028460175498463 4.774328891009635 13
      vertex 7.028460175498463 4.774328891009635 14
      vertex 7.225671108990365 4.971539824501537 13
    endloop
  endfacet
  facet normal 0 0 -1
    outer loop
      vertex 7.028460175498463 4.774328891009635 13
      vertex 7.225671108990365 4.971539824501537 13
      vertex 111.47153982450153 7.225671108990365 13
    endloop
  endfacet
  facet normal -0.7071067811865476 0.7071067811865476 0
    outer loop
      vertex 7.028460175498463 4.774328891009635 14
      vertex 7.225671108990365 4.971539824501537 14
      vertex 7.225671108990365 4.971539824501537 13
    endloop
  endfacet
  facet normal -0.7071067811865476 -0.7071067811865476 0
    outer loop
      vertex 7.028460175498463 7.225671108990365 13
      vertex 7.225671108990365 7.028460175498463 13
      vertex 7.225671108990365 7.028460175498463 14
    endloop
  endfacet
  facet normal -0.7071067811865476 -0.7071067811865476 0
    outer loop
      vertex 7.028460175498463 7.225671108990365 13
      vertex 7.225671108990365 7.028460175498463 14
      vertex 7.028460175498463 7.225671108990365 14
    endloop
  endfacet
  facet normal 0 0 -1
    outer loop
      vertex 7.028460175498463 7.225671108990365 13
      vertex 10 10 13
      vertex 7.225671108990365 7.028460175498463 13
    endloop
  endfacet
  facet normal 0 0 1
    outer loop
      vertex 7.028460175498463 7.225671108990365 14
      vertex 7.225671108990365 7.028460175498463 14
      vertex 11 11 14
    endloop
  endfacet
  facet normal -0.7071067811865476 0.7071067811865476 0
    outer loop
      vertex 7.028460175498463 162.77432889100965 13
      vertex 7.028460175498463 162.77432889100965 14
      vertex 7.225671108990365 162.97153982450155 13
    endloop
  endfacet
  facet normal 0 0 -1
    outer loop
      vertex 7.028460175498463 162.77432889100965 13
      vertex 7.225671108990365 162.97153982450155 13
      vertex 10 160 13
    endloop
  endfacet
  facet normal -0.7071067811865476 0.7071067811865476 0
    outer loop
      vertex 7.028460175498463 162.77432889100965 14
      vertex 7.225671108990365 162.97153982450155 14
      vertex 7.225671108990365 162.97153982450155 13
    endloop
  endfacet
  facet normal 0 0 1
    outer loop
      vertex 7.028460175498463 162.77432889100965 14
      vertex 11 159 14
      vertex 7.225671108990365 162.97153982450155 14
    endloop
  endfacet
  facet normal -0.7071067811865476 -0.7071067811865476 0
    outer loop
      vertex 7.028460175498463 165.22567110899035 13
      vertex 7.225671108990365 165.02846017549845 13
      vertex 7.225671108990365 165.02846017549845 14
    endloop
  endfacet
  facet normal -0.7071067811865476 -0.7071067811865476 0
    outer loop
      vertex 7.028460175498463 165.22567110899035 13
      vertex 7.225671108990365 165.02846017549845 14
      vertex 7.028460175498463 165.22567110899035 14
    endloop
  endfacet
  facet normal 0 0 -1
    outer loop
      vertex 7.028460175498463 165.22567110899035 13
      vertex 111.27432889100963 165.02846017549845 13
      vertex 7.225671108990365 165.02846017549845 13
    endloop
  endfacet
  facet normal 0 0 -1
    outer loop
      vertex 7.028460175498463 165.22567110899035 13
      vertex 111.47153982450153 165.22567110899035 13
      vertex 111.27432889100963 165.02846017549845 13
    endloop
  endfacet
  facet normal -0.8191520442889935 0.5735764363510437 0
    outer loop
      vertex 7.225671108990365 4.971539824501537 13
      vertex 7.225671108990365 4.971539824501537 14
      vertex 7.385640646055101 5.2 13
    endloop
  endfacet
  facet normal 0 0 -1
    outer loop
      vertex 7.225671108990365 4.971539824501537 13
      vertex 7.385640646055101 5.2 13
      vertex 111.47153982450153 7.225671108990365 13
    endloop
  endfacet
  facet normal -0.8191520442889935 0.5735764363510437 0
    outer loop
      vertex 7.225671108990365 4.971539824501537 14
      vertex 7.385640646055101 5.2 14
      vertex 7.385640646055101 5.2 13
    endloop
  endfacet
  facet normal -0.8191520442889935 -0.5735764363510437 0
    outer loop
      vertex 7.225671108990365 7.028460175498463 13
      vertex 7.385640646055101 6.8 13
      vertex 7.385640646055101 6.8 14
    endloop
  endfacet
  facet normal -0.8191520442889935 -0.5735764363510437 0
    outer loop
      vertex 7.225671108990365 7.028460175498463 13
      vertex 7.385640646055101 6.8 14
      vertex 7.225671108990365 7.028460175498463 14
    endloop
  endfacet
  facet normal 0 0 -1
    outer loop
      vertex 7.225671108990365 7.028460175498463 13
      vertex 10 10 13
      vertex 7.385640646055101 6.8 13
    endloop
  endfacet
  facet normal 0 0 1
    outer loop
      vertex 7.225671108990365 7.028460175498463 14
      vertex 7.385640646055101 6.8 14
      vertex 11 11 14
    endloop
  endfacet
  facet normal -0.8191520442889673 0.5735764363510811 0
    outer loop
      vertex 7.225671108990365 162.97153982450155 13
      vertex 7.225671108990365 162.97153982450155 14
      vertex 7.385640646055101 163.2 13
    endloop
  endfacet
  facet normal 0 0 -1
    outer loop
      vertex 7.225671108990365 162.97153982450155 13
      vertex 7.385640646055101 163.2 13
      vertex 10 160 13
    endloop
  endfacet
  facet normal -0.8191520442889673 0.5735764363510811 0
    outer loop
      vertex 7.225671108990365 162.97153982450155 14
      vertex 7.385640646055101 163.2 14
      vertex 7.385640646055101 163.2 13
    endloop
  endfacet
  facet normal 0 0 1
    outer loop
      vertex 7.225671108990365 162.97153982450155 14
      vertex 11 159 14
      vertex 7.385640646055101 163.2 14
    endloop
  endfacet
  facet normal -0.8191520442889673 -0.5735764363510811 0
    outer loop
      vertex 7.225671108990365 165.02846017549845 13
      vertex 7.385640646055101 164.8 13
      vertex 7.385640646055101 164.8 14
    endloop
  endfacet
  facet normal -0.8191520442889673 -0.5735764363510811 0
    outer loop
      vertex 7.225671108990365 165.02846017549845 13
      vertex 7.385640646055101 164.8 14
      vertex 7.225671108990365 165.02846017549845 14
    endloop
  endfacet
  facet normal 0 0 -1
    outer loop
      vertex 7.225671108990365 165.02846017549845 13
      vertex 111.11435935394489 164.8 13
      vertex 7.385640646055101 164.8 13
    endloop
  endfacet
  facet normal 0 0 -1
    outer loop
      vertex 7.225671108990365 165.02846017549845 13
      vertex 111.27432889100963 165.02846017549845 13
      vertex 111.11435935394489 164.8 13
    endloop
  endfacet
  facet normal -0.9063077870366489 0.4226182617407015 0
    outer loop
      vertex 7.385640646055101 5.2 13
      vertex 7.385640646055101 5.2 14
      vertex 7.503508193257454 5.45276777067893 13
    endloop
  endfacet
  facet normal 0 0 -1
    outer loop
      vertex 7.385640646055101 5.2 13
      vertex 7.503508193257454 5.45276777067893 13
      vertex 111.47153982450153 7.225671108990365 13
    endloop
  endfacet
  facet normal -0.9063077870366489 0.4226182617407015 0
    outer loop
      vertex 7.385640646055101 5.2 14
      vertex 7.503508193257454 5.45276777067893 14
      vertex 7.503508193257454 5.45276777067893 13
    endloop
  endfacet
  facet normal 0 0 1
    outer loop
      vertex 7.385640646055101 5.2 14
      vertex 11 11 14
      vertex 7.503508193257454 5.45276777067893 14
    endloop
  endfacet
  facet normal -0.9063077870366489 -0.4226182617407015 0
    outer loop
      vertex 7.385640646055101 6.8 13
      vertex 7.503508193257454 6.54723222932107 13
      vertex 7.503508193257454 6.54723222932107 14
    endloop
  endfacet
  facet normal -0.9063077870366489 -0.4226182617407015 0
    outer loop
      vertex 7.385640646055101 6.8 13
      vertex 7.503508193257454 6.54723222932107 14
      vertex 7.385640646055101 6.8 14
    endloop
  endfacet
  facet normal 0 0 -1
    outer loop
      vertex 7.385640646055101 6.8 13
      vertex 10 10 13
      vertex 7.503508193257454 6.54723222932107 13
    endloop
  endfacet
  facet normal 0 0 1
    outer loop
      vertex 7.385640646055101 6.8 14
      vertex 7.503508193257454 6.54723222932107 14
      vertex 11 11 14
    endloop
  endfacet
  facet normal -0.9063077870366485 0.42261826174070277 0
    outer loop
      vertex 7.385640646055101 163.2 13
      vertex 7.385640646055101 163.2 14
      vertex 7.503508193257454 163.45276777067892 13
    endloop
  endfacet
  facet normal 0 0 -1
    outer loop
      vertex 7.385640646055101 163.2 13
      vertex 7.503508193257454 163.45276777067892 13
      vertex 10 160 13
    endloop
  endfacet
  facet normal -0.9063077870366485 0.42261826174070277 0
    outer loop
      vertex 7.385640646055101 163.2 14
      vertex 7.503508193257454 163.45276777067892 14
      vertex 7.503508193257454 163.45276777067892 13
    endloop
  endfacet
  facet normal 0 0 1
    outer loop
      vertex 7.385640646055101 163.2 14
      vertex 11 159 14
      vertex 7.503508193257454 163.45276777067892 14
    endloop
  endfacet
  facet normal -0.9063077870366485 -0.42261826174070277 0
    outer loop
      vertex 7.385640646055101 164.8 13
      vertex 7.503508193257454 164.54723222932108 13
      vertex 7.503508193257454 164.54723222932108 14
    endloop
  endfacet
  facet normal -0.9063077870366485 -0.42261826174070277 0
    outer loop
      vertex 7.385640646055101 164.8 13
      vertex 7.503508193257454 164.54723222932108 14
      vertex 7.385640646055101 164.8 14
    endloop
  endfacet
  facet normal 0 0 -1
    outer loop
      vertex 7.385640646055101 164.8 13
      vertex 110.99649180674254 164.54723222932108 13
      vertex 7.503508193257454 164.54723222932108 13
    endloop
  endfacet
  facet normal 0 0 -1
    outer loop
      vertex 7.385640646055101 164.8 13
      vertex 111.11435935394489 164.8 13
      vertex 110.99649180674254 164.54723222932108 13
    endloop
  endfacet
  facet normal 0 0 1
    outer loop
      vertex 7.385640646055101 164.8 14
      vertex 7.503508193257454 164.54723222932108 14
      vertex 11 159 14
    endloop
  endfacet
  facet normal -0.9659258262890689 0.258819045102519 0
    outer loop
      vertex 7.503508193257454 5.45276777067893 13
      vertex 7.503508193257454 5.45276777067893 14
      vertex 7.575692404819533 5.722162915732912 13
    endloop
  endfacet
  facet normal 0 0 -1
    outer loop
      vertex 7.503508193257454 5.45276777067893 13
      vertex 7.575692404819533 5.722162915732912 13
      vertex 111.47153982450153 7.225671108990365 13
    endloop
  endfacet
  facet normal -0.9659258262890689 0.258819045102519 0
    outer loop
      vertex 7.503508193257454 5.45276777067893 14
      vertex 7.575692404819533 5.722162915732912 14
      vertex 7.575692404819533 5.722162915732912 13
    endloop
  endfacet
  facet normal 0 0 1
    outer loop
      vertex 7.503508193257454 5.45276777067893 14
      vertex 11 11 14
      vertex 7.575692404819533 5.722162915732912 14
    endloop
  endfacet
  facet normal -0.9659258262890689 -0.258819045102519 0
    outer loop
      vertex 7.503508193257454 6.54723222932107 13
      vertex 7.575692404819533 6.277837084267088 13
      vertex 7.575692404819533 6.277837084267088 14
    endloop
  endfacet
  facet normal -0.9659258262890689 -0.258819045102519 0
    outer loop
      vertex 7.503508193257454 6.54723222932107 13
      vertex 7.575692404819533 6.277837084267088 14
      vertex 7.503508193257454 6.54723222932107 14
    endloop
  endfacet
  facet normal 0 0 -1
    outer loop
      vertex 7.503508193257454 6.54723222932107 13
      vertex 10 10 13
      vertex 7.575692404819533 6.277837084267088 13
    endloop
  endfacet
  facet normal 0 0 1
    outer loop
      vertex 7.503508193257454 6.54723222932107 14
      vertex 7.575692404819533 6.277837084267088 14
      vertex 11 11 14
    endloop
  endfacet
  facet normal -0.9659258262890745 0.25881904510249754 0
    outer loop
      vertex 7.503508193257454 163.45276777067892 13
      vertex 7.503508193257454 163.45276777067892 14
      vertex 7.575692404819533 163.72216291573292 13
    endloop
  endfacet
  facet normal 0 0 -1
    outer loop
      vertex 7.503508193257454 163.45276777067892 13
      vertex 7.575692404819533 163.72216291573292 13
      vertex 10 160 13
    endloop
  endfacet
  facet normal -0.9659258262890745 0.25881904510249754 0
    outer loop
      vertex 7.503508193257454 163.45276777067892 14
      vertex 7.575692404819533 163.72216291573292 14
      vertex 7.575692404819533 163.72216291573292 13
    endloop
  endfacet
  facet normal 0 0 1
    outer loop
      vertex 7.503508193257454 163.45276777067892 14
      vertex 11 159 14
      vertex 7.575692404819533 163.72216291573292 14
    endloop
  endfacet
  facet normal -0.9659258262890745 -0.25881904510249754 0
    outer loop
      vertex 7.503508193257454 164.54723222932108 13
      vertex 7.575692404819533 164.27783708426708 13
      vertex 7.575692404819533 164.27783708426708 14
    endloop
  endfacet
  facet normal -0.9659258262890745 -0.25881904510249754 0
    outer loop
      vertex 7.503508193257454 164.54723222932108 13
      vertex 7.575692404819533 164.27783708426708 14
      vertex 7.503508193257454 164.54723222932108 14
    endloop
  endfacet
  facet normal 0 0 -1
    outer loop
      vertex 7.503508193257454 164.54723222932108 13
      vertex 110.99649180674254 164.54723222932108 13
      vertex 7.575692404819533 164.27783708426708 13
    endloop
  endfacet
  facet normal 0 0 1
    outer loop
      vertex 7.503508193257454 164.54723222932108 14
      vertex 7.575692404819533 164.27783708426708 14
      vertex 11 159 14
    endloop
  endfacet
  facet normal -0.9961946980917455 0.08715574274765785 0
    outer loop
      vertex 7.575692404819533 5.722162915732912 13
      vertex 7.575692404819533 5.722162915732912 14
      vertex 7.6 6 13
    endloop
  endfacet
  facet normal 0 0 -1
    outer loop
      vertex 7.575692404819533 5.722162915732912 13
      vertex 7.6 6 13
      vertex 111.47153982450153 7.225671108990365 13
    endloop
  endfacet
  facet normal -0.9961946980917455 0.08715574274765785 0
    outer loop
      vertex 7.575692404819533 5.722162915732912 14
      vertex 7.6 6 14
      vertex 7.6 6 13
    endloop
  endfacet
  facet normal 0 0 1
    outer loop
      vertex 7.575692404819533 5.722162915732912 14
      vertex 11 11 14
      vertex 7.6 6 14
    endloop
  endfacet
  facet normal -0.9961946980917455 -0.08715574274765785 0
    outer loop
      vertex 7.575692404819533 6.277837084267088 13
      vertex 7.6 6 13
      vertex 7.6 6 14
    endloop
  endfacet
  facet normal -0.9961946980917455 -0.08715574274765785 0
    outer loop
      vertex 7.575692404819533 6.277837084267088 13
      vertex 7.6 6 14
      vertex 7.575692404819533 6.277837084267088 14
    endloop
  endfacet
  facet normal 0 0 -1
    outer loop
      vertex 7.575692404819533 6.277837084267088 13
      vertex 10 10 13
      vertex 7.6 6 13
    endloop
  endfacet
  facet normal 0 0 1
    outer loop
      vertex 7.575692404819533 6.277837084267088 14
      vertex 7.6 6 14
      vertex 11 11 14
    endloop
  endfacet
  facet normal -0.9961946980917454 0.08715574274766145 0
    outer loop
      vertex 7.575692404819533 163.72216291573292 13
      vertex 7.575692404819533 163.72216291573292 14
      vertex 7.6 164 13
    endloop
  endfacet
  facet normal 0 0 -1
    outer loop
      vertex 7.575692404819533 163.72216291573292 13
      vertex 7.6 164 13
      vertex 10 160 13
    endloop
  endfacet
  facet normal -0.9961946980917454 0.08715574274766145 0
    outer loop
      vertex 7.575692404819533 163.72216291573292 14
      vertex 7.6 164 14
      vertex 7.6 164 13
    endloop
  endfacet
  facet normal 0 0 1
    outer loop
      vertex 7.575692404819533 163.72216291573292 14
      vertex 11 159 14
      vertex 7.6 164 14
    endloop
  endfacet
  facet normal -0.9961946980917454 -0.08715574274766145 0
    outer loop
      vertex 7.575692404819533 164.27783708426708 13
      vertex 7.6 164 13
      vertex 7.6 164 14
    endloop
  endfacet
  facet normal -0.9961946980917454 -0.08715574274766145 0
    outer loop
      vertex 7.575692404819533 164.27783708426708 13
      vertex 7.6 164 14
      vertex 7.575692404819533 164.27783708426708 14
    endloop
  endfacet
  facet normal 0 0 -1
    outer loop
      vertex 7.575692404819533 164.27783708426708 13
      vertex 10 160 13
      vertex 7.6 164 13
    endloop
  endfacet
  facet normal 0 0 -1
    outer loop
      vertex 7.575692404819533 164.27783708426708 13
      vertex 110.99649180674254 164.54723222932108 13
      vertex 10 160 13
    endloop
  endfacet
  facet normal 0 0 1
    outer loop
      vertex 7.575692404819533 164.27783708426708 14
      vertex 7.6 164 14
      vertex 11 159 14
    endloop
  endfacet
  facet normal 0 0 -1
    outer loop
      vertex 7.6 6 13
      vertex 10 10 13
      vertex 111.47153982450153 7.225671108990365 13
    endloop
  endfacet
  facet normal -1 0 0
    outer loop
      vertex 10 10 12.99
      vertex 10 10 13
      vertex 10 160 12.99
    endloop
  endfacet
  facet normal -0.7068346600771883 0 -0.7073787976138144
    outer loop
      vertex 10 10 12.99
      vertex 10 160 12.99
      vertex 23 23 0
    endloop
  endfacet
  facet normal 0 -0.7068346600771883 -0.7073787976138144
    outer loop
      vertex 10 10 12.99
      vertex 23 23 0
      vertex 215 10 12.99
    endloop
  endfacet
  facet normal 0 -1 0
    outer loop
      vertex 10 10 12.99
      vertex 215 10 12.99
      vertex 10 10 13
    endloop
  endfacet
  facet normal -1 0 0
    outer loop
      vertex 10 10 13
      vertex 10 160 13
      vertex 10 160 12.99
    endloop
  endfacet
  facet normal 0 0 -1
    outer loop
      vertex 10 10 13
      vertex 111.7 7.385640646055101 13
      vertex 111.47153982450153 7.225671108990365 13
    endloop
  endfacet
  facet normal 0 0 -1
    outer loop
      vertex 10 10 13
      vertex 111.95276777067893 7.503508193257454 13
      vertex 111.7 7.385640646055101 13
    endloop
  endfacet
  facet normal 0 0 -1
    outer loop
      vertex 10 10 13
      vertex 112.22216291573291 7.575692404819533 13
      vertex 111.95276777067893 7.503508193257454 13
    endloop
  endfacet
  facet normal 0 0 -1
    outer loop
      vertex 10 10 13
      vertex 112.5 7.6 13
      vertex 112.22216291573291 7.575692404819533 13
    endloop
  endfacet
  facet normal 0 -1 0
    outer loop
      vertex 10 10 13
      vertex 215 10 12.99
      vertex 215 10 13
    endloop
  endfacet
  facet normal 0 0 -1
    outer loop
      vertex 10 10 13
      vertex 215 10 13
      vertex 112.5 7.6 13
    endloop
  endfacet
  facet normal 0 1 0
    outer loop
      vertex 10 160 12.99
      vertex 10 160 13
      vertex 215 160 13
    endloop
  endfacet
  facet normal -0.7068346600771883 0 -0.7073787976138143
    outer loop
      vertex 10 160 12.99
      vertex 23 147 0
      vertex 23 23 0
    endloop
  endfacet
  facet normal 0 0.7068346600771883 -0.7073787976138143
    outer loop
      vertex 10 160 12.99
      vertex 202 147 0
      vertex 23 147 0
    endloop
  endfacet
  facet normal 0 0.7068346600771883 -0.7073787976138144
    outer loop
      vertex 10 160 12.99
      vertex 215 160 12.99
      vertex 202 147 0
    endloop
  endfacet
  facet normal 0 1 0
    outer loop
      vertex 10 160 12.99
      vertex 215 160 13
      vertex 215 160 12.99
    endloop
  endfacet
  facet normal 0 0 -1
    outer loop
      vertex 10 160 13
      vertex 110.9 164 13
      vertex 110.92430759518047 163.72216291573292 13
    endloop
  endfacet
  facet normal 0 0 -1
    outer loop
      vertex 10 160 13
      vertex 110.92430759518047 163.72216291573292 13
      vertex 110.99649180674254 163.45276777067892 13
    endloop
  endfacet
  facet normal 0 0 -1
    outer loop
      vertex 10 160 13
      vertex 110.92430759518047 164.27783708426708 13
      vertex 110.9 164 13
    endloop
  endfacet
  facet normal 0 0 -1
    outer loop
      vertex 10 160 13
      vertex 110.99649180674254 163.45276777067892 13
      vertex 111.11435935394489 163.2 13
    endloop
  endfacet
  facet normal 0 0 -1
    outer loop
      vertex 10 160 13
      vertex 110.99649180674254 164.54723222932108 13
      vertex 110.92430759518047 164.27783708426708 13
    endloop
  endfacet
  facet normal 0 0 -1
    outer loop
      vertex 10 160 13
      vertex 111.11435935394489 163.2 13
      vertex 111.27432889100963 162.97153982450155 13
    endloop
  endfacet
  facet normal 0 0 -1
    outer loop
      vertex 10 160 13
      vertex 111.27432889100963 162.97153982450155 13
      vertex 111.47153982450153 162.77432889100965 13
    endloop
  endfacet
  facet normal 0 0 -1
    outer loop
      vertex 10 160 13
      vertex 111.47153982450153 162.77432889100965 13
      vertex 111.7 162.6143593539449 13
    endloop
  endfacet
  facet normal 0 0 -1
    outer loop
      vertex 10 160 13
      vertex 111.7 162.6143593539449 13
      vertex 111.95276777067893 162.49649180674254 13
    endloop
  endfacet
  facet normal 0 0 -1
    outer loop
      vertex 10 160 13
      vertex 111.95276777067893 162.49649180674254 13
      vertex 112.22216291573291 162.42430759518047 13
    endloop
  endfacet
  facet normal 0 0 -1
    outer loop
      vertex 10 160 13
      vertex 112.22216291573291 162.42430759518047 13
      vertex 112.5 162.4 13
    endloop
  endfacet
  facet normal 0 0 -1
    outer loop
      vertex 10 160 13
      vertex 112.5 162.4 13
      vertex 215 160 13
    endloop
  endfacet
  facet normal 0 1 0
    outer loop
      vertex 11 11 13
      vertex 11 11 14
      vertex 214 11 13
    endloop
  endfacet
  facet normal 1 0 0
    outer loop
      vertex 11 11 13
      vertex 11 159 13
      vertex 11 159 14
    endloop
  endfacet
  facet normal 1 0 0
    outer loop
      vertex 11 11 13
      vertex 11 159 14
      vertex 11 11 14
    endloop
  endfacet
  facet normal 0.7073785884911028 0 0.7068348693608253
    outer loop
      vertex 11 11 13
      vertex 23.99000768639508 23.99000768639508 0
      vertex 11 159 13
    endloop
  endfacet
  facet normal 0 0.7073785884911028 0.7068348693608253
    outer loop
      vertex 11 11 13
      vertex 214 11 13
      vertex 23.99000768639508 23.99000768639508 0
    endloop
  endfacet
  facet normal 0 0 1
    outer loop
      vertex 11 11 14
      vertex 110.92430759518047 6.277837084267088 14
      vertex 110.99649180674254 6.54723222932107 14
    endloop
  endfacet
  facet normal 0 0 1
    outer loop
      vertex 11 11 14
      vertex 110.99649180674254 6.54723222932107 14
      vertex 111.11435935394489 6.8 14
    endloop
  endfacet
  facet normal 0 0 1
    outer loop
      vertex 11 11 14
      vertex 111.11435935394489 6.8 14
      vertex 111.27432889100963 7.028460175498463 14
    endloop
  endfacet
  facet normal 0 0 1
    outer loop
      vertex 11 11 14
      vertex 111.27432889100963 7.028460175498463 14
      vertex 111.47153982450153 7.225671108990365 14
    endloop
  endfacet
  facet normal 0 0 1
    outer loop
      vertex 11 11 14
      vertex 111.47153982450153 7.225671108990365 14
      vertex 111.7 7.385640646055101 14
    endloop
  endfacet
  facet normal 0 0 1
    outer loop
      vertex 11 11 14
      vertex 111.7 7.385640646055101 14
      vertex 111.95276777067893 7.503508193257454 14
    endloop
  endfacet
  facet normal 0 0 1
    outer loop
      vertex 11 11 14
      vertex 111.95276777067893 7.503508193257454 14
      vertex 112.22216291573291 7.575692404819533 14
    endloop
  endfacet
  facet normal 0 0 1
    outer loop
      vertex 11 11 14
      vertex 112.22216291573291 7.575692404819533 14
      vertex 112.5 7.6 14
    endloop
  endfacet
  facet normal 0 0 1
    outer loop
      vertex 11 11 14
      vertex 112.5 7.6 14
      vertex 214 11 14
    endloop
  endfacet
  facet normal 0 1 0
    outer loop
      vertex 11 11 14
      vertex 214 11 14
      vertex 214 11 13
    endloop
  endfacet
  facet normal 0.7073785884911028 0 0.7068348693608253
    outer loop
      vertex 11 159 13
      vertex 23.99000768639508 23.99000768639508 0
      vertex 23.99000768639508 146.00999231360493 0
    endloop
  endfacet
  facet normal 0 -0.707378588491103 0.7068348693608252
    outer loop
      vertex 11 159 13
      vertex 23.99000768639508 146.00999231360493 0
      vertex 201.00999231360493 146.00999231360493 0
    endloop
  endfacet
  facet normal 0 -0.707378588491103 0.7068348693608251
    outer loop
      vertex 11 159 13
      vertex 201.00999231360493 146.00999231360493 0
      vertex 214 159 13
    endloop
  endfacet
  facet normal 0 -1 0
    outer loop
      vertex 11 159 13
      vertex 214 159 13
      vertex 214 159 14
    endloop
  endfacet
  facet normal 0 -1 0
    outer loop
      vertex 11 159 13
      vertex 214 159 14
      vertex 11 159 14
    endloop
  endfacet
  facet normal 0 0 1
    outer loop
      vertex 11 159 14
      vertex 110.92430759518047 163.72216291573292 14
      vertex 110.9 164 14
    endloop
  endfacet
  facet normal 0 0 1
    outer loop
      vertex 11 159 14
      vertex 110.99649180674254 163.45276777067892 14
      vertex 110.92430759518047 163.72216291573292 14
    endloop
  endfacet
  facet normal 0 0 1
    outer loop
      vertex 11 159 14
      vertex 111.11435935394489 163.2 14
      vertex 110.99649180674254 163.45276777067892 14
    endloop
  endfacet
  facet normal 0 0 1
    outer loop
      vertex 11 159 14
      vertex 111.27432889100963 162.97153982450155 14
      vertex 111.11435935394489 163.2 14
    endloop
  endfacet
  facet normal 0 0 1
    outer loop
      vertex 11 159 14
      vertex 111.47153982450153 162.77432889100965 14
      vertex 111.27432889100963 162.97153982450155 14
    endloop
  endfacet
  facet normal 0 0 1
    outer loop
      vertex 11 159 14
      vertex 111.7 162.6143593539449 14
      vertex 111.47153982450153 162.77432889100965 14
    endloop
  endfacet
  facet normal 0 0 1
    outer loop
      vertex 11 159 14
      vertex 111.95276777067893 162.49649180674254 14
      vertex 111.7 162.6143593539449 14
    endloop
  endfacet
  facet normal 0 0 1
    outer loop
      vertex 11 159 14
      vertex 112.22216291573291 162.42430759518047 14
      vertex 111.95276777067893 162.49649180674254 14
    endloop
  endfacet
  facet normal 0 0 1
    outer loop
      vertex 11 159 14
      vertex 112.5 162.4 14
      vertex 112.22216291573291 162.42430759518047 14
    endloop
  endfacet
  facet normal 0 0 1
    outer loop
      vertex 11 159 14
      vertex 214 159 14
      vertex 112.5 162.4 14
    endloop
  endfacet
  facet normal 0 0 -1
    outer loop
      vertex 23 23 0
      vertex 23 147 0
      vertex 23.99000768639508 146.00999231360493 0
    endloop
  endfacet
  facet normal 0 0 -1
    outer loop
      vertex 23 23 0
      vertex 23.99000768639508 23.99000768639508 0
      vertex 201.00999231360493 23.99000768639508 0
    endloop
  endfacet
  facet normal 0 0 -1
    outer loop
      vertex 23 23 0
      vertex 23.99000768639508 146.00999231360493 0
      vertex 23.99000768639508 23.99000768639508 0
    endloop
  endfacet
  facet normal 0 0 -1
    outer loop
      vertex 23 23 0
      vertex 201.00999231360493 23.99000768639508 0
      vertex 202 23 0
    endloop
  endfacet
  facet normal 0 -0.7068346600771883 -0.7073787976138143
    outer loop
      vertex 23 23 0
      vertex 202 23 0
      vertex 215 10 12.99
    endloop
  endfacet
  facet normal 0 0 -1
    outer loop
      vertex 23 147 0
      vertex 202 147 0
      vertex 23.99000768639508 146.00999231360493 0
    endloop
  endfacet
  facet normal 0 0.7073785884911028 0.7068348693608253
    outer loop
      vertex 23.99000768639508 23.99000768639508 0
      vertex 214 11 13
      vertex 201.00999231360493 23.99000768639508 0
    endloop
  endfacet
  facet normal 0 0 -1
    outer loop
      vertex 23.99000768639508 146.00999231360493 0
      vertex 202 147 0
      vertex 201.00999231360493 146.00999231360493 0
    endloop
  endfacet
  facet normal 0.9961946980917478 0.08715574274763256 0
    outer loop
      vertex 110.9 6 13
      vertex 110.9 6 14
      vertex 110.92430759518047 5.722162915732912 13
    endloop
  endfacet
  facet normal 0.9961946980917478 -0.08715574274763256 0
    outer loop
      vertex 110.9 6 13
      vertex 110.92430759518047 6.277837084267088 13
      vertex 110.92430759518047 6.277837084267088 14
    endloop
  endfacet
  facet normal 0.9961946980917478 -0.08715574274763256 0
    outer loop
      vertex 110.9 6 13
      vertex 110.92430759518047 6.277837084267088 14
      vertex 110.9 6 14
    endloop
  endfacet
  facet normal 0.9961946980917478 0.08715574274763256 0
    outer loop
      vertex 110.9 6 14
      vertex 110.92430759518047 5.722162915732912 14
      vertex 110.92430759518047 5.722162915732912 13
    endloop
  endfacet
  facet normal 0.9961946980917475 0.08715574274763617 0
    outer loop
      vertex 110.9 164 13
      vertex 110.9 164 14
      vertex 110.92430759518047 163.72216291573292 13
    endloop
  endfacet
  facet normal 0.9961946980917475 -0.08715574274763617 0
    outer loop
      vertex 110.9 164 13
      vertex 110.92430759518047 164.27783708426708 13
      vertex 110.92430759518047 164.27783708426708 14
    endloop
  endfacet
  facet normal 0.9961946980917475 -0.08715574274763617 0
    outer loop
      vertex 110.9 164 13
      vertex 110.92430759518047 164.27783708426708 14
      vertex 110.9 164 14
    endloop
  endfacet
  facet normal 0.9961946980917475 0.08715574274763617 0
    outer loop
      vertex 110.9 164 14
      vertex 110.92430759518047 163.72216291573292 14
      vertex 110.92430759518047 163.72216291573292 13
    endloop
  endfacet
  facet normal 0.9659258262890728 0.25881904510250414 0
    outer loop
      vertex 110.92430759518047 5.722162915732912 13
      vertex 110.92430759518047 5.722162915732912 14
      vertex 110.99649180674254 5.45276777067893 13
    endloop
  endfacet
  facet normal 0.9659258262890728 0.25881904510250414 0
    outer loop
      vertex 110.92430759518047 5.722162915732912 14
      vertex 110.99649180674254 5.45276777067893 14
      vertex 110.99649180674254 5.45276777067893 13
    endloop
  endfacet
  facet normal 0.9659258262890728 -0.25881904510250414 0
    outer loop
      vertex 110.92430759518047 6.277837084267088 13
      vertex 110.99649180674254 6.54723222932107 13
      vertex 110.99649180674254 6.54723222932107 14
    endloop
  endfacet
  facet normal 0.9659258262890728 -0.25881904510250414 0
    outer loop
      vertex 110.92430759518047 6.277837084267088 13
      vertex 110.99649180674254 6.54723222932107 14
      vertex 110.92430759518047 6.277837084267088 14
    endloop
  endfacet
  facet normal 0.9659258262890785 0.25881904510248266 0
    outer loop
      vertex 110.92430759518047 163.72216291573292 13
      vertex 110.92430759518047 163.72216291573292 14
      vertex 110.99649180674254 163.45276777067892 13
    endloop
  endfacet
  facet normal 0.9659258262890785 0.25881904510248266 0
    outer loop
      vertex 110.92430759518047 163.72216291573292 14
      vertex 110.99649180674254 163.45276777067892 14
      vertex 110.99649180674254 163.45276777067892 13
    endloop
  endfacet
  facet normal 0.9659258262890785 -0.25881904510248266 0
    outer loop
      vertex 110.92430759518047 164.27783708426708 13
      vertex 110.99649180674254 164.54723222932108 13
      vertex 110.99649180674254 164.54723222932108 14
    endloop
  endfacet
  facet normal 0.9659258262890785 -0.25881904510248266 0
    outer loop
      vertex 110.92430759518047 164.27783708426708 13
      vertex 110.99649180674254 164.54723222932108 14
      vertex 110.92430759518047 164.27783708426708 14
    endloop
  endfacet
  facet normal 0.9063077870366503 0.42261826174069894 0
    outer loop
      vertex 110.99649180674254 5.45276777067893 13
      vertex 110.99649180674254 5.45276777067893 14
      vertex 111.11435935394489 5.2 13
    endloop
  endfacet
  facet normal 0.9063077870366503 0.42261826174069894 0
    outer loop
      vertex 110.99649180674254 5.45276777067893 14
      vertex 111.11435935394489 5.2 14
      vertex 111.11435935394489 5.2 13
    endloop
  endfacet
  facet normal 0.9063077870366503 -0.42261826174069894 0
    outer loop
      vertex 110.99649180674254 6.54723222932107 13
      vertex 111.11435935394489 6.8 13
      vertex 111.11435935394489 6.8 14
    endloop
  endfacet
  facet normal 0.9063077870366503 -0.42261826174069894 0
    outer loop
      vertex 110.99649180674254 6.54723222932107 13
      vertex 111.11435935394489 6.8 14
      vertex 110.99649180674254 6.54723222932107 14
    endloop
  endfacet
  facet normal 0.9063077870366497 0.42261826174070016 0
    outer loop
      vertex 110.99649180674254 163.45276777067892 13
      vertex 110.99649180674254 163.45276777067892 14
      vertex 111.11435935394489 163.2 13
    endloop
  endfacet
  facet normal 0.9063077870366497 0.42261826174070016 0
    outer loop
      vertex 110.99649180674254 163.45276777067892 14
      vertex 111.11435935394489 163.2 14
      vertex 111.11435935394489 163.2 13
    endloop
  endfacet
  facet normal 0.9063077870366497 -0.42261826174070016 0
    outer loop
      vertex 110.99649180674254 164.54723222932108 13
      vertex 111.11435935394489 164.8 13
      vertex 111.11435935394489 164.8 14
    endloop
  endfacet
  facet normal 0.9063077870366497 -0.42261826174070016 0
    outer loop
      vertex 110.99649180674254 164.54723222932108 13
      vertex 111.11435935394489 164.8 14
      vertex 110.99649180674254 164.54723222932108 14
    endloop
  endfacet
  facet normal 0.8191520442889874 0.5735764363510523 0
    outer loop
      vertex 111.11435935394489 5.2 13
      vertex 111.11435935394489 5.2 14
      vertex 111.27432889100963 4.971539824501537 13
    endloop
  endfacet
  facet normal 0.8191520442889874 0.5735764363510523 0
    outer loop
      vertex 111.11435935394489 5.2 14
      vertex 111.27432889100963 4.971539824501537 14
      vertex 111.27432889100963 4.971539824501537 13
    endloop
  endfacet
  facet normal 0.8191520442889874 -0.5735764363510523 0
    outer loop
      vertex 111.11435935394489 6.8 13
      vertex 111.27432889100963 7.028460175498463 13
      vertex 111.27432889100963 7.028460175498463 14
    endloop
  endfacet
  facet normal 0.8191520442889874 -0.5735764363510523 0
    outer loop
      vertex 111.11435935394489 6.8 13
      vertex 111.27432889100963 7.028460175498463 14
      vertex 111.11435935394489 6.8 14
    endloop
  endfacet
  facet normal 0.8191520442889613 0.5735764363510897 0
    outer loop
      vertex 111.11435935394489 163.2 13
      vertex 111.11435935394489 163.2 14
      vertex 111.27432889100963 162.97153982450155 13
    endloop
  endfacet
  facet normal 0.8191520442889613 0.5735764363510897 0
    outer loop
      vertex 111.11435935394489 163.2 14
      vertex 111.27432889100963 162.97153982450155 14
      vertex 111.27432889100963 162.97153982450155 13
    endloop
  endfacet
  facet normal 0.8191520442889613 -0.5735764363510897 0
    outer loop
      vertex 111.11435935394489 164.8 13
      vertex 111.27432889100963 165.02846017549845 13
      vertex 111.27432889100963 165.02846017549845 14
    endloop
  endfacet
  facet normal 0.8191520442889613 -0.5735764363510897 0
    outer loop
      vertex 111.11435935394489 164.8 13
      vertex 111.27432889100963 165.02846017549845 14
      vertex 111.11435935394489 164.8 14
    endloop
  endfacet
  facet normal 0.7071067811865476 0.7071067811865476 0
    outer loop
      vertex 111.27432889100963 4.971539824501537 13
      vertex 111.27432889100963 4.971539824501537 14
      vertex 111.47153982450153 4.774328891009635 13
    endloop
  endfacet
  facet normal 0.7071067811865476 0.7071067811865476 0
    outer loop
      vertex 111.27432889100963 4.971539824501537 14
      vertex 111.47153982450153 4.774328891009635 14
      vertex 111.47153982450153 4.774328891009635 13
    endloop
  endfacet
  facet normal 0.7071067811865476 -0.7071067811865476 0
    outer loop
      vertex 111.27432889100963 7.028460175498463 13
      vertex 111.47153982450153 7.225671108990365 13
      vertex 111.47153982450153 7.225671108990365 14
    endloop
  endfacet
  facet normal 0.7071067811865476 -0.7071067811865476 0
    outer loop
      vertex 111.27432889100963 7.028460175498463 13
      vertex 111.47153982450153 7.225671108990365 14
      vertex 111.27432889100963 7.028460175498463 14
    endloop
  endfacet
  facet normal 0.7071067811865476 0.7071067811865476 0
    outer loop
      vertex 111.27432889100963 162.97153982450155 13
      vertex 111.27432889100963 162.97153982450155 14
      vertex 111.47153982450153 162.77432889100965 13
    endloop
  endfacet
  facet normal 0.7071067811865476 0.7071067811865476 0
    outer loop
      vertex 111.27432889100963 162.97153982450155 14
      vertex 111.47153982450153 162.77432889100965 14
      vertex 111.47153982450153 162.77432889100965 13
    endloop
  endfacet
  facet normal 0.7071067811865476 -0.7071067811865476 0
    outer loop
      vertex 111.27432889100963 165.02846017549845 13
      vertex 111.47153982450153 165.22567110899035 13
      vertex 111.47153982450153 165.22567110899035 14
    endloop
  endfacet
  facet normal 0.7071067811865476 -0.7071067811865476 0
    outer loop
      vertex 111.27432889100963 165.02846017549845 13
      vertex 111.47153982450153 165.22567110899035 14
      vertex 111.27432889100963 165.02846017549845 14
    endloop
  endfacet
  facet normal 0.5735764363510334 0.8191520442890009 0
    outer loop
      vertex 111.47153982450153 4.774328891009635 13
      vertex 111.47153982450153 4.774328891009635 14
      vertex 111.7 4.614359353944899 13
    endloop
  endfacet
  facet normal 0.5735764363510334 0.8191520442890009 0
    outer loop
      vertex 111.47153982450153 4.774328891009635 14
      vertex 111.7 4.614359353944899 14
      vertex 111.7 4.614359353944899 13
    endloop
  endfacet
  facet normal 0.5735764363510334 -0.8191520442890009 0
    outer loop
      vertex 111.47153982450153 7.225671108990365 13
      vertex 111.7 7.385640646055101 13
      vertex 111.7 7.385640646055101 14
    endloop
  endfacet
  facet normal 0.5735764363510334 -0.8191520442890009 0
    outer loop
      vertex 111.47153982450153 7.225671108990365 13
      vertex 111.7 7.385640646055101 14
      vertex 111.47153982450153 7.225671108990365 14
    endloop
  endfacet
  facet normal 0.5735764363510418 0.8191520442889948 0
    outer loop
      vertex 111.47153982450153 162.77432889100965 13
      vertex 111.47153982450153 162.77432889100965 14
      vertex 111.7 162.6143593539449 13
    endloop
  endfacet
  facet normal 0.5735764363510418 0.8191520442889948 0
    outer loop
      vertex 111.47153982450153 162.77432889100965 14
      vertex 111.7 162.6143593539449 14
      vertex 111.7 162.6143593539449 13
    endloop
  endfacet
  facet normal 0.5735764363510418 -0.8191520442889948 0
    outer loop
      vertex 111.47153982450153 165.22567110899035 13
      vertex 111.7 165.3856406460551 13
      vertex 111.7 165.3856406460551 14
    endloop
  endfacet
  facet normal 0.5735764363510418 -0.8191520442889948 0
    outer loop
      vertex 111.47153982450153 165.22567110899035 13
      vertex 111.7 165.3856406460551 14
      vertex 111.47153982450153 165.22567110899035 14
    endloop
  endfacet
  facet normal 0.42261826174070277 0.9063077870366485 0
    outer loop
      vertex 111.7 4.614359353944899 13
      vertex 111.7 4.614359353944899 14
      vertex 111.95276777067893 4.496491806742546 13
    endloop
  endfacet
  facet normal 0.42261826174070277 0.9063077870366485 0
    outer loop
      vertex 111.7 4.614359353944899 14
      vertex 111.95276777067893 4.496491806742546 14
      vertex 111.95276777067893 4.496491806742546 13
    endloop
  endfacet
  facet normal 0.42261826174070277 -0.9063077870366485 0
    outer loop
      vertex 111.7 7.385640646055101 13
      vertex 111.95276777067893 7.503508193257454 13
      vertex 111.95276777067893 7.503508193257454 14
    endloop
  endfacet
  facet normal 0.42261826174070277 -0.9063077870366485 0
    outer loop
      vertex 111.7 7.385640646055101 13
      vertex 111.95276777067893 7.503508193257454 14
      vertex 111.7 7.385640646055101 14
    endloop
  endfacet
  facet normal 0.42261826174074196 0.9063077870366301 0
    outer loop
      vertex 111.7 162.6143593539449 13
      vertex 111.7 162.6143593539449 14
      vertex 111.95276777067893 162.49649180674254 13
    endloop
  endfacet
  facet normal 0.42261826174074196 0.9063077870366301 0
    outer loop
      vertex 111.7 162.6143593539449 14
      vertex 111.95276777067893 162.49649180674254 14
      vertex 111.95276777067893 162.49649180674254 13
    endloop
  endfacet
  facet normal 0.42261826174074196 -0.9063077870366301 0
    outer loop
      vertex 111.7 165.3856406460551 13
      vertex 111.95276777067893 165.50350819325746 13
      vertex 111.95276777067893 165.50350819325746 14
    endloop
  endfacet
  facet normal 0.42261826174074196 -0.9063077870366301 0
    outer loop
      vertex 111.7 165.3856406460551 13
      vertex 111.95276777067893 165.50350819325746 14
      vertex 111.7 165.3856406460551 14
    endloop
  endfacet
  facet normal 0.258819045102523 0.9659258262890678 0
    outer loop
      vertex 111.95276777067893 4.496491806742546 13
      vertex 111.95276777067893 4.496491806742546 14
      vertex 112.22216291573291 4.424307595180467 13
    endloop
  endfacet
  facet normal 0.258819045102523 0.9659258262890678 0
    outer loop
      vertex 111.95276777067893 4.496491806742546 14
      vertex 112.22216291573291 4.424307595180467 14
      vertex 112.22216291573291 4.424307595180467 13
    endloop
  endfacet
  facet normal 0.258819045102523 -0.9659258262890678 0
    outer loop
      vertex 111.95276777067893 7.503508193257454 13
      vertex 112.22216291573291 7.575692404819533 13
      vertex 112.22216291573291 7.575692404819533 14
    endloop
  endfacet
  facet normal 0.258819045102523 -0.9659258262890678 0
    outer loop
      vertex 111.95276777067893 7.503508193257454 13
      vertex 112.22216291573291 7.575692404819533 14
      vertex 111.95276777067893 7.503508193257454 14
    endloop
  endfacet
  facet normal 0.25881904510250814 0.9659258262890716 0
    outer loop
      vertex 111.95276777067893 162.49649180674254 13
      vertex 111.95276777067893 162.49649180674254 14
      vertex 112.22216291573291 162.42430759518047 13
    endloop
  endfacet
  facet normal 0.25881904510250814 0.9659258262890716 0
    outer loop
      vertex 111.95276777067893 162.49649180674254 14
      vertex 112.22216291573291 162.42430759518047 14
      vertex 112.22216291573291 162.42430759518047 13
    endloop
  endfacet
  facet normal 0.25881904510250814 -0.9659258262890716 0
    outer loop
      vertex 111.95276777067893 165.50350819325746 13
      vertex 112.22216291573291 165.57569240481953 13
      vertex 112.22216291573291 165.57569240481953 14
    endloop
  endfacet
  facet normal 0.25881904510250814 -0.9659258262890716 0
    outer loop
      vertex 111.95276777067893 165.50350819325746 13
      vertex 112.22216291573291 165.57569240481953 14
      vertex 111.95276777067893 165.50350819325746 14
    endloop
  endfacet
  facet normal 0.08715574274765701 0.9961946980917455 0
    outer loop
      vertex 112.22216291573291 4.424307595180467 13
      vertex 112.22216291573291 4.424307595180467 14
      vertex 112.5 4.4 13
    endloop
  endfacet
  facet normal 0.08715574274765701 0.9961946980917455 0
    outer loop
      vertex 112.22216291573291 4.424307595180467 14
      vertex 112.5 4.4 14
      vertex 112.5 4.4 13
    endloop
  endfacet
  facet normal 0.08715574274765701 -0.9961946980917455 0
    outer loop
      vertex 112.22216291573291 7.575692404819533 13
      vertex 112.5 7.6 13
      vertex 112.5 7.6 14
    endloop
  endfacet
  facet normal 0.08715574274765701 -0.9961946980917455 0
    outer loop
      vertex 112.22216291573291 7.575692404819533 13
      vertex 112.5 7.6 14
      vertex 112.22216291573291 7.575692404819533 14
    endloop
  endfacet
  facet normal 0.08715574274763174 0.996194698091748 0
    outer loop
      vertex 112.22216291573291 162.42430759518047 13
      vertex 112.22216291573291 162.42430759518047 14
      vertex 112.5 162.4 13
    endloop
  endfacet
  facet normal 0.08715574274763174 0.996194698091748 0
    outer loop
      vertex 112.22216291573291 162.42430759518047 14
      vertex 112.5 162.4 14
      vertex 112.5 162.4 13
    endloop
  endfacet
  facet normal 0.08715574274763174 -0.996194698091748 0
    outer loop
      vertex 112.22216291573291 165.57569240481953 13
      vertex 112.5 165.6 13
      vertex 112.5 165.6 14
    endloop
  endfacet
  facet normal 0.08715574274763174 -0.996194698091748 0
    outer loop
      vertex 112.22216291573291 165.57569240481953 13
      vertex 112.5 165.6 14
      vertex 112.22216291573291 165.57569240481953 14
    endloop
  endfacet
  facet normal -0.08715574274765701 0.9961946980917455 0
    outer loop
      vertex 112.5 4.4 13
      vertex 112.5 4.4 14
      vertex 112.77783708426709 4.424307595180467 13
    endloop
  endfacet
  facet normal 0 0 -1
    outer loop
      vertex 112.5 4.4 13
      vertex 112.77783708426709 4.424307595180467 13
      vertex 220 1.25 13
    endloop
  endfacet
  facet normal -0.08715574274765701 0.9961946980917455 0
    outer loop
      vertex 112.5 4.4 14
      vertex 112.77783708426709 4.424307595180467 14
      vertex 112.77783708426709 4.424307595180467 13
    endloop
  endfacet
  facet normal 0 0 1
    outer loop
      vertex 112.5 4.4 14
      vertex 220 1.25 14
      vertex 112.77783708426709 4.424307595180467 14
    endloop
  endfacet
  facet normal -0.08715574274765701 -0.9961946980917455 0
    outer loop
      vertex 112.5 7.6 13
      vertex 112.77783708426709 7.575692404819533 13
      vertex 112.77783708426709 7.575692404819533 14
    endloop
  endfacet
  facet normal -0.08715574274765701 -0.9961946980917455 0
    outer loop
      vertex 112.5 7.6 13
      vertex 112.77783708426709 7.575692404819533 14
      vertex 112.5 7.6 14
    endloop
  endfacet
  facet normal 0 0 -1
    outer loop
      vertex 112.5 7.6 13
      vertex 215 10 13
      vertex 112.77783708426709 7.575692404819533 13
    endloop
  endfacet
  facet normal 0 0 1
    outer loop
      vertex 112.5 7.6 14
      vertex 112.77783708426709 7.575692404819533 14
      vertex 214 11 14
    endloop
  endfacet
  facet normal -0.08715574274763174 0.996194698091748 0
    outer loop
      vertex 112.5 162.4 13
      vertex 112.5 162.4 14
      vertex 112.77783708426709 162.42430759518047 13
    endloop
  endfacet
  facet normal 0 0 -1
    outer loop
      vertex 112.5 162.4 13
      vertex 112.77783708426709 162.42430759518047 13
      vertex 215 160 13
    endloop
  endfacet
  facet normal -0.08715574274763174 0.996194698091748 0
    outer loop
      vertex 112.5 162.4 14
      vertex 112.77783708426709 162.42430759518047 14
      vertex 112.77783708426709 162.42430759518047 13
    endloop
  endfacet
  facet normal 0 0 1
    outer loop
      vertex 112.5 162.4 14
      vertex 214 159 14
      vertex 112.77783708426709 162.42430759518047 14
    endloop
  endfacet
  facet normal -0.08715574274763174 -0.996194698091748 0
    outer loop
      vertex 112.5 165.6 13
      vertex 112.77783708426709 165.57569240481953 13
      vertex 112.77783708426709 165.57569240481953 14
    endloop
  endfacet
  facet normal -0.08715574274763174 -0.996194698091748 0
    outer loop
      vertex 112.5 165.6 13
      vertex 112.77783708426709 165.57569240481953 14
      vertex 112.5 165.6 14
    endloop
  endfacet
  facet normal 0 0 -1
    outer loop
      vertex 112.5 165.6 13
      vertex 220 168.75 13
      vertex 112.77783708426709 165.57569240481953 13
    endloop
  endfacet
  facet normal 0 0 1
    outer loop
      vertex 112.5 165.6 14
      vertex 112.77783708426709 165.57569240481953 14
      vertex 220 168.75 14
    endloop
  endfacet
  facet normal -0.258819045102523 0.9659258262890678 0
    outer loop
      vertex 112.77783708426709 4.424307595180467 13
      vertex 112.77783708426709 4.424307595180467 14
      vertex 113.04723222932107 4.496491806742546 13
    endloop
  endfacet
  facet normal 0 0 -1
    outer loop
      vertex 112.77783708426709 4.424307595180467 13
      vertex 113.04723222932107 4.496491806742546 13
      vertex 220 1.25 13
    endloop
  endfacet
  facet normal -0.258819045102523 0.9659258262890678 0
    outer loop
      vertex 112.77783708426709 4.424307595180467 14
      vertex 113.04723222932107 4.496491806742546 14
      vertex 113.04723222932107 4.496491806742546 13
    endloop
  endfacet
  facet normal 0 0 1
    outer loop
      vertex 112.77783708426709 4.424307595180467 14
      vertex 220 1.25 14
      vertex 113.04723222932107 4.496491806742546 14
    endloop
  endfacet
  facet normal -0.258819045102523 -0.9659258262890678 0
    outer loop
      vertex 112.77783708426709 7.575692404819533 13
      vertex 113.04723222932107 7.503508193257454 13
      vertex 113.04723222932107 7.503508193257454 14
    endloop
  endfacet
  facet normal -0.258819045102523 -0.9659258262890678 0
    outer loop
      vertex 112.77783708426709 7.575692404819533 13
      vertex 113.04723222932107 7.503508193257454 14
      vertex 112.77783708426709 7.575692404819533 14
    endloop
  endfacet
  facet normal 0 0 -1
    outer loop
      vertex 112.77783708426709 7.575692404819533 13
      vertex 215 10 13
      vertex 113.04723222932107 7.503508193257454 13
    endloop
  endfacet
  facet normal 0 0 1
    outer loop
      vertex 112.77783708426709 7.575692404819533 14
      vertex 113.04723222932107 7.503508193257454 14
      vertex 214 11 14
    endloop
  endfacet
  facet normal -0.25881904510250814 0.9659258262890716 0
    outer loop
      vertex 112.77783708426709 162.42430759518047 13
      vertex 112.77783708426709 162.42430759518047 14
      vertex 113.04723222932107 162.49649180674254 13
    endloop
  endfacet
  facet normal 0 0 -1
    outer loop
      vertex 112.77783708426709 162.42430759518047 13
      vertex 113.04723222932107 162.49649180674254 13
      vertex 215 160 13
    endloop
  endfacet
  facet normal -0.25881904510250814 0.9659258262890716 0
    outer loop
      vertex 112.77783708426709 162.42430759518047 14
      vertex 113.04723222932107 162.49649180674254 14
      vertex 113.04723222932107 162.49649180674254 13
    endloop
  endfacet
  facet normal 0 0 1
    outer loop
      vertex 112.77783708426709 162.42430759518047 14
      vertex 214 159 14
      vertex 113.04723222932107 162.49649180674254 14
    endloop
  endfacet
  facet normal -0.25881904510250814 -0.9659258262890716 0
    outer loop
      vertex 112.77783708426709 165.57569240481953 13
      vertex 113.04723222932107 165.50350819325746 13
      vertex 113.04723222932107 165.50350819325746 14
    endloop
  endfacet
  facet normal -0.25881904510250814 -0.9659258262890716 0
    outer loop
      vertex 112.77783708426709 165.57569240481953 13
      vertex 113.04723222932107 165.50350819325746 14
      vertex 112.77783708426709 165.57569240481953 14
    endloop
  endfacet
  facet normal 0 0 -1
    outer loop
      vertex 112.77783708426709 165.57569240481953 13
      vertex 220 168.75 13
      vertex 113.04723222932107 165.50350819325746 13
    endloop
  endfacet
  facet normal 0 0 1
    outer loop
      vertex 112.77783708426709 165.57569240481953 14
      vertex 113.04723222932107 165.50350819325746 14
      vertex 220 168.75 14
    endloop
  endfacet
  facet normal -0.42261826174070277 0.9063077870366485 0
    outer loop
      vertex 113.04723222932107 4.496491806742546 13
      vertex 113.04723222932107 4.496491806742546 14
      vertex 113.3 4.614359353944899 13
    endloop
  endfacet
  facet normal 0 0 -1
    outer loop
      vertex 113.04723222932107 4.496491806742546 13
      vertex 113.3 4.614359353944899 13
      vertex 220 1.25 13
    endloop
  endfacet
  facet normal -0.42261826174070277 0.9063077870366485 0
    outer loop
      vertex 113.04723222932107 4.496491806742546 14
      vertex 113.3 4.614359353944899 14
      vertex 113.3 4.614359353944899 13
    endloop
  endfacet
  facet normal 0 0 1
    outer loop
      vertex 113.04723222932107 4.496491806742546 14
      vertex 220 1.25 14
      vertex 113.3 4.614359353944899 14
    endloop
  endfacet
  facet normal -0.42261826174070277 -0.9063077870366485 0
    outer loop
      vertex 113.04723222932107 7.503508193257454 13
      vertex 113.3 7.385640646055101 13
      vertex 113.3 7.385640646055101 14
    endloop
  endfacet
  facet normal -0.42261826174070277 -0.9063077870366485 0
    outer loop
      vertex 113.04723222932107 7.503508193257454 13
      vertex 113.3 7.385640646055101 14
      vertex 113.04723222932107 7.503508193257454 14
    endloop
  endfacet
  facet normal 0 0 -1
    outer loop
      vertex 113.04723222932107 7.503508193257454 13
      vertex 215 10 13
      vertex 113.3 7.385640646055101 13
    endloop
  endfacet
  facet normal 0 0 1
    outer loop
      vertex 113.04723222932107 7.503508193257454 14
      vertex 113.3 7.385640646055101 14
      vertex 214 11 14
    endloop
  endfacet
  facet normal -0.42261826174074196 0.9063077870366301 0
    outer loop
      vertex 113.04723222932107 162.49649180674254 13
      vertex 113.04723222932107 162.49649180674254 14
      vertex 113.3 162.6143593539449 13
    endloop
  endfacet
  facet normal 0 0 -1
    outer loop
      vertex 113.04723222932107 162.49649180674254 13
      vertex 113.3 162.6143593539449 13
      vertex 215 160 13
    endloop
  endfacet
  facet normal -0.42261826174074196 0.9063077870366301 0
    outer loop
      vertex 113.04723222932107 162.49649180674254 14
      vertex 113.3 162.6143593539449 14
      vertex 113.3 162.6143593539449 13
    endloop
  endfacet
  facet normal 0 0 1
    outer loop
      vertex 113.04723222932107 162.49649180674254 14
      vertex 214 159 14
      vertex 113.3 162.6143593539449 14
    endloop
  endfacet
  facet normal -0.42261826174074196 -0.9063077870366301 0
    outer loop
      vertex 113.04723222932107 165.50350819325746 13
      vertex 113.3 165.3856406460551 13
      vertex 113.3 165.3856406460551 14
    endloop
  endfacet
  facet normal -0.42261826174074196 -0.9063077870366301 0
    outer loop
      vertex 113.04723222932107 165.50350819325746 13
      vertex 113.3 165.3856406460551 14
      vertex 113.04723222932107 165.50350819325746 14
    endloop
  endfacet
  facet normal 0 0 -1
    outer loop
      vertex 113.04723222932107 165.50350819325746 13
      vertex 220 168.75 13
      vertex 113.3 165.3856406460551 13
    endloop
  endfacet
  facet normal 0 0 1
    outer loop
      vertex 113.04723222932107 165.50350819325746 14
      vertex 113.3 165.3856406460551 14
      vertex 220 168.75 14
    endloop
  endfacet
  facet normal -0.5735764363510334 0.8191520442890009 0
    outer loop
      vertex 113.3 4.614359353944899 13
      vertex 113.3 4.614359353944899 14
      vertex 113.52846017549847 4.774328891009635 13
    endloop
  endfacet
  facet normal 0 0 -1
    outer loop
      vertex 113.3 4.614359353944899 13
      vertex 113.52846017549847 4.774328891009635 13
      vertex 220 1.25 13
    endloop
  endfacet
  facet normal -0.5735764363510334 0.8191520442890009 0
    outer loop
      vertex 113.3 4.614359353944899 14
      vertex 113.52846017549847 4.774328891009635 14
      vertex 113.52846017549847 4.774328891009635 13
    endloop
  endfacet
  facet normal 0 0 1
    outer loop
      vertex 113.3 4.614359353944899 14
      vertex 220 1.25 14
      vertex 113.52846017549847 4.774328891009635 14
    endloop
  endfacet
  facet normal -0.5735764363510334 -0.8191520442890009 0
    outer loop
      vertex 113.3 7.385640646055101 13
      vertex 113.52846017549847 7.225671108990365 13
      vertex 113.52846017549847 7.225671108990365 14
    endloop
  endfacet
  facet normal -0.5735764363510334 -0.8191520442890009 0
    outer loop
      vertex 113.3 7.385640646055101 13
      vertex 113.52846017549847 7.225671108990365 14
      vertex 113.3 7.385640646055101 14
    endloop
  endfacet
  facet normal 0 0 -1
    outer loop
      vertex 113.3 7.385640646055101 13
      vertex 215 10 13
      vertex 113.52846017549847 7.225671108990365 13
    endloop
  endfacet
  facet normal 0 0 1
    outer loop
      vertex 113.3 7.385640646055101 14
      vertex 113.52846017549847 7.225671108990365 14
      vertex 214 11 14
    endloop
  endfacet
  facet normal -0.5735764363510418 0.8191520442889948 0
    outer loop
      vertex 113.3 162.6143593539449 13
      vertex 113.3 162.6143593539449 14
      vertex 113.52846017549847 162.77432889100965 13
    endloop
  endfacet
  facet normal 0 0 -1
    outer loop
      vertex 113.3 162.6143593539449 13
      vertex 113.52846017549847 162.77432889100965 13
      vertex 215 160 13
    endloop
  endfacet
  facet normal -0.5735764363510418 0.8191520442889948 0
    outer loop
      vertex 113.3 162.6143593539449 14
      vertex 113.52846017549847 162.77432889100965 14
      vertex 113.52846017549847 162.77432889100965 13
    endloop
  endfacet
  facet normal 0 0 1
    outer loop
      vertex 113.3 162.6143593539449 14
      vertex 214 159 14
      vertex 113.52846017549847 162.77432889100965 14
    endloop
  endfacet
  facet normal -0.5735764363510418 -0.8191520442889948 0
    outer loop
      vertex 113.3 165.3856406460551 13
      vertex 113.52846017549847 165.22567110899035 13
      vertex 113.52846017549847 165.22567110899035 14
    endloop
  endfacet
  facet normal -0.5735764363510418 -0.8191520442889948 0
    outer loop
      vertex 113.3 165.3856406460551 13
      vertex 113.52846017549847 165.22567110899035 14
      vertex 113.3 165.3856406460551 14
    endloop
  endfacet
  facet normal 0 0 -1
    outer loop
      vertex 113.3 165.3856406460551 13
      vertex 220 168.75 13
      vertex 113.52846017549847 165.22567110899035 13
    endloop
  endfacet
  facet normal 0 0 1
    outer loop
      vertex 113.3 165.3856406460551 14
      vertex 113.52846017549847 165.22567110899035 14
      vertex 220 168.75 14
    endloop
  endfacet
  facet normal -0.7071067811865476 0.7071067811865476 0
    outer loop
      vertex 113.52846017549847 4.774328891009635 13
      vertex 113.52846017549847 4.774328891009635 14
      vertex 113.72567110899037 4.971539824501537 13
    endloop
  endfacet
  facet normal 0 0 -1
    outer loop
      vertex 113.52846017549847 4.774328891009635 13
      vertex 113.72567110899037 4.971539824501537 13
      vertex 217.97153982450155 4.774328891009635 13
    endloop
  endfacet
  facet normal 0 0 -1
    outer loop
      vertex 113.52846017549847 4.774328891009635 13
      vertex 217.97153982450155 4.774328891009635 13
      vertex 218.2 4.614359353944899 13
    endloop
  endfacet
  facet normal 0 0 -1
    outer loop
      vertex 113.52846017549847 4.774328891009635 13
      vertex 218.2 4.614359353944899 13
      vertex 220 1.25 13
    endloop
  endfacet
  facet normal -0.7071067811865476 0.7071067811865476 0
    outer loop
      vertex 113.52846017549847 4.774328891009635 14
      vertex 113.72567110899037 4.971539824501537 14
      vertex 113.72567110899037 4.971539824501537 13
    endloop
  endfacet
  facet normal 0 0 1
    outer loop
      vertex 113.52846017549847 4.774328891009635 14
      vertex 220 1.25 14
      vertex 113.72567110899037 4.971539824501537 14
    endloop
  endfacet
  facet normal -0.7071067811865476 -0.7071067811865476 0
    outer loop
      vertex 113.52846017549847 7.225671108990365 13
      vertex 113.72567110899037 7.028460175498463 13
      vertex 113.72567110899037 7.028460175498463 14
    endloop
  endfacet
  facet normal -0.7071067811865476 -0.7071067811865476 0
    outer loop
      vertex 113.52846017549847 7.225671108990365 13
      vertex 113.72567110899037 7.028460175498463 14
      vertex 113.52846017549847 7.225671108990365 14
    endloop
  endfacet
  facet normal 0 0 -1
    outer loop
      vertex 113.52846017549847 7.225671108990365 13
      vertex 215 10 13
      vertex 113.72567110899037 7.028460175498463 13
    endloop
  endfacet
  facet normal 0 0 1
    outer loop
      vertex 113.52846017549847 7.225671108990365 14
      vertex 113.72567110899037 7.028460175498463 14
      vertex 214 11 14
    endloop
  endfacet
  facet normal -0.7071067811865476 0.7071067811865476 0
    outer loop
      vertex 113.52846017549847 162.77432889100965 13
      vertex 113.52846017549847 162.77432889100965 14
      vertex 113.72567110899037 162.97153982450155 13
    endloop
  endfacet
  facet normal 0 0 -1
    outer loop
      vertex 113.52846017549847 162.77432889100965 13
      vertex 113.72567110899037 162.97153982450155 13
      vertex 222.60496889054775 167.69752424955368 13
    endloop
  endfacet
  facet normal 0 0 -1
    outer loop
      vertex 113.52846017549847 162.77432889100965 13
      vertex 217.4 164 13
      vertex 215 160 13
    endloop
  endfacet
  facet normal 0 0 -1
    outer loop
      vertex 113.52846017549847 162.77432889100965 13
      vertex 217.42430759518047 164.27783708426708 13
      vertex 217.4 164 13
    endloop
  endfacet
  facet normal 0 0 -1
    outer loop
      vertex 113.52846017549847 162.77432889100965 13
      vertex 217.49649180674254 164.54723222932108 13
      vertex 217.42430759518047 164.27783708426708 13
    endloop
  endfacet
  facet normal 0 0 -1
    outer loop
      vertex 113.52846017549847 162.77432889100965 13
      vertex 217.6143593539449 164.8 13
      vertex 217.49649180674254 164.54723222932108 13
    endloop
  endfacet
  facet normal 0 0 -1
    outer loop
      vertex 113.52846017549847 162.77432889100965 13
      vertex 217.77432889100965 165.02846017549845 13
      vertex 217.6143593539449 164.8 13
    endloop
  endfacet
  facet normal 0 0 -1
    outer loop
      vertex 113.52846017549847 162.77432889100965 13
      vertex 217.97153982450155 165.22567110899035 13
      vertex 217.77432889100965 165.02846017549845 13
    endloop
  endfacet
  facet normal 0 0 -1
    outer loop
      vertex 113.52846017549847 162.77432889100965 13
      vertex 218.2 165.3856406460551 13
      vertex 217.97153982450155 165.22567110899035 13
    endloop
  endfacet
  facet normal 0 0 -1
    outer loop
      vertex 113.52846017549847 162.77432889100965 13
      vertex 218.45276777067892 165.50350819325746 13
      vertex 218.2 165.3856406460551 13
    endloop
  endfacet
  facet normal 0 0 -1
    outer loop
      vertex 113.52846017549847 162.77432889100965 13
      vertex 218.72216291573292 165.57569240481953 13
      vertex 218.45276777067892 165.50350819325746 13
    endloop
  endfacet
  facet normal 0 0 -1
    outer loop
      vertex 113.52846017549847 162.77432889100965 13
      vertex 219 165.6 13
      vertex 218.72216291573292 165.57569240481953 13
    endloop
  endfacet
  facet normal 0 0 -1
    outer loop
      vertex 113.52846017549847 162.77432889100965 13
      vertex 222.60496889054775 167.69752424955368 13
      vertex 219 165.6 13
    endloop
  endfacet
  facet normal -0.7071067811865476 0.7071067811865476 0
    outer loop
      vertex 113.52846017549847 162.77432889100965 14
      vertex 113.72567110899037 162.97153982450155 14
      vertex 113.72567110899037 162.97153982450155 13
    endloop
  endfacet
  facet normal 0 0 1
    outer loop
      vertex 113.52846017549847 162.77432889100965 14
      vertex 214 159 14
      vertex 113.72567110899037 162.97153982450155 14
    endloop
  endfacet
  facet normal -0.7071067811865476 -0.7071067811865476 0
    outer loop
      vertex 113.52846017549847 165.22567110899035 13
      vertex 113.72567110899037 165.02846017549845 13
      vertex 113.72567110899037 165.02846017549845 14
    endloop
  endfacet
  facet normal -0.7071067811865476 -0.7071067811865476 0
    outer loop
      vertex 113.52846017549847 165.22567110899035 13
      vertex 113.72567110899037 165.02846017549845 14
      vertex 113.52846017549847 165.22567110899035 14
    endloop
  endfacet
  facet normal 0 0 -1
    outer loop
      vertex 113.52846017549847 165.22567110899035 13
      vertex 220 168.75 13
      vertex 113.72567110899037 165.02846017549845 13
    endloop
  endfacet
  facet normal 0 0 1
    outer loop
      vertex 113.52846017549847 165.22567110899035 14
      vertex 113.72567110899037 165.02846017549845 14
      vertex 220 168.75 14
    endloop
  endfacet
  facet normal -0.8191520442889874 0.5735764363510523 0
    outer loop
      vertex 113.72567110899037 4.971539824501537 13
      vertex 113.72567110899037 4.971539824501537 14
      vertex 113.88564064605511 5.2 13
    endloop
  endfacet
  facet normal 0 0 -1
    outer loop
      vertex 113.72567110899037 4.971539824501537 13
      vertex 113.88564064605511 5.2 13
      vertex 217.77432889100965 4.971539824501537 13
    endloop
  endfacet
  facet normal 0 0 -1
    outer loop
      vertex 113.72567110899037 4.971539824501537 13
      vertex 217.77432889100965 4.971539824501537 13
      vertex 217.97153982450155 4.774328891009635 13
    endloop
  endfacet
  facet normal -0.8191520442889874 0.5735764363510523 0
    outer loop
      vertex 113.72567110899037 4.971539824501537 14
      vertex 113.88564064605511 5.2 14
      vertex 113.88564064605511 5.2 13
    endloop
  endfacet
  facet normal 0 0 1
    outer loop
      vertex 113.72567110899037 4.971539824501537 14
      vertex 220 1.25 14
      vertex 113.88564064605511 5.2 14
    endloop
  endfacet
  facet normal -0.8191520442889874 -0.5735764363510523 0
    outer loop
      vertex 113.72567110899037 7.028460175498463 13
      vertex 113.88564064605511 6.8 13
      vertex 113.88564064605511 6.8 14
    endloop
  endfacet
  facet normal -0.8191520442889874 -0.5735764363510523 0
    outer loop
      vertex 113.72567110899037 7.028460175498463 13
      vertex 113.88564064605511 6.8 14
      vertex 113.72567110899037 7.028460175498463 14
    endloop
  endfacet
  facet normal 0 0 -1
    outer loop
      vertex 113.72567110899037 7.028460175498463 13
      vertex 215 10 13
      vertex 113.88564064605511 6.8 13
    endloop
  endfacet
  facet normal 0 0 1
    outer loop
      vertex 113.72567110899037 7.028460175498463 14
      vertex 113.88564064605511 6.8 14
      vertex 214 11 14
    endloop
  endfacet
  facet normal -0.8191520442889613 0.5735764363510897 0
    outer loop
      vertex 113.72567110899037 162.97153982450155 13
      vertex 113.72567110899037 162.97153982450155 14
      vertex 113.88564064605511 163.2 13
    endloop
  endfacet
  facet normal 0 0 -1
    outer loop
      vertex 113.72567110899037 162.97153982450155 13
      vertex 113.88564064605511 163.2 13
      vertex 222.60496889054775 167.69752424955368 13
    endloop
  endfacet
  facet normal -0.8191520442889613 0.5735764363510897 0
    outer loop
      vertex 113.72567110899037 162.97153982450155 14
      vertex 113.88564064605511 163.2 14
      vertex 113.88564064605511 163.2 13
    endloop
  endfacet
  facet normal 0 0 1
    outer loop
      vertex 113.72567110899037 162.97153982450155 14
      vertex 214 159 14
      vertex 113.88564064605511 163.2 14
    endloop
  endfacet
  facet normal -0.8191520442889613 -0.5735764363510897 0
    outer loop
      vertex 113.72567110899037 165.02846017549845 13
      vertex 113.88564064605511 164.8 13
      vertex 113.88564064605511 164.8 14
    endloop
  endfacet
  facet normal -0.8191520442889613 -0.5735764363510897 0
    outer loop
      vertex 113.72567110899037 165.02846017549845 13
      vertex 113.88564064605511 164.8 14
      vertex 113.72567110899037 165.02846017549845 14
    endloop
  endfacet
  facet normal 0 0 -1
    outer loop
      vertex 113.72567110899037 165.02846017549845 13
      vertex 220 168.75 13
      vertex 113.88564064605511 164.8 13
    endloop
  endfacet
  facet normal 0 0 1
    outer loop
      vertex 113.72567110899037 165.02846017549845 14
      vertex 113.88564064605511 164.8 14
      vertex 220 168.75 14
    endloop
  endfacet
  facet normal -0.9063077870366503 0.42261826174069894 0
    outer loop
      vertex 113.88564064605511 5.2 13
      vertex 113.88564064605511 5.2 14
      vertex 114.00350819325746 5.45276777067893 13
    endloop
  endfacet
  facet normal 0 0 -1
    outer loop
      vertex 113.88564064605511 5.2 13
      vertex 114.00350819325746 5.45276777067893 13
      vertex 217.6143593539449 5.2 13
    endloop
  endfacet
  facet normal 0 0 -1
    outer loop
      vertex 113.88564064605511 5.2 13
      vertex 217.6143593539449 5.2 13
      vertex 217.77432889100965 4.971539824501537 13
    endloop
  endfacet
  facet normal -0.9063077870366503 0.42261826174069894 0
    outer loop
      vertex 113.88564064605511 5.2 14
      vertex 114.00350819325746 5.45276777067893 14
      vertex 114.00350819325746 5.45276777067893 13
    endloop
  endfacet
  facet normal 0 0 1
    outer loop
      vertex 113.88564064605511 5.2 14
      vertex 214 11 14
      vertex 114.00350819325746 5.45276777067893 14
    endloop
  endfacet
  facet normal 0 0 1
    outer loop
      vertex 113.88564064605511 5.2 14
      vertex 220 1.25 14
      vertex 214 11 14
    endloop
  endfacet
  facet normal -0.9063077870366503 -0.42261826174069894 0
    outer loop
      vertex 113.88564064605511 6.8 13
      vertex 114.00350819325746 6.54723222932107 13
      vertex 114.00350819325746 6.54723222932107 14
    endloop
  endfacet
  facet normal -0.9063077870366503 -0.42261826174069894 0
    outer loop
      vertex 113.88564064605511 6.8 13
      vertex 114.00350819325746 6.54723222932107 14
      vertex 113.88564064605511 6.8 14
    endloop
  endfacet
  facet normal 0 0 -1
    outer loop
      vertex 113.88564064605511 6.8 13
      vertex 215 10 13
      vertex 114.00350819325746 6.54723222932107 13
    endloop
  endfacet
  facet normal 0 0 1
    outer loop
      vertex 113.88564064605511 6.8 14
      vertex 114.00350819325746 6.54723222932107 14
      vertex 214 11 14
    endloop
  endfacet
  facet normal -0.9063077870366497 0.42261826174070016 0
    outer loop
      vertex 113.88564064605511 163.2 13
      vertex 113.88564064605511 163.2 14
      vertex 114.00350819325746 163.45276777067892 13
    endloop
  endfacet
  facet normal 0 0 -1
    outer loop
      vertex 113.88564064605511 163.2 13
      vertex 114.00350819325746 163.45276777067892 13
      vertex 222.60496889054775 167.69752424955368 13
    endloop
  endfacet
  facet normal -0.9063077870366497 0.42261826174070016 0
    outer loop
      vertex 113.88564064605511 163.2 14
      vertex 114.00350819325746 163.45276777067892 14
      vertex 114.00350819325746 163.45276777067892 13
    endloop
  endfacet
  facet normal 0 0 1
    outer loop
      vertex 113.88564064605511 163.2 14
      vertex 214 159 14
      vertex 114.00350819325746 163.45276777067892 14
    endloop
  endfacet
  facet normal -0.9063077870366497 -0.42261826174070016 0
    outer loop
      vertex 113.88564064605511 164.8 13
      vertex 114.00350819325746 164.54723222932108 13
      vertex 114.00350819325746 164.54723222932108 14
    endloop
  endfacet
  facet normal -0.9063077870366497 -0.42261826174070016 0
    outer loop
      vertex 113.88564064605511 164.8 13
      vertex 114.00350819325746 164.54723222932108 14
      vertex 113.88564064605511 164.8 14
    endloop
  endfacet
  facet normal 0 0 -1
    outer loop
      vertex 113.88564064605511 164.8 13
      vertex 220 168.75 13
      vertex 114.00350819325746 164.54723222932108 13
    endloop
  endfacet
  facet normal 0 0 1
    outer loop
      vertex 113.88564064605511 164.8 14
      vertex 114.00350819325746 164.54723222932108 14
      vertex 214 159 14
    endloop
  endfacet
  facet normal 0 0 1
    outer loop
      vertex 113.88564064605511 164.8 14
      vertex 214 159 14
      vertex 220 168.75 14
    endloop
  endfacet
  facet normal -0.9659258262890728 0.25881904510250414 0
    outer loop
      vertex 114.00350819325746 5.45276777067893 13
      vertex 114.00350819325746 5.45276777067893 14
      vertex 114.07569240481953 5.722162915732912 13
    endloop
  endfacet
  facet normal 0 0 -1
    outer loop
      vertex 114.00350819325746 5.45276777067893 13
      vertex 114.07569240481953 5.722162915732912 13
      vertex 215 10 13
    endloop
  endfacet
  facet normal 0 0 -1
    outer loop
      vertex 114.00350819325746 5.45276777067893 13
      vertex 215 10 13
      vertex 217.42430759518047 5.722162915732912 13
    endloop
  endfacet
  facet normal 0 0 -1
    outer loop
      vertex 114.00350819325746 5.45276777067893 13
      vertex 217.42430759518047 5.722162915732912 13
      vertex 217.49649180674254 5.45276777067893 13
    endloop
  endfacet
  facet normal 0 0 -1
    outer loop
      vertex 114.00350819325746 5.45276777067893 13
      vertex 217.49649180674254 5.45276777067893 13
      vertex 217.6143593539449 5.2 13
    endloop
  endfacet
  facet normal -0.9659258262890728 0.25881904510250414 0
    outer loop
      vertex 114.00350819325746 5.45276777067893 14
      vertex 114.07569240481953 5.722162915732912 14
      vertex 114.07569240481953 5.722162915732912 13
    endloop
  endfacet
  facet normal 0 0 1
    outer loop
      vertex 114.00350819325746 5.45276777067893 14
      vertex 214 11 14
      vertex 114.07569240481953 5.722162915732912 14
    endloop
  endfacet
  facet normal -0.9659258262890728 -0.25881904510250414 0
    outer loop
      vertex 114.00350819325746 6.54723222932107 13
      vertex 114.07569240481953 6.277837084267088 13
      vertex 114.07569240481953 6.277837084267088 14
    endloop
  endfacet
  facet normal -0.9659258262890728 -0.25881904510250414 0
    outer loop
      vertex 114.00350819325746 6.54723222932107 13
      vertex 114.07569240481953 6.277837084267088 14
      vertex 114.00350819325746 6.54723222932107 14
    endloop
  endfacet
  facet normal 0 0 -1
    outer loop
      vertex 114.00350819325746 6.54723222932107 13
      vertex 215 10 13
      vertex 114.07569240481953 6.277837084267088 13
    endloop
  endfacet
  facet normal 0 0 1
    outer loop
      vertex 114.00350819325746 6.54723222932107 14
      vertex 114.07569240481953 6.277837084267088 14
      vertex 214 11 14
    endloop
  endfacet
  facet normal -0.9659258262890785 0.25881904510248266 0
    outer loop
      vertex 114.00350819325746 163.45276777067892 13
      vertex 114.00350819325746 163.45276777067892 14
      vertex 114.07569240481953 163.72216291573292 13
    endloop
  endfacet
  facet normal 0 0 -1
    outer loop
      vertex 114.00350819325746 163.45276777067892 13
      vertex 114.07569240481953 163.72216291573292 13
      vertex 222.60496889054775 167.69752424955368 13
    endloop
  endfacet
  facet normal -0.9659258262890785 0.25881904510248266 0
    outer loop
      vertex 114.00350819325746 163.45276777067892 14
      vertex 114.07569240481953 163.72216291573292 14
      vertex 114.07569240481953 163.72216291573292 13
    endloop
  endfacet
  facet normal 0 0 1
    outer loop
      vertex 114.00350819325746 163.45276777067892 14
      vertex 214 159 14
      vertex 114.07569240481953 163.72216291573292 14
    endloop
  endfacet
  facet normal -0.9659258262890785 -0.25881904510248266 0
    outer loop
      vertex 114.00350819325746 164.54723222932108 13
      vertex 114.07569240481953 164.27783708426708 13
      vertex 114.07569240481953 164.27783708426708 14
    endloop
  endfacet
  facet normal -0.9659258262890785 -0.25881904510248266 0
    outer loop
      vertex 114.00350819325746 164.54723222932108 13
      vertex 114.07569240481953 164.27783708426708 14
      vertex 114.00350819325746 164.54723222932108 14
    endloop
  endfacet
  facet normal 0 0 -1
    outer loop
      vertex 114.00350819325746 164.54723222932108 13
      vertex 220 168.75 13
      vertex 220.13087311387062 168.74771559983492 13
    endloop
  endfacet
  facet normal 0 0 -1
    outer loop
      vertex 114.00350819325746 164.54723222932108 13
      vertex 220.13087311387062 168.74771559983492 13
      vertex 220.2615867778659 168.74086518585682 13
    endloop
  endfacet
  facet normal 0 0 -1
    outer loop
      vertex 114.00350819325746 164.54723222932108 13
      vertex 220.2615867778659 168.74086518585682 13
      vertex 220.39198173582554 168.72945711016655 13
    endloop
  endfacet
  facet normal 0 0 -1
    outer loop
      vertex 114.00350819325746 164.54723222932108 13
      vertex 220.39198173582554 168.72945711016655 13
      vertex 220.5218991264701 168.71350526064634 13
    endloop
  endfacet
  facet normal 0 0 -1
    outer loop
      vertex 114.00350819325746 164.54723222932108 13
      vertex 220.5218991264701 168.71350526064634 13
      vertex 220.65118066966534 168.69302907586098 13
    endloop
  endfacet
  facet normal 0 0 -1
    outer loop
      vertex 114.00350819325746 164.54723222932108 13
      vertex 220.65118066966534 168.69302907586098 13
      vertex 220.77966883778572 168.6680535003543 13
    endloop
  endfacet
  facet normal 0 0 -1
    outer loop
      vertex 114.00350819325746 164.54723222932108 13
      vertex 220.77966883778572 168.6680535003543 13
      vertex 114.07569240481953 164.27783708426708 13
    endloop
  endfacet
  facet normal 0 0 1
    outer loop
      vertex 114.00350819325746 164.54723222932108 14
      vertex 114.07569240481953 164.27783708426708 14
      vertex 214 159 14
    endloop
  endfacet
  facet normal -0.9961946980917478 0.08715574274763256 0
    outer loop
      vertex 114.07569240481953 5.722162915732912 13
      vertex 114.07569240481953 5.722162915732912 14
      vertex 114.1 6 13
    endloop
  endfacet
  facet normal 0 0 -1
    outer loop
      vertex 114.07569240481953 5.722162915732912 13
      vertex 114.1 6 13
      vertex 215 10 13
    endloop
  endfacet
  facet normal -0.9961946980917478 0.08715574274763256 0
    outer loop
      vertex 114.07569240481953 5.722162915732912 14
      vertex 114.1 6 14
      vertex 114.1 6 13
    endloop
  endfacet
  facet normal 0 0 1
    outer loop
      vertex 114.07569240481953 5.722162915732912 14
      vertex 214 11 14
      vertex 114.1 6 14
    endloop
  endfacet
  facet normal -0.9961946980917478 -0.08715574274763256 0
    outer loop
      vertex 114.07569240481953 6.277837084267088 13
      vertex 114.1 6 13
      vertex 114.1 6 14
    endloop
  endfacet
  facet normal -0.9961946980917478 -0.08715574274763256 0
    outer loop
      vertex 114.07569240481953 6.277837084267088 13
      vertex 114.1 6 14
      vertex 114.07569240481953 6.277837084267088 14
    endloop
  endfacet
  facet normal 0 0 -1
    outer loop
      vertex 114.07569240481953 6.277837084267088 13
      vertex 215 10 13
      vertex 114.1 6 13
    endloop
  endfacet
  facet normal 0 0 1
    outer loop
      vertex 114.07569240481953 6.277837084267088 14
      vertex 114.1 6 14
      vertex 214 11 14
    endloop
  endfacet
  facet normal -0.9961946980917475 0.08715574274763617 0
    outer loop
      vertex 114.07569240481953 163.72216291573292 13
      vertex 114.07569240481953 163.72216291573292 14
      vertex 114.1 164 13
    endloop
  endfacet
  facet normal 0 0 -1
    outer loop
      vertex 114.07569240481953 163.72216291573292 13
      vertex 114.1 164 13
      vertex 222.60496889054775 167.69752424955368 13
    endloop
  endfacet
  facet normal -0.9961946980917475 0.08715574274763617 0
    outer loop
      vertex 114.07569240481953 163.72216291573292 14
      vertex 114.1 164 14
      vertex 114.1 164 13
    endloop
  endfacet
  facet normal 0 0 1
    outer loop
      vertex 114.07569240481953 163.72216291573292 14
      vertex 214 159 14
      vertex 114.1 164 14
    endloop
  endfacet
  facet normal -0.9961946980917475 -0.08715574274763617 0
    outer loop
      vertex 114.07569240481953 164.27783708426708 13
      vertex 114.1 164 13
      vertex 114.1 164 14
    endloop
  endfacet
  facet normal -0.9961946980917475 -0.08715574274763617 0
    outer loop
      vertex 114.07569240481953 164.27783708426708 13
      vertex 114.1 164 14
      vertex 114.07569240481953 164.27783708426708 14
    endloop
  endfacet
  facet normal 0 0 -1
    outer loop
      vertex 114.07569240481953 164.27783708426708 13
      vertex 220.77966883778572 168.6680535003543 13
      vertex 220.90720710903406 168.6386089771986 13
    endloop
  endfacet
  facet normal 0 0 -1
    outer loop
      vertex 114.07569240481953 164.27783708426708 13
      vertex 220.90720710903406 168.6386089771986 13
      vertex 221.03364008665085 168.60473135858774 13
    endloop
  endfacet
  facet normal 0 0 -1
    outer loop
      vertex 114.07569240481953 164.27783708426708 13
      vertex 221.03364008665085 168.60473135858774 13
      vertex 221.15881372988224 168.56646193563938 13
    endloop
  endfacet
  facet normal 0 0 -1
    outer loop
      vertex 114.07569240481953 164.27783708426708 13
      vertex 221.15881372988224 168.56646193563938 13
      vertex 221.28257554024458 168.52384732663631 13
    endloop
  endfacet
  facet normal 0 0 -1
    outer loop
      vertex 114.07569240481953 164.27783708426708 13
      vertex 221.28257554024458 168.52384732663631 13
      vertex 221.40477472543716 168.47693945467472 13
    endloop
  endfacet
  facet normal 0 0 -1
    outer loop
      vertex 114.07569240481953 164.27783708426708 13
      vertex 221.40477472543716 168.47693945467472 13
      vertex 221.5252624079585 168.42579546570778 13
    endloop
  endfacet
  facet normal 0 0 -1
    outer loop
      vertex 114.07569240481953 164.27783708426708 13
      vertex 221.5252624079585 168.42579546570778 13
      vertex 221.64389180392027 168.3704776763916 13
    endloop
  endfacet
  facet normal 0 0 -1
    outer loop
      vertex 114.07569240481953 164.27783708426708 13
      vertex 221.64389180392027 168.3704776763916 13
      vertex 221.7605183571577 168.3110534697771 13
    endloop
  endfacet
  facet normal 0 0 -1
    outer loop
      vertex 114.07569240481953 164.27783708426708 13
      vertex 221.7605183571577 168.3110534697771 13
      vertex 221.875 168.2475952655077 13
    endloop
  endfacet
  facet normal 0 0 -1
    outer loop
      vertex 114.07569240481953 164.27783708426708 13
      vertex 221.875 168.2475952655077 13
      vertex 221.9871972426772 168.18018036335707 13
    endloop
  endfacet
  facet normal 0 0 -1
    outer loop
      vertex 114.07569240481953 164.27783708426708 13
      vertex 221.9871972426772 168.18018036335707 13
      vertex 114.1 164 13
    endloop
  endfacet
  facet normal 0 0 1
    outer loop
      vertex 114.07569240481953 164.27783708426708 14
      vertex 114.1 164 14
      vertex 214 159 14
    endloop
  endfacet
  facet normal 0 0 -1
    outer loop
      vertex 114.1 164 13
      vertex 221.9871972426772 168.18018036335707 13
      vertex 222.09697338938713 168.10889089852571 13
    endloop
  endfacet
  facet normal 0 0 -1
    outer loop
      vertex 114.1 164 13
      vertex 222.09697338938713 168.10889089852571 13
      vertex 222.20419469475746 168.03381372988224 13
    endloop
  endfacet
  facet normal 0 0 -1
    outer loop
      vertex 114.1 164 13
      vertex 222.20419469475746 168.03381372988224 13
      vertex 222.30873053520918 167.95504032820463 13
    endloop
  endfacet
  facet normal 0 0 -1
    outer loop
      vertex 114.1 164 13
      vertex 222.30873053520918 167.95504032820463 13
      vertex 222.4104535356164 167.87266666442156 13
    endloop
  endfacet
  facet normal 0 0 -1
    outer loop
      vertex 114.1 164 13
      vertex 222.4104535356164 167.87266666442156 13
      vertex 222.50923977047205 167.78679309785366 13
    endloop
  endfacet
  facet normal 0 0 -1
    outer loop
      vertex 114.1 164 13
      vertex 222.50923977047205 167.78679309785366 13
      vertex 222.60496889054775 167.69752424955368 13
    endloop
  endfacet
  facet normal 0 0 -1
    outer loop
      vertex 201.00999231360493 23.99000768639508 0
      vertex 201.00999231360493 146.00999231360493 0
      vertex 202 147 0
    endloop
  endfacet
  facet normal 0 0 -1
    outer loop
      vertex 201.00999231360493 23.99000768639508 0
      vertex 202 147 0
      vertex 202 23 0
    endloop
  endfacet
  facet normal -0.707378588491103 0 0.7068348693608251
    outer loop
      vertex 201.00999231360493 23.99000768639508 0
      vertex 214 11 13
      vertex 201.00999231360493 146.00999231360493 0
    endloop
  endfacet
  facet normal -0.707378588491103 0 0.7068348693608252
    outer loop
      vertex 201.00999231360493 146.00999231360493 0
      vertex 214 11 13
      vertex 214 159 13
    endloop
  endfacet
  facet normal 0.7068346600771884 0 -0.7073787976138144
    outer loop
      vertex 202 23 0
      vertex 202 147 0
      vertex 215 10 12.99
    endloop
  endfacet
  facet normal 0.7068346600771883 0 -0.7073787976138144
    outer loop
      vertex 202 147 0
      vertex 215 160 12.99
      vertex 215 10 12.99
    endloop
  endfacet
  facet normal -1 0 0
    outer loop
      vertex 214 11 13
      vertex 214 11 14
      vertex 214 159 13
    endloop
  endfacet
  facet normal -1 0 0
    outer loop
      vertex 214 11 14
      vertex 214 159 14
      vertex 214 159 13
    endloop
  endfacet
  facet normal 0 0 1
    outer loop
      vertex 214 11 14
      vertex 217.4 6 14
      vertex 217.42430759518047 6.277837084267088 14
    endloop
  endfacet
  facet normal 0 0 1
    outer loop
      vertex 214 11 14
      vertex 217.42430759518047 5.722162915732912 14
      vertex 217.4 6 14
    endloop
  endfacet
  facet normal 0 0 1
    outer loop
      vertex 214 11 14
      vertex 217.42430759518047 6.277837084267088 14
      vertex 217.49649180674254 6.54723222932107 14
    endloop
  endfacet
  facet normal 0 0 1
    outer loop
      vertex 214 11 14
      vertex 217.49649180674254 5.45276777067893 14
      vertex 217.42430759518047 5.722162915732912 14
    endloop
  endfacet
  facet normal 0 0 1
    outer loop
      vertex 214 11 14
      vertex 217.49649180674254 6.54723222932107 14
      vertex 217.6143593539449 6.8 14
    endloop
  endfacet
  facet normal 0 0 1
    outer loop
      vertex 214 11 14
      vertex 217.6143593539449 5.2 14
      vertex 217.49649180674254 5.45276777067893 14
    endloop
  endfacet
  facet normal 0 0 1
    outer loop
      vertex 214 11 14
      vertex 217.6143593539449 6.8 14
      vertex 217.77432889100965 7.028460175498463 14
    endloop
  endfacet
  facet normal 0 0 1
    outer loop
      vertex 214 11 14
      vertex 217.77432889100965 7.028460175498463 14
      vertex 217.97153982450155 7.225671108990365 14
    endloop
  endfacet
  facet normal 0 0 1
    outer loop
      vertex 214 11 14
      vertex 217.97153982450155 7.225671108990365 14
      vertex 218.2 7.385640646055101 14
    endloop
  endfacet
  facet normal 0 0 1
    outer loop
      vertex 214 11 14
      vertex 218.2 7.385640646055101 14
      vertex 218.45276777067892 7.503508193257454 14
    endloop
  endfacet
  facet normal 0 0 1
    outer loop
      vertex 214 11 14
      vertex 218.45276777067892 7.503508193257454 14
      vertex 218.72216291573292 7.575692404819533 14
    endloop
  endfacet
  facet normal 0 0 1
    outer loop
      vertex 214 11 14
      vertex 218.72216291573292 7.575692404819533 14
      vertex 219 7.6 14
    endloop
  endfacet
  facet normal 0 0 1
    outer loop
      vertex 214 11 14
      vertex 219 7.6 14
      vertex 219.27783708426708 7.575692404819533 14
    endloop
  endfacet
  facet normal 0 0 1
    outer loop
      vertex 214 11 14
      vertex 219.27783708426708 7.575692404819533 14
      vertex 219.54723222932108 7.503508193257454 14
    endloop
  endfacet
  facet normal 0 0 1
    outer loop
      vertex 214 11 14
      vertex 219.54723222932108 7.503508193257454 14
      vertex 219.8 7.385640646055101 14
    endloop
  endfacet
  facet normal 0 0 1
    outer loop
      vertex 214 11 14
      vertex 219.8 7.385640646055101 14
      vertex 223.75 5 14
    endloop
  endfacet
  facet normal 0 0 1
    outer loop
      vertex 214 11 14
      vertex 220 1.25 14
      vertex 217.6143593539449 5.2 14
    endloop
  endfacet
  facet normal 0 0 1
    outer loop
      vertex 214 11 14
      vertex 223.75 5 14
      vertex 214 159 14
    endloop
  endfacet
  facet normal 0 0 1
    outer loop
      vertex 214 159 14
      vertex 217.4 164 14
      vertex 217.42430759518047 164.27783708426708 14
    endloop
  endfacet
  facet normal 0 0 1
    outer loop
      vertex 214 159 14
      vertex 217.42430759518047 163.72216291573292 14
      vertex 217.4 164 14
    endloop
  endfacet
  facet normal 0 0 1
    outer loop
      vertex 214 159 14
      vertex 217.42430759518047 164.27783708426708 14
      vertex 217.49649180674254 164.54723222932108 14
    endloop
  endfacet
  facet normal 0 0 1
    outer loop
      vertex 214 159 14
      vertex 217.49649180674254 163.45276777067892 14
      vertex 217.42430759518047 163.72216291573292 14
    endloop
  endfacet
  facet normal 0 0 1
    outer loop
      vertex 214 159 14
      vertex 217.49649180674254 164.54723222932108 14
      vertex 217.6143593539449 164.8 14
    endloop
  endfacet
  facet normal 0 0 1
    outer loop
      vertex 214 159 14
      vertex 217.6143593539449 163.2 14
      vertex 217.49649180674254 163.45276777067892 14
    endloop
  endfacet
  facet normal 0 0 1
    outer loop
      vertex 214 159 14
      vertex 217.6143593539449 164.8 14
      vertex 220 168.75 14
    endloop
  endfacet
  facet normal 0 0 1
    outer loop
      vertex 214 159 14
      vertex 217.77432889100965 162.97153982450155 14
      vertex 217.6143593539449 163.2 14
    endloop
  endfacet
  facet normal 0 0 1
    outer loop
      vertex 214 159 14
      vertex 217.97153982450155 162.77432889100965 14
      vertex 217.77432889100965 162.97153982450155 14
    endloop
  endfacet
  facet normal 0 0 1
    outer loop
      vertex 214 159 14
      vertex 218.2 162.6143593539449 14
      vertex 217.97153982450155 162.77432889100965 14
    endloop
  endfacet
  facet normal 0 0 1
    outer loop
      vertex 214 159 14
      vertex 218.45276777067892 162.49649180674254 14
      vertex 218.2 162.6143593539449 14
    endloop
  endfacet
  facet normal 0 0 1
    outer loop
      vertex 214 159 14
      vertex 218.72216291573292 162.42430759518047 14
      vertex 218.45276777067892 162.49649180674254 14
    endloop
  endfacet
  facet normal 0 0 1
    outer loop
      vertex 214 159 14
      vertex 219 162.4 14
      vertex 218.72216291573292 162.42430759518047 14
    endloop
  endfacet
  facet normal 0 0 1
    outer loop
      vertex 214 159 14
      vertex 219.27783708426708 162.42430759518047 14
      vertex 219 162.4 14
    endloop
  endfacet
  facet normal 0 0 1
    outer loop
      vertex 214 159 14
      vertex 219.54723222932108 162.49649180674254 14
      vertex 219.27783708426708 162.42430759518047 14
    endloop
  endfacet
  facet normal 0 0 1
    outer loop
      vertex 214 159 14
      vertex 219.8 162.6143593539449 14
      vertex 219.54723222932108 162.49649180674254 14
    endloop
  endfacet
  facet normal 0 0 1
    outer loop
      vertex 214 159 14
      vertex 223.75 5 14
      vertex 223.75 165 14
    endloop
  endfacet
  facet normal 0 0 1
    outer loop
      vertex 214 159 14
      vertex 223.75 165 14
      vertex 219.8 162.6143593539449 14
    endloop
  endfacet
  facet normal 1 0 0
    outer loop
      vertex 215 10 12.99
      vertex 215 160 12.99
      vertex 215 160 13
    endloop
  endfacet
  facet normal 1 0 0
    outer loop
      vertex 215 10 12.99
      vertex 215 160 13
      vertex 215 10 13
    endloop
  endfacet
  facet normal 0 0 -1
    outer loop
      vertex 215 10 13
      vertex 215 160 13
      vertex 218.45276777067892 7.503508193257454 13
    endloop
  endfacet
  facet normal 0 0 -1
    outer loop
      vertex 215 10 13
      vertex 217.4 6 13
      vertex 217.42430759518047 5.722162915732912 13
    endloop
  endfacet
  facet normal 0 0 -1
    outer loop
      vertex 215 10 13
      vertex 217.42430759518047 6.277837084267088 13
      vertex 217.4 6 13
    endloop
  endfacet
  facet normal 0 0 -1
    outer loop
      vertex 215 10 13
      vertex 217.49649180674254 6.54723222932107 13
      vertex 217.42430759518047 6.277837084267088 13
    endloop
  endfacet
  facet normal 0 0 -1
    outer loop
      vertex 215 10 13
      vertex 217.6143593539449 6.8 13
      vertex 217.49649180674254 6.54723222932107 13
    endloop
  endfacet
  facet normal 0 0 -1
    outer loop
      vertex 215 10 13
      vertex 217.77432889100965 7.028460175498463 13
      vertex 217.6143593539449 6.8 13
    endloop
  endfacet
  facet normal 0 0 -1
    outer loop
      vertex 215 10 13
      vertex 217.97153982450155 7.225671108990365 13
      vertex 217.77432889100965 7.028460175498463 13
    endloop
  endfacet
  facet normal 0 0 -1
    outer loop
      vertex 215 10 13
      vertex 218.2 7.385640646055101 13
      vertex 217.97153982450155 7.225671108990365 13
    endloop
  endfacet
  facet normal 0 0 -1
    outer loop
      vertex 215 10 13
      vertex 218.45276777067892 7.503508193257454 13
      vertex 218.2 7.385640646055101 13
    endloop
  endfacet
  facet normal 0 0 -1
    outer loop
      vertex 215 160 13
      vertex 217.4 164 13
      vertex 217.42430759518047 163.72216291573292 13
    endloop
  endfacet
  facet normal 0 0 -1
    outer loop
      vertex 215 160 13
      vertex 217.42430759518047 163.72216291573292 13
      vertex 217.49649180674254 163.45276777067892 13
    endloop
  endfacet
  facet normal 0 0 -1
    outer loop
      vertex 215 160 13
      vertex 217.49649180674254 163.45276777067892 13
      vertex 217.6143593539449 163.2 13
    endloop
  endfacet
  facet normal 0 0 -1
    outer loop
      vertex 215 160 13
      vertex 217.6143593539449 163.2 13
      vertex 217.77432889100965 162.97153982450155 13
    endloop
  endfacet
  facet normal 0 0 -1
    outer loop
      vertex 215 160 13
      vertex 217.77432889100965 162.97153982450155 13
      vertex 217.97153982450155 162.77432889100965 13
    endloop
  endfacet
  facet normal 0 0 -1
    outer loop
      vertex 215 160 13
      vertex 217.97153982450155 162.77432889100965 13
      vertex 218.2 162.6143593539449 13
    endloop
  endfacet
  facet normal 0 0 -1
    outer loop
      vertex 215 160 13
      vertex 218.2 162.6143593539449 13
      vertex 218.45276777067892 162.49649180674254 13
    endloop
  endfacet
  facet normal 0 0 -1
    outer loop
      vertex 215 160 13
      vertex 218.45276777067892 162.49649180674254 13
      vertex 218.72216291573292 162.42430759518047 13
    endloop
  endfacet
  facet normal 0 0 -1
    outer loop
      vertex 215 160 13
      vertex 218.72216291573292 7.575692404819533 13
      vertex 218.45276777067892 7.503508193257454 13
    endloop
  endfacet
  facet normal 0 0 -1
    outer loop
      vertex 215 160 13
      vertex 218.72216291573292 162.42430759518047 13
      vertex 219 162.4 13
    endloop
  endfacet
  facet normal 0 0 -1
    outer loop
      vertex 215 160 13
      vertex 219 7.6 13
      vertex 218.72216291573292 7.575692404819533 13
    endloop
  endfacet
  facet normal 0 0 -1
    outer loop
      vertex 215 160 13
      vertex 219 162.4 13
      vertex 219.27783708426708 162.42430759518047 13
    endloop
  endfacet
  facet normal 0 0 -1
    outer loop
      vertex 215 160 13
      vertex 219.27783708426708 7.575692404819533 13
      vertex 219 7.6 13
    endloop
  endfacet
  facet normal 0 0 -1
    outer loop
      vertex 215 160 13
      vertex 219.27783708426708 162.42430759518047 13
      vertex 223.75 5 13
    endloop
  endfacet
  facet normal 0 0 -1
    outer loop
      vertex 215 160 13
      vertex 219.54723222932108 7.503508193257454 13
      vertex 219.27783708426708 7.575692404819533 13
    endloop
  endfacet
  facet normal 0 0 -1
    outer loop
      vertex 215 160 13
      vertex 219.8 7.385640646055101 13
      vertex 219.54723222932108 7.503508193257454 13
    endloop
  endfacet
  facet normal 0 0 -1
    outer loop
      vertex 215 160 13
      vertex 220.02846017549845 7.225671108990365 13
      vertex 219.8 7.385640646055101 13
    endloop
  endfacet
  facet normal 0 0 -1
    outer loop
      vertex 215 160 13
      vertex 220.22567110899035 7.028460175498463 13
      vertex 220.02846017549845 7.225671108990365 13
    endloop
  endfacet
  facet normal 0 0 -1
    outer loop
      vertex 215 160 13
      vertex 220.3856406460551 6.8 13
      vertex 220.22567110899035 7.028460175498463 13
    endloop
  endfacet
  facet normal 0 0 -1
    outer loop
      vertex 215 160 13
      vertex 220.50350819325746 6.54723222932107 13
      vertex 220.3856406460551 6.8 13
    endloop
  endfacet
  facet normal 0 0 -1
    outer loop
      vertex 215 160 13
      vertex 220.57569240481953 6.277837084267088 13
      vertex 220.50350819325746 6.54723222932107 13
    endloop
  endfacet
  facet normal 0 0 -1
    outer loop
      vertex 215 160 13
      vertex 220.6 6 13
      vertex 220.57569240481953 6.277837084267088 13
    endloop
  endfacet
  facet normal 0 0 -1
    outer loop
      vertex 215 160 13
      vertex 222.69752424955368 2.3950311094522476 13
      vertex 220.6 6 13
    endloop
  endfacet
  facet normal 0 0 -1
    outer loop
      vertex 215 160 13
      vertex 222.78679309785366 2.4907602295279503 13
      vertex 222.69752424955368 2.3950311094522476 13
    endloop
  endfacet
  facet normal 0 0 -1
    outer loop
      vertex 215 160 13
      vertex 222.87266666442156 2.589546464383602 13
      vertex 222.78679309785366 2.4907602295279503 13
    endloop
  endfacet
  facet normal 0 0 -1
    outer loop
      vertex 215 160 13
      vertex 222.95504032820463 2.691269464790821 13
      vertex 222.87266666442156 2.589546464383602 13
    endloop
  endfacet
  facet normal 0 0 -1
    outer loop
      vertex 215 160 13
      vertex 223.03381372988224 2.7958053052425385 13
      vertex 222.95504032820463 2.691269464790821 13
    endloop
  endfacet
  facet normal 0 0 -1
    outer loop
      vertex 215 160 13
      vertex 223.10889089852571 2.9030266106128693 13
      vertex 223.03381372988224 2.7958053052425385 13
    endloop
  endfacet
  facet normal 0 0 -1
    outer loop
      vertex 215 160 13
      vertex 223.18018036335707 3.0128027573227882 13
      vertex 223.10889089852571 2.9030266106128693 13
    endloop
  endfacet
  facet normal 0 0 -1
    outer loop
      vertex 215 160 13
      vertex 223.2475952655077 3.125 13
      vertex 223.18018036335707 3.0128027573227882 13
    endloop
  endfacet
  facet normal 0 0 -1
    outer loop
      vertex 215 160 13
      vertex 223.3110534697771 3.239481642842293 13
      vertex 223.2475952655077 3.125 13
    endloop
  endfacet
  facet normal 0 0 -1
    outer loop
      vertex 215 160 13
      vertex 223.3704776763916 3.356108196079731 13
      vertex 223.3110534697771 3.239481642842293 13
    endloop
  endfacet
  facet normal 0 0 -1
    outer loop
      vertex 215 160 13
      vertex 223.42579546570778 3.4747375920414925 13
      vertex 223.3704776763916 3.356108196079731 13
    endloop
  endfacet
  facet normal 0 0 -1
    outer loop
      vertex 215 160 13
      vertex 223.47693945467472 3.5952252745628357 13
      vertex 223.42579546570778 3.4747375920414925 13
    endloop
  endfacet
  facet normal 0 0 -1
    outer loop
      vertex 215 160 13
      vertex 223.52384732663631 3.7174244597554207 13
      vertex 223.47693945467472 3.5952252745628357 13
    endloop
  endfacet
  facet normal 0 0 -1
    outer loop
      vertex 215 160 13
      vertex 223.56646193563938 3.8411862701177597 13
      vertex 223.52384732663631 3.7174244597554207 13
    endloop
  endfacet
  facet normal 0 0 -1
    outer loop
      vertex 215 160 13
      vertex 223.60473135858774 3.9663599133491516 13
      vertex 223.56646193563938 3.8411862701177597 13
    endloop
  endfacet
  facet normal 0 0 -1
    outer loop
      vertex 215 160 13
      vertex 223.6386089771986 4.092792890965939 13
      vertex 223.60473135858774 3.9663599133491516 13
    endloop
  endfacet
  facet normal 0 0 -1
    outer loop
      vertex 215 160 13
      vertex 223.6680535003543 4.220331162214279 13
      vertex 223.6386089771986 4.092792890965939 13
    endloop
  endfacet
  facet normal 0 0 -1
    outer loop
      vertex 215 160 13
      vertex 223.69302907586098 4.348819330334663 13
      vertex 223.6680535003543 4.220331162214279 13
    endloop
  endfacet
  facet normal 0 0 -1
    outer loop
      vertex 215 160 13
      vertex 223.71350526064634 4.478100873529911 13
      vertex 223.69302907586098 4.348819330334663 13
    endloop
  endfacet
  facet normal 0 0 -1
    outer loop
      vertex 215 160 13
      vertex 223.72945711016655 4.608018264174461 13
      vertex 223.71350526064634 4.478100873529911 13
    endloop
  endfacet
  facet normal 0 0 -1
    outer loop
      vertex 215 160 13
      vertex 223.74086518585682 4.738413222134113 13
      vertex 223.72945711016655 4.608018264174461 13
    endloop
  endfacet
  facet normal 0 0 -1
    outer loop
      vertex 215 160 13
      vertex 223.74771559983492 4.869126886129379 13
      vertex 223.74086518585682 4.738413222134113 13
    endloop
  endfacet
  facet normal 0 0 -1
    outer loop
      vertex 215 160 13
      vertex 223.75 5 13
      vertex 223.74771559983492 4.869126886129379 13
    endloop
  endfacet
  facet normal 0.9961946980917478 0.08715574274763256 0
    outer loop
      vertex 217.4 6 13
      vertex 217.4 6 14
      vertex 217.42430759518047 5.722162915732912 13
    endloop
  endfacet
  facet normal 0.9961946980917478 -0.08715574274763256 0
    outer loop
      vertex 217.4 6 13
      vertex 217.42430759518047 6.277837084267088 13
      vertex 217.42430759518047 6.277837084267088 14
    endloop
  endfacet
  facet normal 0.9961946980917478 -0.08715574274763256 0
    outer loop
      vertex 217.4 6 13
      vertex 217.42430759518047 6.277837084267088 14
      vertex 217.4 6 14
    endloop
  endfacet
  facet normal 0.9961946980917478 0.08715574274763256 0
    outer loop
      vertex 217.4 6 14
      vertex 217.42430759518047 5.722162915732912 14
      vertex 217.42430759518047 5.722162915732912 13
    endloop
  endfacet
  facet normal 0.9961946980917475 0.08715574274763617 0
    outer loop
      vertex 217.4 164 13
      vertex 217.4 164 14
      vertex 217.42430759518047 163.72216291573292 13
    endloop
  endfacet
  facet normal 0.9961946980917475 -0.08715574274763617 0
    outer loop
      vertex 217.4 164 13
      vertex 217.42430759518047 164.27783708426708 13
      vertex 217.42430759518047 164.27783708426708 14
    endloop
  endfacet
  facet normal 0.9961946980917475 -0.08715574274763617 0
    outer loop
      vertex 217.4 164 13
      vertex 217.42430759518047 164.27783708426708 14
      vertex 217.4 164 14
    endloop
  endfacet
  facet normal 0.9961946980917475 0.08715574274763617 0
    outer loop
      vertex 217.4 164 14
      vertex 217.42430759518047 163.72216291573292 14
      vertex 217.42430759518047 163.72216291573292 13
    endloop
  endfacet
  facet normal 0.9659258262890728 0.25881904510250414 0
    outer loop
      vertex 217.42430759518047 5.722162915732912 13
      vertex 217.42430759518047 5.722162915732912 14
      vertex 217.49649180674254 5.45276777067893 13
    endloop
  endfacet
  facet normal 0.9659258262890728 0.25881904510250414 0
    outer loop
      vertex 217.42430759518047 5.722162915732912 14
      vertex 217.49649180674254 5.45276777067893 14
      vertex 217.49649180674254 5.45276777067893 13
    endloop
  endfacet
  facet normal 0.9659258262890728 -0.25881904510250414 0
    outer loop
      vertex 217.42430759518047 6.277837084267088 13
      vertex 217.49649180674254 6.54723222932107 13
      vertex 217.49649180674254 6.54723222932107 14
    endloop
  endfacet
  facet normal 0.9659258262890728 -0.25881904510250414 0
    outer loop
      vertex 217.42430759518047 6.277837084267088 13
      vertex 217.49649180674254 6.54723222932107 14
      vertex 217.42430759518047 6.277837084267088 14
    endloop
  endfacet
  facet normal 0.9659258262890785 0.25881904510248266 0
    outer loop
      vertex 217.42430759518047 163.72216291573292 13
      vertex 217.42430759518047 163.72216291573292 14
      vertex 217.49649180674254 163.45276777067892 13
    endloop
  endfacet
  facet normal 0.9659258262890785 0.25881904510248266 0
    outer loop
      vertex 217.42430759518047 163.72216291573292 14
      vertex 217.49649180674254 163.45276777067892 14
      vertex 217.49649180674254 163.45276777067892 13
    endloop
  endfacet
  facet normal 0.9659258262890785 -0.25881904510248266 0
    outer loop
      vertex 217.42430759518047 164.27783708426708 13
      vertex 217.49649180674254 164.54723222932108 13
      vertex 217.49649180674254 164.54723222932108 14
    endloop
  endfacet
  facet normal 0.9659258262890785 -0.25881904510248266 0
    outer loop
      vertex 217.42430759518047 164.27783708426708 13
      vertex 217.49649180674254 164.54723222932108 14
      vertex 217.42430759518047 164.27783708426708 14
    endloop
  endfacet
  facet normal 0.9063077870366306 0.4226182617407407 0
    outer loop
      vertex 217.49649180674254 5.45276777067893 13
      vertex 217.49649180674254 5.45276777067893 14
      vertex 217.6143593539449 5.2 13
    endloop
  endfacet
  facet normal 0.9063077870366306 0.4226182617407407 0
    outer loop
      vertex 217.49649180674254 5.45276777067893 14
      vertex 217.6143593539449 5.2 14
      vertex 217.6143593539449 5.2 13
    endloop
  endfacet
  facet normal 0.9063077870366306 -0.4226182617407407 0
    outer loop
      vertex 217.49649180674254 6.54723222932107 13
      vertex 217.6143593539449 6.8 13
      vertex 217.6143593539449 6.8 14
    endloop
  endfacet
  facet normal 0.9063077870366306 -0.4226182617407407 0
    outer loop
      vertex 217.49649180674254 6.54723222932107 13
      vertex 217.6143593539449 6.8 14
      vertex 217.49649180674254 6.54723222932107 14
    endloop
  endfacet
  facet normal 0.9063077870366301 0.42261826174074196 0
    outer loop
      vertex 217.49649180674254 163.45276777067892 13
      vertex 217.49649180674254 163.45276777067892 14
      vertex 217.6143593539449 163.2 13
    endloop
  endfacet
  facet normal 0.9063077870366301 0.42261826174074196 0
    outer loop
      vertex 217.49649180674254 163.45276777067892 14
      vertex 217.6143593539449 163.2 14
      vertex 217.6143593539449 163.2 13
    endloop
  endfacet
  facet normal 0.9063077870366301 -0.42261826174074196 0
    outer loop
      vertex 217.49649180674254 164.54723222932108 13
      vertex 217.6143593539449 164.8 13
      vertex 217.6143593539449 164.8 14
    endloop
  endfacet
  facet normal 0.9063077870366301 -0.42261826174074196 0
    outer loop
      vertex 217.49649180674254 164.54723222932108 13
      vertex 217.6143593539449 164.8 14
      vertex 217.49649180674254 164.54723222932108 14
    endloop
  endfacet
  facet normal 0.8191520442889874 0.5735764363510523 0
    outer loop
      vertex 217.6143593539449 5.2 13
      vertex 217.6143593539449 5.2 14
      vertex 217.77432889100965 4.971539824501537 13
    endloop
  endfacet
  facet normal 0.8191520442889874 0.5735764363510523 0
    outer loop
      vertex 217.6143593539449 5.2 14
      vertex 217.77432889100965 4.971539824501537 14
      vertex 217.77432889100965 4.971539824501537 13
    endloop
  endfacet
  facet normal 0 0 1
    outer loop
      vertex 217.6143593539449 5.2 14
      vertex 220 1.25 14
      vertex 217.77432889100965 4.971539824501537 14
    endloop
  endfacet
  facet normal 0.8191520442889874 -0.5735764363510523 0
    outer loop
      vertex 217.6143593539449 6.8 13
      vertex 217.77432889100965 7.028460175498463 13
      vertex 217.77432889100965 7.028460175498463 14
    endloop
  endfacet
  facet normal 0.8191520442889874 -0.5735764363510523 0
    outer loop
      vertex 217.6143593539449 6.8 13
      vertex 217.77432889100965 7.028460175498463 14
      vertex 217.6143593539449 6.8 14
    endloop
  endfacet
  facet normal 0.8191520442889613 0.5735764363510897 0
    outer loop
      vertex 217.6143593539449 163.2 13
      vertex 217.6143593539449 163.2 14
      vertex 217.77432889100965 162.97153982450155 13
    endloop
  endfacet
  facet normal 0.8191520442889613 0.5735764363510897 0
    outer loop
      vertex 217.6143593539449 163.2 14
      vertex 217.77432889100965 162.97153982450155 14
      vertex 217.77432889100965 162.97153982450155 13
    endloop
  endfacet
  facet normal 0.8191520442889613 -0.5735764363510897 0
    outer loop
      vertex 217.6143593539449 164.8 13
      vertex 217.77432889100965 165.02846017549845 13
      vertex 217.77432889100965 165.02846017549845 14
    endloop
  endfacet
  facet normal 0.8191520442889613 -0.5735764363510897 0
    outer loop
      vertex 217.6143593539449 164.8 13
      vertex 217.77432889100965 165.02846017549845 14
      vertex 217.6143593539449 164.8 14
    endloop
  endfacet
  facet normal 0 0 1
    outer loop
      vertex 217.6143593539449 164.8 14
      vertex 217.77432889100965 165.02846017549845 14
      vertex 220 168.75 14
    endloop
  endfacet
  facet normal 0.7071067811865476 0.7071067811865476 0
    outer loop
      vertex 217.77432889100965 4.971539824501537 13
      vertex 217.77432889100965 4.971539824501537 14
      vertex 217.97153982450155 4.774328891009635 13
    endloop
  endfacet
  facet normal 0.7071067811865476 0.7071067811865476 0
    outer loop
      vertex 217.77432889100965 4.971539824501537 14
      vertex 217.97153982450155 4.774328891009635 14
      vertex 217.97153982450155 4.774328891009635 13
    endloop
  endfacet
  facet normal 0 0 1
    outer loop
      vertex 217.77432889100965 4.971539824501537 14
      vertex 220 1.25 14
      vertex 220.13087311387062 1.252284400165081 14
    endloop
  endfacet
  facet normal 0 0 1
    outer loop
      vertex 217.77432889100965 4.971539824501537 14
      vertex 220.13087311387062 1.252284400165081 14
      vertex 217.97153982450155 4.774328891009635 14
    endloop
  endfacet
  facet normal 0.7071067811865476 -0.7071067811865476 0
    outer loop
      vertex 217.77432889100965 7.028460175498463 13
      vertex 217.97153982450155 7.225671108990365 13
      vertex 217.97153982450155 7.225671108990365 14
    endloop
  endfacet
  facet normal 0.7071067811865476 -0.7071067811865476 0
    outer loop
      vertex 217.77432889100965 7.028460175498463 13
      vertex 217.97153982450155 7.225671108990365 14
      vertex 217.77432889100965 7.028460175498463 14
    endloop
  endfacet
  facet normal 0.7071067811865476 0.7071067811865476 0
    outer loop
      vertex 217.77432889100965 162.97153982450155 13
      vertex 217.77432889100965 162.97153982450155 14
      vertex 217.97153982450155 162.77432889100965 13
    endloop
  endfacet
  facet normal 0.7071067811865476 0.7071067811865476 0
    outer loop
      vertex 217.77432889100965 162.97153982450155 14
      vertex 217.97153982450155 162.77432889100965 14
      vertex 217.97153982450155 162.77432889100965 13
    endloop
  endfacet
  facet normal 0.7071067811865476 -0.7071067811865476 0
    outer loop
      vertex 217.77432889100965 165.02846017549845 13
      vertex 217.97153982450155 165.22567110899035 13
      vertex 217.97153982450155 165.22567110899035 14
    endloop
  endfacet
  facet normal 0.7071067811865476 -0.7071067811865476 0
    outer loop
      vertex 217.77432889100965 165.02846017549845 13
      vertex 217.97153982450155 165.22567110899035 14
      vertex 217.77432889100965 165.02846017549845 14
    endloop
  endfacet
  facet normal 0 0 1
    outer loop
      vertex 217.77432889100965 165.02846017549845 14
      vertex 217.97153982450155 165.22567110899035 14
      vertex 220 168.75 14
    endloop
  endfacet
  facet normal 0.5735764363510811 0.8191520442889673 0
    outer loop
      vertex 217.97153982450155 4.774328891009635 13
      vertex 217.97153982450155 4.774328891009635 14
      vertex 218.2 4.614359353944899 13
    endloop
  endfacet
  facet normal 0.5735764363510811 0.8191520442889673 0
    outer loop
      vertex 217.97153982450155 4.774328891009635 14
      vertex 218.2 4.614359353944899 14
      vertex 218.2 4.614359353944899 13
    endloop
  endfacet
  facet normal 0 0 1
    outer loop
      vertex 217.97153982450155 4.774328891009635 14
      vertex 220.13087311387062 1.252284400165081 14
      vertex 220.2615867778659 1.2591348141431808 14
    endloop
  endfacet
  facet normal 0 0 1
    outer loop
      vertex 217.97153982450155 4.774328891009635 14
      vertex 220.2615867778659 1.2591348141431808 14
      vertex 220.39198173582554 1.2705428898334503 14
    endloop
  endfacet
  facet normal 0 0 1
    outer loop
      vertex 217.97153982450155 4.774328891009635 14
      vertex 220.39198173582554 1.2705428898334503 14
      vertex 218.2 4.614359353944899 14
    endloop
  endfacet
  facet normal 0.5735764363510811 -0.8191520442889673 0
    outer loop
      vertex 217.97153982450155 7.225671108990365 13
      vertex 218.2 7.385640646055101 13
      vertex 218.2 7.385640646055101 14
    endloop
  endfacet
  facet normal 0.5735764363510811 -0.8191520442889673 0
    outer loop
      vertex 217.97153982450155 7.225671108990365 13
      vertex 218.2 7.385640646055101 14
      vertex 217.97153982450155 7.225671108990365 14
    endloop
  endfacet
  facet normal 0.5735764363510897 0.8191520442889613 0
    outer loop
      vertex 217.97153982450155 162.77432889100965 13
      vertex 217.97153982450155 162.77432889100965 14
      vertex 218.2 162.6143593539449 13
    endloop
  endfacet
  facet normal 0.5735764363510897 0.8191520442889613 0
    outer loop
      vertex 217.97153982450155 162.77432889100965 14
      vertex 218.2 162.6143593539449 14
      vertex 218.2 162.6143593539449 13
    endloop
  endfacet
  facet normal 0.5735764363510897 -0.8191520442889613 0
    outer loop
      vertex 217.97153982450155 165.22567110899035 13
      vertex 218.2 165.3856406460551 13
      vertex 218.2 165.3856406460551 14
    endloop
  endfacet
  facet normal 0.5735764363510897 -0.8191520442889613 0
    outer loop
      vertex 217.97153982450155 165.22567110899035 13
      vertex 218.2 165.3856406460551 14
      vertex 217.97153982450155 165.22567110899035 14
    endloop
  endfacet
  facet normal 0 0 1
    outer loop
      vertex 217.97153982450155 165.22567110899035 14
      vertex 218.2 165.3856406460551 14
      vertex 220.13087311387062 168.74771559983492 14
    endloop
  endfacet
  facet normal 0 0 1
    outer loop
      vertex 217.97153982450155 165.22567110899035 14
      vertex 220.13087311387062 168.74771559983492 14
      vertex 220 168.75 14
    endloop
  endfacet
  facet normal 0.42261826174070277 0.9063077870366485 0
    outer loop
      vertex 218.2 4.614359353944899 13
      vertex 218.2 4.614359353944899 14
      vertex 218.45276777067892 4.496491806742546 13
    endloop
  endfacet
  facet normal 0 0 -1
    outer loop
      vertex 218.2 4.614359353944899 13
      vertex 218.45276777067892 4.496491806742546 13
      vertex 220.13087311387062 1.252284400165081 13
    endloop
  endfacet
  facet normal 0 0 -1
    outer loop
      vertex 218.2 4.614359353944899 13
      vertex 220.13087311387062 1.252284400165081 13
      vertex 220 1.25 13
    endloop
  endfacet
  facet normal 0.42261826174070277 0.9063077870366485 0
    outer loop
      vertex 218.2 4.614359353944899 14
      vertex 218.45276777067892 4.496491806742546 14
      vertex 218.45276777067892 4.496491806742546 13
    endloop
  endfacet
  facet normal 0 0 1
    outer loop
      vertex 218.2 4.614359353944899 14
      vertex 220.39198173582554 1.2705428898334503 14
      vertex 220.5218991264701 1.2864947393536568 14
    endloop
  endfacet
  facet normal 0 0 1
    outer loop
      vertex 218.2 4.614359353944899 14
      vertex 220.5218991264701 1.2864947393536568 14
      vertex 218.45276777067892 4.496491806742546 14
    endloop
  endfacet
  facet normal 0.42261826174070277 -0.9063077870366485 0
    outer loop
      vertex 218.2 7.385640646055101 13
      vertex 218.45276777067892 7.503508193257454 13
      vertex 218.45276777067892 7.503508193257454 14
    endloop
  endfacet
  facet normal 0.42261826174070277 -0.9063077870366485 0
    outer loop
      vertex 218.2 7.385640646055101 13
      vertex 218.45276777067892 7.503508193257454 14
      vertex 218.2 7.385640646055101 14
    endloop
  endfacet
  facet normal 0.42261826174074196 0.9063077870366301 0
    outer loop
      vertex 218.2 162.6143593539449 13
      vertex 218.2 162.6143593539449 14
      vertex 218.45276777067892 162.49649180674254 13
    endloop
  endfacet
  facet normal 0.42261826174074196 0.9063077870366301 0
    outer loop
      vertex 218.2 162.6143593539449 14
      vertex 218.45276777067892 162.49649180674254 14
      vertex 218.45276777067892 162.49649180674254 13
    endloop
  endfacet
  facet normal 0.42261826174074196 -0.9063077870366301 0
    outer loop
      vertex 218.2 165.3856406460551 13
      vertex 218.45276777067892 165.50350819325746 13
      vertex 218.45276777067892 165.50350819325746 14
    endloop
  endfacet
  facet normal 0.42261826174074196 -0.9063077870366301 0
    outer loop
      vertex 218.2 165.3856406460551 13
      vertex 218.45276777067892 165.50350819325746 14
      vertex 218.2 165.3856406460551 14
    endloop
  endfacet
  facet normal 0 0 1
    outer loop
      vertex 218.2 165.3856406460551 14
      vertex 218.45276777067892 165.50350819325746 14
      vertex 220.39198173582554 168.72945711016655 14
    endloop
  endfacet
  facet normal 0 0 1
    outer loop
      vertex 218.2 165.3856406460551 14
      vertex 220.2615867778659 168.74086518585682 14
      vertex 220.13087311387062 168.74771559983492 14
    endloop
  endfacet
  facet normal 0 0 1
    outer loop
      vertex 218.2 165.3856406460551 14
      vertex 220.39198173582554 168.72945711016655 14
      vertex 220.2615867778659 168.74086518585682 14
    endloop
  endfacet
  facet normal 0.25881904510249754 0.9659258262890745 0
    outer loop
      vertex 218.45276777067892 4.496491806742546 13
      vertex 218.45276777067892 4.496491806742546 14
      vertex 218.72216291573292 4.424307595180467 13
    endloop
  endfacet
  facet normal 0 0 -1
    outer loop
      vertex 218.45276777067892 4.496491806742546 13
      vertex 218.72216291573292 4.424307595180467 13
      vertex 220.39198173582554 1.2705428898334503 13
    endloop
  endfacet
  facet normal 0 0 -1
    outer loop
      vertex 218.45276777067892 4.496491806742546 13
      vertex 220.2615867778659 1.2591348141431808 13
      vertex 220.13087311387062 1.252284400165081 13
    endloop
  endfacet
  facet normal 0 0 -1
    outer loop
      vertex 218.45276777067892 4.496491806742546 13
      vertex 220.39198173582554 1.2705428898334503 13
      vertex 220.2615867778659 1.2591348141431808 13
    endloop
  endfacet
  facet normal 0.25881904510249754 0.9659258262890745 0
    outer loop
      vertex 218.45276777067892 4.496491806742546 14
      vertex 218.72216291573292 4.424307595180467 14
      vertex 218.72216291573292 4.424307595180467 13
    endloop
  endfacet
  facet normal 0 0 1
    outer loop
      vertex 218.45276777067892 4.496491806742546 14
      vertex 220.5218991264701 1.2864947393536568 14
      vertex 220.65118066966534 1.3069709241390228 14
    endloop
  endfacet
  facet normal 0 0 1
    outer loop
      vertex 218.45276777067892 4.496491806742546 14
      vertex 220.65118066966534 1.3069709241390228 14
      vertex 220.77966883778572 1.33194649964571 14
    endloop
  endfacet
  facet normal 0 0 1
    outer loop
      vertex 218.45276777067892 4.496491806742546 14
      vertex 220.77966883778572 1.33194649964571 14
      vertex 220.90720710903406 1.3613910228013992 14
    endloop
  endfacet
  facet normal 0 0 1
    outer loop
      vertex 218.45276777067892 4.496491806742546 14
      vertex 220.90720710903406 1.3613910228013992 14
      vertex 218.72216291573292 4.424307595180467 14
    endloop
  endfacet
  facet normal 0.25881904510249754 -0.9659258262890745 0
    outer loop
      vertex 218.45276777067892 7.503508193257454 13
      vertex 218.72216291573292 7.575692404819533 13
      vertex 218.72216291573292 7.575692404819533 14
    endloop
  endfacet
  facet normal 0.25881904510249754 -0.9659258262890745 0
    outer loop
      vertex 218.45276777067892 7.503508193257454 13
      vertex 218.72216291573292 7.575692404819533 14
      vertex 218.45276777067892 7.503508193257454 14
    endloop
  endfacet
  facet normal 0.25881904510248266 0.9659258262890785 0
    outer loop
      vertex 218.45276777067892 162.49649180674254 13
      vertex 218.45276777067892 162.49649180674254 14
      vertex 218.72216291573292 162.42430759518047 13
    endloop
  endfacet
  facet normal 0.25881904510248266 0.9659258262890785 0
    outer loop
      vertex 218.45276777067892 162.49649180674254 14
      vertex 218.72216291573292 162.42430759518047 14
      vertex 218.72216291573292 162.42430759518047 13
    endloop
  endfacet
  facet normal 0.25881904510248266 -0.9659258262890785 0
    outer loop
      vertex 218.45276777067892 165.50350819325746 13
      vertex 218.72216291573292 165.57569240481953 13
      vertex 218.72216291573292 165.57569240481953 14
    endloop
  endfacet
  facet normal 0.25881904510248266 -0.9659258262890785 0
    outer loop
      vertex 218.45276777067892 165.50350819325746 13
      vertex 218.72216291573292 165.57569240481953 14
      vertex 218.45276777067892 165.50350819325746 14
    endloop
  endfacet
  facet normal 0 0 1
    outer loop
      vertex 218.45276777067892 165.50350819325746 14
      vertex 218.72216291573292 165.57569240481953 14
      vertex 220.5218991264701 168.71350526064634 14
    endloop
  endfacet
  facet normal 0 0 1
    outer loop
      vertex 218.45276777067892 165.50350819325746 14
      vertex 220.5218991264701 168.71350526064634 14
      vertex 220.39198173582554 168.72945711016655 14
    endloop
  endfacet
  facet normal 0.08715574274766145 0.9961946980917454 0
    outer loop
      vertex 218.72216291573292 4.424307595180467 13
      vertex 218.72216291573292 4.424307595180467 14
      vertex 219 4.4 13
    endloop
  endfacet
  facet normal 0 0 -1
    outer loop
      vertex 218.72216291573292 4.424307595180467 13
      vertex 219 4.4 13
      vertex 220.77966883778572 1.33194649964571 13
    endloop
  endfacet
  facet normal 0 0 -1
    outer loop
      vertex 218.72216291573292 4.424307595180467 13
      vertex 220.5218991264701 1.2864947393536568 13
      vertex 220.39198173582554 1.2705428898334503 13
    endloop
  endfacet
  facet normal 0 0 -1
    outer loop
      vertex 218.72216291573292 4.424307595180467 13
      vertex 220.65118066966534 1.3069709241390228 13
      vertex 220.5218991264701 1.2864947393536568 13
    endloop
  endfacet
  facet normal 0 0 -1
    outer loop
      vertex 218.72216291573292 4.424307595180467 13
      vertex 220.77966883778572 1.33194649964571 13
      vertex 220.65118066966534 1.3069709241390228 13
    endloop
  endfacet
  facet normal 0.08715574274766145 0.9961946980917454 0
    outer loop
      vertex 218.72216291573292 4.424307595180467 14
      vertex 219 4.4 14
      vertex 219 4.4 13
    endloop
  endfacet
  facet normal 0 0 1
    outer loop
      vertex 218.72216291573292 4.424307595180467 14
      vertex 220.90720710903406 1.3613910228013992 14
      vertex 221.03364008665085 1.3952686414122581 14
    endloop
  endfacet
  facet normal 0 0 1
    outer loop
      vertex 218.72216291573292 4.424307595180467 14
      vertex 221.03364008665085 1.3952686414122581 14
      vertex 221.15881372988224 1.4335380643606186 14
    endloop
  endfacet
  facet normal 0 0 1
    outer loop
      vertex 218.72216291573292 4.424307595180467 14
      vertex 221.15881372988224 1.4335380643606186 14
      vertex 219 4.4 14
    endloop
  endfacet
  facet normal 0.08715574274766145 -0.9961946980917454 0
    outer loop
      vertex 218.72216291573292 7.575692404819533 13
      vertex 219 7.6 13
      vertex 219 7.6 14
    endloop
  endfacet
  facet normal 0.08715574274766145 -0.9961946980917454 0
    outer loop
      vertex 218.72216291573292 7.575692404819533 13
      vertex 219 7.6 14
      vertex 218.72216291573292 7.575692404819533 14
    endloop
  endfacet
  facet normal 0.08715574274763617 0.9961946980917475 0
    outer loop
      vertex 218.72216291573292 162.42430759518047 13
      vertex 218.72216291573292 162.42430759518047 14
      vertex 219 162.4 13
    endloop
  endfacet
  facet normal 0.08715574274763617 0.9961946980917475 0
    outer loop
      vertex 218.72216291573292 162.42430759518047 14
      vertex 219 162.4 14
      vertex 219 162.4 13
    endloop
  endfacet
  facet normal 0.08715574274763617 -0.9961946980917475 0
    outer loop
      vertex 218.72216291573292 165.57569240481953 13
      vertex 219 165.6 13
      vertex 219 165.6 14
    endloop
  endfacet
  facet normal 0.08715574274763617 -0.9961946980917475 0
    outer loop
      vertex 218.72216291573292 165.57569240481953 13
      vertex 219 165.6 14
      vertex 218.72216291573292 165.57569240481953 14
    endloop
  endfacet
  facet normal 0 0 1
    outer loop
      vertex 218.72216291573292 165.57569240481953 14
      vertex 219 165.6 14
      vertex 220.90720710903406 168.6386089771986 14
    endloop
  endfacet
  facet normal 0 0 1
    outer loop
      vertex 218.72216291573292 165.57569240481953 14
      vertex 220.65118066966534 168.69302907586098 14
      vertex 220.5218991264701 168.71350526064634 14
    endloop
  endfacet
  facet normal 0 0 1
    outer loop
      vertex 218.72216291573292 165.57569240481953 14
      vertex 220.77966883778572 168.6680535003543 14
      vertex 220.65118066966534 168.69302907586098 14
    endloop
  endfacet
  facet normal 0 0 1
    outer loop
      vertex 218.72216291573292 165.57569240481953 14
      vertex 220.90720710903406 168.6386089771986 14
      vertex 220.77966883778572 168.6680535003543 14
    endloop
  endfacet
  facet normal -0.08715574274766145 0.9961946980917454 0
    outer loop
      vertex 219 4.4 13
      vertex 219 4.4 14
      vertex 219.27783708426708 4.424307595180467 13
    endloop
  endfacet
  facet normal 0 0 -1
    outer loop
      vertex 219 4.4 13
      vertex 219.27783708426708 4.424307595180467 13
      vertex 221.03364008665085 1.3952686414122581 13
    endloop
  endfacet
  facet normal 0 0 -1
    outer loop
      vertex 219 4.4 13
      vertex 220.90720710903406 1.3613910228013992 13
      vertex 220.77966883778572 1.33194649964571 13
    endloop
  endfacet
  facet normal 0 0 -1
    outer loop
      vertex 219 4.4 13
      vertex 221.03364008665085 1.3952686414122581 13
      vertex 220.90720710903406 1.3613910228013992 13
    endloop
  endfacet
  facet normal -0.08715574274766145 0.9961946980917454 0
    outer loop
      vertex 219 4.4 14
      vertex 219.27783708426708 4.424307595180467 14
      vertex 219.27783708426708 4.424307595180467 13
    endloop
  endfacet
  facet normal 0 0 1
    outer loop
      vertex 219 4.4 14
      vertex 221.15881372988224 1.4335380643606186 14
      vertex 221.28257554024458 1.4761526733636856 14
    endloop
  endfacet
  facet normal 0 0 1
    outer loop
      vertex 219 4.4 14
      vertex 221.28257554024458 1.4761526733636856 14
      vertex 221.40477472543716 1.5230605453252792 14
    endloop
  endfacet
  facet normal 0 0 1
    outer loop
      vertex 219 4.4 14
      vertex 221.40477472543716 1.5230605453252792 14
      vertex 221.5252624079585 1.574204534292221 14
    endloop
  endfacet
  facet normal 0 0 1
    outer loop
      vertex 219 4.4 14
      vertex 221.5252624079585 1.574204534292221 14
      vertex 219.27783708426708 4.424307595180467 14
    endloop
  endfacet
  facet normal -0.08715574274766145 -0.9961946980917454 0
    outer loop
      vertex 219 7.6 13
      vertex 219.27783708426708 7.575692404819533 13
      vertex 219.27783708426708 7.575692404819533 14
    endloop
  endfacet
  facet normal -0.08715574274766145 -0.9961946980917454 0
    outer loop
      vertex 219 7.6 13
      vertex 219.27783708426708 7.575692404819533 14
      vertex 219 7.6 14
    endloop
  endfacet
  facet normal -0.08715574274763617 0.9961946980917475 0
    outer loop
      vertex 219 162.4 13
      vertex 219 162.4 14
      vertex 219.27783708426708 162.42430759518047 13
    endloop
  endfacet
  facet normal -0.08715574274763617 0.9961946980917475 0
    outer loop
      vertex 219 162.4 14
      vertex 219.27783708426708 162.42430759518047 14
      vertex 219.27783708426708 162.42430759518047 13
    endloop
  endfacet
  facet normal -0.08715574274763617 -0.9961946980917475 0
    outer loop
      vertex 219 165.6 13
      vertex 219.27783708426708 165.57569240481953 13
      vertex 219.27783708426708 165.57569240481953 14
    endloop
  endfacet
  facet normal -0.08715574274763617 -0.9961946980917475 0
    outer loop
      vertex 219 165.6 13
      vertex 219.27783708426708 165.57569240481953 14
      vertex 219 165.6 14
    endloop
  endfacet
  facet normal 0 0 -1
    outer loop
      vertex 219 165.6 13
      vertex 222.60496889054775 167.69752424955368 13
      vertex 219.27783708426708 165.57569240481953 13
    endloop
  endfacet
  facet normal 0 0 1
    outer loop
      vertex 219 165.6 14
      vertex 219.27783708426708 165.57569240481953 14
      vertex 221.15881372988224 168.56646193563938 14
    endloop
  endfacet
  facet normal 0 0 1
    outer loop
      vertex 219 165.6 14
      vertex 221.03364008665085 168.60473135858774 14
      vertex 220.90720710903406 168.6386089771986 14
    endloop
  endfacet
  facet normal 0 0 1
    outer loop
      vertex 219 165.6 14
      vertex 221.15881372988224 168.56646193563938 14
      vertex 221.03364008665085 168.60473135858774 14
    endloop
  endfacet
  facet normal -0.25881904510249754 0.9659258262890745 0
    outer loop
      vertex 219.27783708426708 4.424307595180467 13
      vertex 219.27783708426708 4.424307595180467 14
      vertex 219.54723222932108 4.496491806742546 13
    endloop
  endfacet
  facet normal 0 0 -1
    outer loop
      vertex 219.27783708426708 4.424307595180467 13
      vertex 219.54723222932108 4.496491806742546 13
      vertex 221.40477472543716 1.5230605453252792 13
    endloop
  endfacet
  facet normal 0 0 -1
    outer loop
      vertex 219.27783708426708 4.424307595180467 13
      vertex 221.15881372988224 1.4335380643606186 13
      vertex 221.03364008665085 1.3952686414122581 13
    endloop
  endfacet
  facet normal 0 0 -1
    outer loop
      vertex 219.27783708426708 4.424307595180467 13
      vertex 221.28257554024458 1.4761526733636856 13
      vertex 221.15881372988224 1.4335380643606186 13
    endloop
  endfacet
  facet normal 0 0 -1
    outer loop
      vertex 219.27783708426708 4.424307595180467 13
      vertex 221.40477472543716 1.5230605453252792 13
      vertex 221.28257554024458 1.4761526733636856 13
    endloop
  endfacet
  facet normal -0.25881904510249754 0.9659258262890745 0
    outer loop
      vertex 219.27783708426708 4.424307595180467 14
      vertex 219.54723222932108 4.496491806742546 14
      vertex 219.54723222932108 4.496491806742546 13
    endloop
  endfacet
  facet normal 0 0 1
    outer loop
      vertex 219.27783708426708 4.424307595180467 14
      vertex 221.5252624079585 1.574204534292221 14
      vertex 221.64389180392027 1.6295223236083984 14
    endloop
  endfacet
  facet normal 0 0 1
    outer loop
      vertex 219.27783708426708 4.424307595180467 14
      vertex 221.64389180392027 1.6295223236083984 14
      vertex 221.7605183571577 1.6889465302228928 14
    endloop
  endfacet
  facet normal 0 0 1
    outer loop
      vertex 219.27783708426708 4.424307595180467 14
      vertex 221.7605183571577 1.6889465302228928 14
      vertex 221.875 1.752404734492302 14
    endloop
  endfacet
  facet normal 0 0 1
    outer loop
      vertex 219.27783708426708 4.424307595180467 14
      vertex 221.875 1.752404734492302 14
      vertex 219.54723222932108 4.496491806742546 14
    endloop
  endfacet
  facet normal -0.25881904510249754 -0.9659258262890745 0
    outer loop
      vertex 219.27783708426708 7.575692404819533 13
      vertex 219.54723222932108 7.503508193257454 13
      vertex 219.54723222932108 7.503508193257454 14
    endloop
  endfacet
  facet normal -0.25881904510249754 -0.9659258262890745 0
    outer loop
      vertex 219.27783708426708 7.575692404819533 13
      vertex 219.54723222932108 7.503508193257454 14
      vertex 219.27783708426708 7.575692404819533 14
    endloop
  endfacet
  facet normal -0.25881904510248266 0.9659258262890785 0
    outer loop
      vertex 219.27783708426708 162.42430759518047 13
      vertex 219.27783708426708 162.42430759518047 14
      vertex 219.54723222932108 162.49649180674254 13
    endloop
  endfacet
  facet normal 0 0 -1
    outer loop
      vertex 219.27783708426708 162.42430759518047 13
      vertex 219.54723222932108 162.49649180674254 13
      vertex 223.75 5 13
    endloop
  endfacet
  facet normal -0.25881904510248266 0.9659258262890785 0
    outer loop
      vertex 219.27783708426708 162.42430759518047 14
      vertex 219.54723222932108 162.49649180674254 14
      vertex 219.54723222932108 162.49649180674254 13
    endloop
  endfacet
  facet normal -0.25881904510248266 -0.9659258262890785 0
    outer loop
      vertex 219.27783708426708 165.57569240481953 13
      vertex 219.54723222932108 165.50350819325746 13
      vertex 219.54723222932108 165.50350819325746 14
    endloop
  endfacet
  facet normal -0.25881904510248266 -0.9659258262890785 0
    outer loop
      vertex 219.27783708426708 165.57569240481953 13
      vertex 219.54723222932108 165.50350819325746 14
      vertex 219.27783708426708 165.57569240481953 14
    endloop
  endfacet
  facet normal 0 0 -1
    outer loop
      vertex 219.27783708426708 165.57569240481953 13
      vertex 222.60496889054775 167.69752424955368 13
      vertex 219.54723222932108 165.50350819325746 13
    endloop
  endfacet
  facet normal 0 0 1
    outer loop
      vertex 219.27783708426708 165.57569240481953 14
      vertex 219.54723222932108 165.50350819325746 14
      vertex 221.5252624079585 168.42579546570778 14
    endloop
  endfacet
  facet normal 0 0 1
    outer loop
      vertex 219.27783708426708 165.57569240481953 14
      vertex 221.28257554024458 168.52384732663631 14
      vertex 221.15881372988224 168.56646193563938 14
    endloop
  endfacet
  facet normal 0 0 1
    outer loop
      vertex 219.27783708426708 165.57569240481953 14
      vertex 221.40477472543716 168.47693945467472 14
      vertex 221.28257554024458 168.52384732663631 14
    endloop
  endfacet
  facet normal 0 0 1
    outer loop
      vertex 219.27783708426708 165.57569240481953 14
      vertex 221.5252624079585 168.42579546570778 14
      vertex 221.40477472543716 168.47693945467472 14
    endloop
  endfacet
  facet normal -0.42261826174070277 0.9063077870366485 0
    outer loop
      vertex 219.54723222932108 4.496491806742546 13
      vertex 219.54723222932108 4.496491806742546 14
      vertex 219.8 4.614359353944899 13
    endloop
  endfacet
  facet normal 0 0 -1
    outer loop
      vertex 219.54723222932108 4.496491806742546 13
      vertex 219.8 4.614359353944899 13
      vertex 221.7605183571577 1.6889465302228928 13
    endloop
  endfacet
  facet normal 0 0 -1
    outer loop
      vertex 219.54723222932108 4.496491806742546 13
      vertex 221.5252624079585 1.574204534292221 13
      vertex 221.40477472543716 1.5230605453252792 13
    endloop
  endfacet
  facet normal 0 0 -1
    outer loop
      vertex 219.54723222932108 4.496491806742546 13
      vertex 221.64389180392027 1.6295223236083984 13
      vertex 221.5252624079585 1.574204534292221 13
    endloop
  endfacet
  facet normal 0 0 -1
    outer loop
      vertex 219.54723222932108 4.496491806742546 13
      vertex 221.7605183571577 1.6889465302228928 13
      vertex 221.64389180392027 1.6295223236083984 13
    endloop
  endfacet
  facet normal -0.42261826174070277 0.9063077870366485 0
    outer loop
      vertex 219.54723222932108 4.496491806742546 14
      vertex 219.8 4.614359353944899 14
      vertex 219.8 4.614359353944899 13
    endloop
  endfacet
  facet normal 0 0 1
    outer loop
      vertex 219.54723222932108 4.496491806742546 14
      vertex 221.875 1.752404734492302 14
      vertex 221.9871972426772 1.819819636642933 14
    endloop
  endfacet
  facet normal 0 0 1
    outer loop
      vertex 219.54723222932108 4.496491806742546 14
      vertex 221.9871972426772 1.819819636642933 14
      vertex 222.09697338938713 1.8911091014742851 14
    endloop
  endfacet
  facet normal 0 0 1
    outer loop
      vertex 219.54723222932108 4.496491806742546 14
      vertex 222.09697338938713 1.8911091014742851 14
      vertex 222.20419469475746 1.9661862701177597 14
    endloop
  endfacet
  facet normal 0 0 1
    outer loop
      vertex 219.54723222932108 4.496491806742546 14
      vertex 222.20419469475746 1.9661862701177597 14
      vertex 219.8 4.614359353944899 14
    endloop
  endfacet
  facet normal -0.42261826174070277 -0.9063077870366485 0
    outer loop
      vertex 219.54723222932108 7.503508193257454 13
      vertex 219.8 7.385640646055101 13
      vertex 219.8 7.385640646055101 14
    endloop
  endfacet
  facet normal -0.42261826174070277 -0.9063077870366485 0
    outer loop
      vertex 219.54723222932108 7.503508193257454 13
      vertex 219.8 7.385640646055101 14
      vertex 219.54723222932108 7.503508193257454 14
    endloop
  endfacet
  facet normal -0.42261826174074196 0.9063077870366301 0
    outer loop
      vertex 219.54723222932108 162.49649180674254 13
      vertex 219.54723222932108 162.49649180674254 14
      vertex 219.8 162.6143593539449 13
    endloop
  endfacet
  facet normal 0 0 -1
    outer loop
      vertex 219.54723222932108 162.49649180674254 13
      vertex 219.8 162.6143593539449 13
      vertex 223.75 5 13
    endloop
  endfacet
  facet normal -0.42261826174074196 0.9063077870366301 0
    outer loop
      vertex 219.54723222932108 162.49649180674254 14
      vertex 219.8 162.6143593539449 14
      vertex 219.8 162.6143593539449 13
    endloop
  endfacet
  facet normal -0.42261826174074196 -0.9063077870366301 0
    outer loop
      vertex 219.54723222932108 165.50350819325746 13
      vertex 219.8 165.3856406460551 13
      vertex 219.8 165.3856406460551 14
    endloop
  endfacet
  facet normal -0.42261826174074196 -0.9063077870366301 0
    outer loop
      vertex 219.54723222932108 165.50350819325746 13
      vertex 219.8 165.3856406460551 14
      vertex 219.54723222932108 165.50350819325746 14
    endloop
  endfacet
  facet normal 0 0 -1
    outer loop
      vertex 219.54723222932108 165.50350819325746 13
      vertex 222.60496889054775 167.69752424955368 13
      vertex 219.8 165.3856406460551 13
    endloop
  endfacet
  facet normal 0 0 1
    outer loop
      vertex 219.54723222932108 165.50350819325746 14
      vertex 219.8 165.3856406460551 14
      vertex 221.875 168.2475952655077 14
    endloop
  endfacet
  facet normal 0 0 1
    outer loop
      vertex 219.54723222932108 165.50350819325746 14
      vertex 221.64389180392027 168.3704776763916 14
      vertex 221.5252624079585 168.42579546570778 14
    endloop
  endfacet
  facet normal 0 0 1
    outer loop
      vertex 219.54723222932108 165.50350819325746 14
      vertex 221.7605183571577 168.3110534697771 14
      vertex 221.64389180392027 168.3704776763916 14
    endloop
  endfacet
  facet normal 0 0 1
    outer loop
      vertex 219.54723222932108 165.50350819325746 14
      vertex 221.875 168.2475952655077 14
      vertex 221.7605183571577 168.3110534697771 14
    endloop
  endfacet
  facet normal -0.5735764363510811 0.8191520442889673 0
    outer loop
      vertex 219.8 4.614359353944899 13
      vertex 219.8 4.614359353944899 14
      vertex 220.02846017549845 4.774328891009635 13
    endloop
  endfacet
  facet normal 0 0 -1
    outer loop
      vertex 219.8 4.614359353944899 13
      vertex 220.02846017549845 4.774328891009635 13
      vertex 222.09697338938713 1.8911091014742851 13
    endloop
  endfacet
  facet normal 0 0 -1
    outer loop
      vertex 219.8 4.614359353944899 13
      vertex 221.875 1.752404734492302 13
      vertex 221.7605183571577 1.6889465302228928 13
    endloop
  endfacet
  facet normal 0 0 -1
    outer loop
      vertex 219.8 4.614359353944899 13
      vertex 221.9871972426772 1.819819636642933 13
      vertex 221.875 1.752404734492302 13
    endloop
  endfacet
  facet normal 0 0 -1
    outer loop
      vertex 219.8 4.614359353944899 13
      vertex 222.09697338938713 1.8911091014742851 13
      vertex 221.9871972426772 1.819819636642933 13
    endloop
  endfacet
  facet normal -0.5735764363510811 0.8191520442889673 0
    outer loop
      vertex 219.8 4.614359353944899 14
      vertex 220.02846017549845 4.774328891009635 14
      vertex 220.02846017549845 4.774328891009635 13
    endloop
  endfacet
  facet normal 0 0 1
    outer loop
      vertex 219.8 4.614359353944899 14
      vertex 222.20419469475746 1.9661862701177597 14
      vertex 222.30873053520918 2.044959671795368 14
    endloop
  endfacet
  facet normal 0 0 1
    outer loop
      vertex 219.8 4.614359353944899 14
      vertex 222.30873053520918 2.044959671795368 14
      vertex 222.4104535356164 2.1273333355784416 14
    endloop
  endfacet
  facet normal 0 0 1
    outer loop
      vertex 219.8 4.614359353944899 14
      vertex 222.4104535356164 2.1273333355784416 14
      vertex 220.02846017549845 4.774328891009635 14
    endloop
  endfacet
  facet normal -0.5735764363510811 -0.8191520442889673 0
    outer loop
      vertex 219.8 7.385640646055101 13
      vertex 220.02846017549845 7.225671108990365 13
      vertex 220.02846017549845 7.225671108990365 14
    endloop
  endfacet
  facet normal -0.5735764363510811 -0.8191520442889673 0
    outer loop
      vertex 219.8 7.385640646055101 13
      vertex 220.02846017549845 7.225671108990365 14
      vertex 219.8 7.385640646055101 14
    endloop
  endfacet
  facet normal 0 0 1
    outer loop
      vertex 219.8 7.385640646055101 14
      vertex 220.02846017549845 7.225671108990365 14
      vertex 223.75 5 14
    endloop
  endfacet
  facet normal -0.5735764363510897 0.8191520442889613 0
    outer loop
      vertex 219.8 162.6143593539449 13
      vertex 219.8 162.6143593539449 14
      vertex 220.02846017549845 162.77432889100965 13
    endloop
  endfacet
  facet normal 0 0 -1
    outer loop
      vertex 219.8 162.6143593539449 13
      vertex 220.02846017549845 162.77432889100965 13
      vertex 223.75 5 13
    endloop
  endfacet
  facet normal -0.5735764363510897 0.8191520442889613 0
    outer loop
      vertex 219.8 162.6143593539449 14
      vertex 220.02846017549845 162.77432889100965 14
      vertex 220.02846017549845 162.77432889100965 13
    endloop
  endfacet
  facet normal 0 0 1
    outer loop
      vertex 219.8 162.6143593539449 14
      vertex 223.75 165 14
      vertex 220.02846017549845 162.77432889100965 14
    endloop
  endfacet
  facet normal -0.5735764363510897 -0.8191520442889613 0
    outer loop
      vertex 219.8 165.3856406460551 13
      vertex 220.02846017549845 165.22567110899035 13
      vertex 220.02846017549845 165.22567110899035 14
    endloop
  endfacet
  facet normal -0.5735764363510897 -0.8191520442889613 0
    outer loop
      vertex 219.8 165.3856406460551 13
      vertex 220.02846017549845 165.22567110899035 14
      vertex 219.8 165.3856406460551 14
    endloop
  endfacet
  facet normal 0 0 -1
    outer loop
      vertex 219.8 165.3856406460551 13
      vertex 222.60496889054775 167.69752424955368 13
      vertex 220.02846017549845 165.22567110899035 13
    endloop
  endfacet
  facet normal 0 0 1
    outer loop
      vertex 219.8 165.3856406460551 14
      vertex 220.02846017549845 165.22567110899035 14
      vertex 222.20419469475746 168.03381372988224 14
    endloop
  endfacet
  facet normal 0 0 1
    outer loop
      vertex 219.8 165.3856406460551 14
      vertex 221.9871972426772 168.18018036335707 14
      vertex 221.875 168.2475952655077 14
    endloop
  endfacet
  facet normal 0 0 1
    outer loop
      vertex 219.8 165.3856406460551 14
      vertex 222.09697338938713 168.10889089852571 14
      vertex 221.9871972426772 168.18018036335707 14
    endloop
  endfacet
  facet normal 0 0 1
    outer loop
      vertex 219.8 165.3856406460551 14
      vertex 222.20419469475746 168.03381372988224 14
      vertex 222.09697338938713 168.10889089852571 14
    endloop
  endfacet
  facet normal 0.017452417627068437 -0.9998476949610727 0
    outer loop
      vertex 220 1.25 13
      vertex 220.13087311387062 1.252284400165081 13
      vertex 220 1.25 14
    endloop
  endfacet
  facet normal 0.017452417627068437 -0.9998476949610727 0
    outer loop
      vertex 220 1.25 14
      vertex 220.13087311387062 1.252284400165081 13
      vertex 220.13087311387062 1.252284400165081 14
    endloop
  endfacet
  facet normal 0.017452417627068437 0.9998476949610727 0
    outer loop
      vertex 220 168.75 13
      vertex 220 168.75 14
      vertex 220.13087311387062 168.74771559983492 14
    endloop
  endfacet
  facet normal 0.017452417627068437 0.9998476949610727 0
    outer loop
      vertex 220 168.75 13
      vertex 220.13087311387062 168.74771559983492 14
      vertex 220.13087311387062 168.74771559983492 13
    endloop
  endfacet
  facet normal -0.7071067811865476 0.7071067811865476 0
    outer loop
      vertex 220.02846017549845 4.774328891009635 13
      vertex 220.02846017549845 4.774328891009635 14
      vertex 220.22567110899035 4.971539824501537 13
    endloop
  endfacet
  facet normal 0 0 -1
    outer loop
      vertex 220.02846017549845 4.774328891009635 13
      vertex 220.22567110899035 4.971539824501537 13
      vertex 222.4104535356164 2.1273333355784416 13
    endloop
  endfacet
  facet normal 0 0 -1
    outer loop
      vertex 220.02846017549845 4.774328891009635 13
      vertex 222.20419469475746 1.9661862701177597 13
      vertex 222.09697338938713 1.8911091014742851 13
    endloop
  endfacet
  facet normal 0 0 -1
    outer loop
      vertex 220.02846017549845 4.774328891009635 13
      vertex 222.30873053520918 2.044959671795368 13
      vertex 222.20419469475746 1.9661862701177597 13
    endloop
  endfacet
  facet normal 0 0 -1
    outer loop
      vertex 220.02846017549845 4.774328891009635 13
      vertex 222.4104535356164 2.1273333355784416 13
      vertex 222.30873053520918 2.044959671795368 13
    endloop
  endfacet
  facet normal -0.7071067811865476 0.7071067811865476 0
    outer loop
      vertex 220.02846017549845 4.774328891009635 14
      vertex 220.22567110899035 4.971539824501537 14
      vertex 220.22567110899035 4.971539824501537 13
    endloop
  endfacet
  facet normal 0 0 1
    outer loop
      vertex 220.02846017549845 4.774328891009635 14
      vertex 222.4104535356164 2.1273333355784416 14
      vertex 222.50923977047205 2.2132069021463394 14
    endloop
  endfacet
  facet normal 0 0 1
    outer loop
      vertex 220.02846017549845 4.774328891009635 14
      vertex 222.50923977047205 2.2132069021463394 14
      vertex 222.60496889054775 2.3024757504463196 14
    endloop
  endfacet
  facet normal 0 0 1
    outer loop
      vertex 220.02846017549845 4.774328891009635 14
      vertex 222.60496889054775 2.3024757504463196 14
      vertex 222.69752424955368 2.3950311094522476 14
    endloop
  endfacet
  facet normal 0 0 1
    outer loop
      vertex 220.02846017549845 4.774328891009635 14
      vertex 222.69752424955368 2.3950311094522476 14
      vertex 222.78679309785366 2.4907602295279503 14
    endloop
  endfacet
  facet normal 0 0 1
    outer loop
      vertex 220.02846017549845 4.774328891009635 14
      vertex 222.78679309785366 2.4907602295279503 14
      vertex 222.87266666442156 2.589546464383602 14
    endloop
  endfacet
  facet normal 0 0 1
    outer loop
      vertex 220.02846017549845 4.774328891009635 14
      vertex 222.87266666442156 2.589546464383602 14
      vertex 220.22567110899035 4.971539824501537 14
    endloop
  endfacet
  facet normal -0.7071067811865476 -0.7071067811865476 0
    outer loop
      vertex 220.02846017549845 7.225671108990365 13
      vertex 220.22567110899035 7.028460175498463 13
      vertex 220.22567110899035 7.028460175498463 14
    endloop
  endfacet
  facet normal -0.7071067811865476 -0.7071067811865476 0
    outer loop
      vertex 220.02846017549845 7.225671108990365 13
      vertex 220.22567110899035 7.028460175498463 14
      vertex 220.02846017549845 7.225671108990365 14
    endloop
  endfacet
  facet normal 0 0 1
    outer loop
      vertex 220.02846017549845 7.225671108990365 14
      vertex 220.22567110899035 7.028460175498463 14
      vertex 223.75 5 14
    endloop
  endfacet
  facet normal -0.7071067811865476 0.7071067811865476 0
    outer loop
      vertex 220.02846017549845 162.77432889100965 13
      vertex 220.02846017549845 162.77432889100965 14
      vertex 220.22567110899035 162.97153982450155 13
    endloop
  endfacet
  facet normal 0 0 -1
    outer loop
      vertex 220.02846017549845 162.77432889100965 13
      vertex 220.22567110899035 162.97153982450155 13
      vertex 223.75 5 13
    endloop
  endfacet
  facet normal -0.7071067811865476 0.7071067811865476 0
    outer loop
      vertex 220.02846017549845 162.77432889100965 14
      vertex 220.22567110899035 162.97153982450155 14
      vertex 220.22567110899035 162.97153982450155 13
    endloop
  endfacet
  facet normal 0 0 1
    outer loop
      vertex 220.02846017549845 162.77432889100965 14
      vertex 223.74771559983492 165.13087311387062 14
      vertex 220.22567110899035 162.97153982450155 14
    endloop
  endfacet
  facet normal 0 0 1
    outer loop
      vertex 220.02846017549845 162.77432889100965 14
      vertex 223.75 165 14
      vertex 223.74771559983492 165.13087311387062 14
    endloop
  endfacet
  facet normal -0.7071067811865476 -0.7071067811865476 0
    outer loop
      vertex 220.02846017549845 165.22567110899035 13
      vertex 220.22567110899035 165.02846017549845 13
      vertex 220.22567110899035 165.02846017549845 14
    endloop
  endfacet
  facet normal -0.7071067811865476 -0.7071067811865476 0
    outer loop
      vertex 220.02846017549845 165.22567110899035 13
      vertex 220.22567110899035 165.02846017549845 14
      vertex 220.02846017549845 165.22567110899035 14
    endloop
  endfacet
  facet normal 0 0 -1
    outer loop
      vertex 220.02846017549845 165.22567110899035 13
      vertex 222.60496889054775 167.69752424955368 13
      vertex 222.69752424955368 167.60496889054775 13
    endloop
  endfacet
  facet normal 0 0 -1
    outer loop
      vertex 220.02846017549845 165.22567110899035 13
      vertex 222.69752424955368 167.60496889054775 13
      vertex 222.78679309785366 167.50923977047205 13
    endloop
  endfacet
  facet normal 0 0 -1
    outer loop
      vertex 220.02846017549845 165.22567110899035 13
      vertex 222.78679309785366 167.50923977047205 13
      vertex 222.87266666442156 167.4104535356164 13
    endloop
  endfacet
  facet normal 0 0 -1
    outer loop
      vertex 220.02846017549845 165.22567110899035 13
      vertex 222.87266666442156 167.4104535356164 13
      vertex 220.22567110899035 165.02846017549845 13
    endloop
  endfacet
  facet normal 0 0 1
    outer loop
      vertex 220.02846017549845 165.22567110899035 14
      vertex 220.22567110899035 165.02846017549845 14
      vertex 222.4104535356164 167.87266666442156 14
    endloop
  endfacet
  facet normal 0 0 1
    outer loop
      vertex 220.02846017549845 165.22567110899035 14
      vertex 222.30873053520918 167.95504032820463 14
      vertex 222.20419469475746 168.03381372988224 14
    endloop
  endfacet
  facet normal 0 0 1
    outer loop
      vertex 220.02846017549845 165.22567110899035 14
      vertex 222.4104535356164 167.87266666442156 14
      vertex 222.30873053520918 167.95504032820463 14
    endloop
  endfacet
  facet normal 0.05233596482303056 -0.9986295343049105 0
    outer loop
      vertex 220.13087311387062 1.252284400165081 13
      vertex 220.2615867778659 1.2591348141431808 13
      vertex 220.13087311387062 1.252284400165081 14
    endloop
  endfacet
  facet normal 0.05233596482303056 -0.9986295343049105 0
    outer loop
      vertex 220.13087311387062 1.252284400165081 14
      vertex 220.2615867778659 1.2591348141431808 13
      vertex 220.2615867778659 1.2591348141431808 14
    endloop
  endfacet
  facet normal 0.05233596482303056 0.9986295343049105 0
    outer loop
      vertex 220.13087311387062 168.74771559983492 13
      vertex 220.13087311387062 168.74771559983492 14
      vertex 220.2615867778659 168.74086518585682 14
    endloop
  endfacet
  facet normal 0.05233596482303056 0.9986295343049105 0
    outer loop
      vertex 220.13087311387062 168.74771559983492 13
      vertex 220.2615867778659 168.74086518585682 14
      vertex 220.2615867778659 168.74086518585682 13
    endloop
  endfacet
  facet normal -0.8191520442889874 0.5735764363510523 0
    outer loop
      vertex 220.22567110899035 4.971539824501537 13
      vertex 220.22567110899035 4.971539824501537 14
      vertex 220.3856406460551 5.2 13
    endloop
  endfacet
  facet normal 0 0 -1
    outer loop
      vertex 220.22567110899035 4.971539824501537 13
      vertex 220.3856406460551 5.2 13
      vertex 222.69752424955368 2.3950311094522476 13
    endloop
  endfacet
  facet normal 0 0 -1
    outer loop
      vertex 220.22567110899035 4.971539824501537 13
      vertex 222.50923977047205 2.2132069021463394 13
      vertex 222.4104535356164 2.1273333355784416 13
    endloop
  endfacet
  facet normal 0 0 -1
    outer loop
      vertex 220.22567110899035 4.971539824501537 13
      vertex 222.60496889054775 2.3024757504463196 13
      vertex 222.50923977047205 2.2132069021463394 13
    endloop
  endfacet
  facet normal 0 0 -1
    outer loop
      vertex 220.22567110899035 4.971539824501537 13
      vertex 222.69752424955368 2.3950311094522476 13
      vertex 222.60496889054775 2.3024757504463196 13
    endloop
  endfacet
  facet normal -0.8191520442889874 0.5735764363510523 0
    outer loop
      vertex 220.22567110899035 4.971539824501537 14
      vertex 220.3856406460551 5.2 14
      vertex 220.3856406460551 5.2 13
    endloop
  endfacet
  facet normal 0 0 1
    outer loop
      vertex 220.22567110899035 4.971539824501537 14
      vertex 222.87266666442156 2.589546464383602 14
      vertex 222.95504032820463 2.691269464790821 14
    endloop
  endfacet
  facet normal 0 0 1
    outer loop
      vertex 220.22567110899035 4.971539824501537 14
      vertex 222.95504032820463 2.691269464790821 14
      vertex 223.03381372988224 2.7958053052425385 14
    endloop
  endfacet
  facet normal 0 0 1
    outer loop
      vertex 220.22567110899035 4.971539824501537 14
      vertex 223.03381372988224 2.7958053052425385 14
      vertex 220.3856406460551 5.2 14
    endloop
  endfacet
  facet normal -0.8191520442889874 -0.5735764363510523 0
    outer loop
      vertex 220.22567110899035 7.028460175498463 13
      vertex 220.3856406460551 6.8 13
      vertex 220.3856406460551 6.8 14
    endloop
  endfacet
  facet normal -0.8191520442889874 -0.5735764363510523 0
    outer loop
      vertex 220.22567110899035 7.028460175498463 13
      vertex 220.3856406460551 6.8 14
      vertex 220.22567110899035 7.028460175498463 14
    endloop
  endfacet
  facet normal 0 0 1
    outer loop
      vertex 220.22567110899035 7.028460175498463 14
      vertex 220.3856406460551 6.8 14
      vertex 223.74771559983492 4.869126886129379 14
    endloop
  endfacet
  facet normal 0 0 1
    outer loop
      vertex 220.22567110899035 7.028460175498463 14
      vertex 223.74771559983492 4.869126886129379 14
      vertex 223.75 5 14
    endloop
  endfacet
  facet normal -0.8191520442889613 0.5735764363510897 0
    outer loop
      vertex 220.22567110899035 162.97153982450155 13
      vertex 220.22567110899035 162.97153982450155 14
      vertex 220.3856406460551 163.2 13
    endloop
  endfacet
  facet normal 0 0 -1
    outer loop
      vertex 220.22567110899035 162.97153982450155 13
      vertex 220.3856406460551 163.2 13
      vertex 223.75 5 13
    endloop
  endfacet
  facet normal -0.8191520442889613 0.5735764363510897 0
    outer loop
      vertex 220.22567110899035 162.97153982450155 14
      vertex 220.3856406460551 163.2 14
      vertex 220.3856406460551 163.2 13
    endloop
  endfacet
  facet normal 0 0 1
    outer loop
      vertex 220.22567110899035 162.97153982450155 14
      vertex 223.72945711016655 165.39198173582554 14
      vertex 220.3856406460551 163.2 14
    endloop
  endfacet
  facet normal 0 0 1
    outer loop
      vertex 220.22567110899035 162.97153982450155 14
      vertex 223.74086518585682 165.2615867778659 14
      vertex 223.72945711016655 165.39198173582554 14
    endloop
  endfacet
  facet normal 0 0 1
    outer loop
      vertex 220.22567110899035 162.97153982450155 14
      vertex 223.74771559983492 165.13087311387062 14
      vertex 223.74086518585682 165.2615867778659 14
    endloop
  endfacet
  facet normal -0.8191520442889613 -0.5735764363510897 0
    outer loop
      vertex 220.22567110899035 165.02846017549845 13
      vertex 220.3856406460551 164.8 13
      vertex 220.3856406460551 164.8 14
    endloop
  endfacet
  facet normal -0.8191520442889613 -0.5735764363510897 0
    outer loop
      vertex 220.22567110899035 165.02846017549845 13
      vertex 220.3856406460551 164.8 14
      vertex 220.22567110899035 165.02846017549845 14
    endloop
  endfacet
  facet normal 0 0 -1
    outer loop
      vertex 220.22567110899035 165.02846017549845 13
      vertex 222.87266666442156 167.4104535356164 13
      vertex 222.95504032820463 167.30873053520918 13
    endloop
  endfacet
  facet normal 0 0 -1
    outer loop
      vertex 220.22567110899035 165.02846017549845 13
      vertex 222.95504032820463 167.30873053520918 13
      vertex 223.03381372988224 167.20419469475746 13
    endloop
  endfacet
  facet normal 0 0 -1
    outer loop
      vertex 220.22567110899035 165.02846017549845 13
      vertex 223.03381372988224 167.20419469475746 13
      vertex 223.10889089852571 167.09697338938713 13
    endloop
  endfacet
  facet normal 0 0 -1
    outer loop
      vertex 220.22567110899035 165.02846017549845 13
      vertex 223.10889089852571 167.09697338938713 13
      vertex 220.3856406460551 164.8 13
    endloop
  endfacet
  facet normal 0 0 1
    outer loop
      vertex 220.22567110899035 165.02846017549845 14
      vertex 220.3856406460551 164.8 14
      vertex 222.87266666442156 167.4104535356164 14
    endloop
  endfacet
  facet normal 0 0 1
    outer loop
      vertex 220.22567110899035 165.02846017549845 14
      vertex 222.50923977047205 167.78679309785366 14
      vertex 222.4104535356164 167.87266666442156 14
    endloop
  endfacet
  facet normal 0 0 1
    outer loop
      vertex 220.22567110899035 165.02846017549845 14
      vertex 222.60496889054775 167.69752424955368 14
      vertex 222.50923977047205 167.78679309785366 14
    endloop
  endfacet
  facet normal 0 0 1
    outer loop
      vertex 220.22567110899035 165.02846017549845 14
      vertex 222.69752424955368 167.60496889054775 14
      vertex 222.60496889054775 167.69752424955368 14
    endloop
  endfacet
  facet normal 0 0 1
    outer loop
      vertex 220.22567110899035 165.02846017549845 14
      vertex 222.78679309785366 167.50923977047205 14
      vertex 222.69752424955368 167.60496889054775 14
    endloop
  endfacet
  facet normal 0 0 1
    outer loop
      vertex 220.22567110899035 165.02846017549845 14
      vertex 222.87266666442156 167.4104535356164 14
      vertex 222.78679309785366 167.50923977047205 14
    endloop
  endfacet
  facet normal 0.08715570550483667 -0.9961947013500696 0
    outer loop
      vertex 220.2615867778659 1.2591348141431808 13
      vertex 220.39198173582554 1.2705428898334503 13
      vertex 220.2615867778659 1.2591348141431808 14
    endloop
  endfacet
  facet normal 0.08715570550483667 -0.9961947013500696 0
    outer loop
      vertex 220.2615867778659 1.2591348141431808 14
      vertex 220.39198173582554 1.2705428898334503 13
      vertex 220.39198173582554 1.2705428898334503 14
    endloop
  endfacet
  facet normal 0.08715570550483667 0.9961947013500696 0
    outer loop
      vertex 220.2615867778659 168.74086518585682 13
      vertex 220.2615867778659 168.74086518585682 14
      vertex 220.39198173582554 168.72945711016655 14
    endloop
  endfacet
  facet normal 0.08715570550483667 0.9961947013500696 0
    outer loop
      vertex 220.2615867778659 168.74086518585682 13
      vertex 220.39198173582554 168.72945711016655 14
      vertex 220.39198173582554 168.72945711016655 13
    endloop
  endfacet
  facet normal -0.9063077870366306 0.4226182617407407 0
    outer loop
      vertex 220.3856406460551 5.2 13
      vertex 220.3856406460551 5.2 14
      vertex 220.50350819325746 5.45276777067893 13
    endloop
  endfacet
  facet normal 0 0 -1
    outer loop
      vertex 220.3856406460551 5.2 13
      vertex 220.50350819325746 5.45276777067893 13
      vertex 222.69752424955368 2.3950311094522476 13
    endloop
  endfacet
  facet normal -0.9063077870366306 0.4226182617407407 0
    outer loop
      vertex 220.3856406460551 5.2 14
      vertex 220.50350819325746 5.45276777067893 14
      vertex 220.50350819325746 5.45276777067893 13
    endloop
  endfacet
  facet normal 0 0 1
    outer loop
      vertex 220.3856406460551 5.2 14
      vertex 223.03381372988224 2.7958053052425385 14
      vertex 223.10889089852571 2.9030266106128693 14
    endloop
  endfacet
  facet normal 0 0 1
    outer loop
      vertex 220.3856406460551 5.2 14
      vertex 223.10889089852571 2.9030266106128693 14
      vertex 223.18018036335707 3.0128027573227882 14
    endloop
  endfacet
  facet normal 0 0 1
    outer loop
      vertex 220.3856406460551 5.2 14
      vertex 223.18018036335707 3.0128027573227882 14
      vertex 223.2475952655077 3.125 14
    endloop
  endfacet
  facet normal 0 0 1
    outer loop
      vertex 220.3856406460551 5.2 14
      vertex 223.2475952655077 3.125 14
      vertex 220.50350819325746 5.45276777067893 14
    endloop
  endfacet
  facet normal -0.9063077870366306 -0.4226182617407407 0
    outer loop
      vertex 220.3856406460551 6.8 13
      vertex 220.50350819325746 6.54723222932107 13
      vertex 220.50350819325746 6.54723222932107 14
    endloop
  endfacet
  facet normal -0.9063077870366306 -0.4226182617407407 0
    outer loop
      vertex 220.3856406460551 6.8 13
      vertex 220.50350819325746 6.54723222932107 14
      vertex 220.3856406460551 6.8 14
    endloop
  endfacet
  facet normal 0 0 1
    outer loop
      vertex 220.3856406460551 6.8 14
      vertex 220.50350819325746 6.54723222932107 14
      vertex 223.72945711016655 4.608018264174461 14
    endloop
  endfacet
  facet normal 0 0 1
    outer loop
      vertex 220.3856406460551 6.8 14
      vertex 223.72945711016655 4.608018264174461 14
      vertex 223.74086518585682 4.738413222134113 14
    endloop
  endfacet
  facet normal 0 0 1
    outer loop
      vertex 220.3856406460551 6.8 14
      vertex 223.74086518585682 4.738413222134113 14
      vertex 223.74771559983492 4.869126886129379 14
    endloop
  endfacet
  facet normal -0.9063077870366301 0.42261826174074196 0
    outer loop
      vertex 220.3856406460551 163.2 13
      vertex 220.3856406460551 163.2 14
      vertex 220.50350819325746 163.45276777067892 13
    endloop
  endfacet
  facet normal 0 0 -1
    outer loop
      vertex 220.3856406460551 163.2 13
      vertex 220.50350819325746 163.45276777067892 13
      vertex 223.74771559983492 165.13087311387062 13
    endloop
  endfacet
  facet normal 0 0 -1
    outer loop
      vertex 220.3856406460551 163.2 13
      vertex 223.74771559983492 165.13087311387062 13
      vertex 223.75 165 13
    endloop
  endfacet
  facet normal 0 0 -1
    outer loop
      vertex 220.3856406460551 163.2 13
      vertex 223.75 165 13
      vertex 223.75 5 13
    endloop
  endfacet
  facet normal -0.9063077870366301 0.42261826174074196 0
    outer loop
      vertex 220.3856406460551 163.2 14
      vertex 220.50350819325746 163.45276777067892 14
      vertex 220.50350819325746 163.45276777067892 13
    endloop
  endfacet
  facet normal 0 0 1
    outer loop
      vertex 220.3856406460551 163.2 14
      vertex 223.71350526064634 165.5218991264701 14
      vertex 220.50350819325746 163.45276777067892 14
    endloop
  endfacet
  facet normal 0 0 1
    outer loop
      vertex 220.3856406460551 163.2 14
      vertex 223.72945711016655 165.39198173582554 14
      vertex 223.71350526064634 165.5218991264701 14
    endloop
  endfacet
  facet normal -0.9063077870366301 -0.42261826174074196 0
    outer loop
      vertex 220.3856406460551 164.8 13
      vertex 220.50350819325746 164.54723222932108 13
      vertex 220.50350819325746 164.54723222932108 14
    endloop
  endfacet
  facet normal -0.9063077870366301 -0.42261826174074196 0
    outer loop
      vertex 220.3856406460551 164.8 13
      vertex 220.50350819325746 164.54723222932108 14
      vertex 220.3856406460551 164.8 14
    endloop
  endfacet
  facet normal 0 0 -1
    outer loop
      vertex 220.3856406460551 164.8 13
      vertex 223.10889089852571 167.09697338938713 13
      vertex 223.18018036335707 166.9871972426772 13
    endloop
  endfacet
  facet normal 0 0 -1
    outer loop
      vertex 220.3856406460551 164.8 13
      vertex 223.18018036335707 166.9871972426772 13
      vertex 223.2475952655077 166.875 13
    endloop
  endfacet
  facet normal 0 0 -1
    outer loop
      vertex 220.3856406460551 164.8 13
      vertex 223.2475952655077 166.875 13
      vertex 223.3110534697771 166.7605183571577 13
    endloop
  endfacet
  facet normal 0 0 -1
    outer loop
      vertex 220.3856406460551 164.8 13
      vertex 223.3110534697771 166.7605183571577 13
      vertex 220.50350819325746 164.54723222932108 13
    endloop
  endfacet
  facet normal 0 0 1
    outer loop
      vertex 220.3856406460551 164.8 14
      vertex 220.50350819325746 164.54723222932108 14
      vertex 223.03381372988224 167.20419469475746 14
    endloop
  endfacet
  facet normal 0 0 1
    outer loop
      vertex 220.3856406460551 164.8 14
      vertex 222.95504032820463 167.30873053520918 14
      vertex 222.87266666442156 167.4104535356164 14
    endloop
  endfacet
  facet normal 0 0 1
    outer loop
      vertex 220.3856406460551 164.8 14
      vertex 223.03381372988224 167.20419469475746 14
      vertex 222.95504032820463 167.30873053520918 14
    endloop
  endfacet
  facet normal 0.12186934157070485 -0.9925461518665634 0
    outer loop
      vertex 220.39198173582554 1.2705428898334503 13
      vertex 220.5218991264701 1.2864947393536568 13
      vertex 220.39198173582554 1.2705428898334503 14
    endloop
  endfacet
  facet normal 0.12186934157070485 -0.9925461518665634 0
    outer loop
      vertex 220.39198173582554 1.2705428898334503 14
      vertex 220.5218991264701 1.2864947393536568 13
      vertex 220.5218991264701 1.2864947393536568 14
    endloop
  endfacet
  facet normal 0.12186934157070485 0.9925461518665634 0
    outer loop
      vertex 220.39198173582554 168.72945711016655 13
      vertex 220.39198173582554 168.72945711016655 14
      vertex 220.5218991264701 168.71350526064634 14
    endloop
  endfacet
  facet normal 0.12186934157070485 0.9925461518665634 0
    outer loop
      vertex 220.39198173582554 168.72945711016655 13
      vertex 220.5218991264701 168.71350526064634 14
      vertex 220.5218991264701 168.71350526064634 13
    endloop
  endfacet
  facet normal -0.9659258262890728 0.25881904510250414 0
    outer loop
      vertex 220.50350819325746 5.45276777067893 13
      vertex 220.50350819325746 5.45276777067893 14
      vertex 220.57569240481953 5.722162915732912 13
    endloop
  endfacet
  facet normal 0 0 -1
    outer loop
      vertex 220.50350819325746 5.45276777067893 13
      vertex 220.57569240481953 5.722162915732912 13
      vertex 222.69752424955368 2.3950311094522476 13
    endloop
  endfacet
  facet normal -0.9659258262890728 0.25881904510250414 0
    outer loop
      vertex 220.50350819325746 5.45276777067893 14
      vertex 220.57569240481953 5.722162915732912 14
      vertex 220.57569240481953 5.722162915732912 13
    endloop
  endfacet
  facet normal 0 0 1
    outer loop
      vertex 220.50350819325746 5.45276777067893 14
      vertex 223.2475952655077 3.125 14
      vertex 223.3110534697771 3.239481642842293 14
    endloop
  endfacet
  facet normal 0 0 1
    outer loop
      vertex 220.50350819325746 5.45276777067893 14
      vertex 223.3110534697771 3.239481642842293 14
      vertex 223.3704776763916 3.356108196079731 14
    endloop
  endfacet
  facet normal 0 0 1
    outer loop
      vertex 220.50350819325746 5.45276777067893 14
      vertex 223.3704776763916 3.356108196079731 14
      vertex 223.42579546570778 3.4747375920414925 14
    endloop
  endfacet
  facet normal 0 0 1
    outer loop
      vertex 220.50350819325746 5.45276777067893 14
      vertex 223.42579546570778 3.4747375920414925 14
      vertex 220.57569240481953 5.722162915732912 14
    endloop
  endfacet
  facet normal -0.9659258262890728 -0.25881904510250414 0
    outer loop
      vertex 220.50350819325746 6.54723222932107 13
      vertex 220.57569240481953 6.277837084267088 13
      vertex 220.57569240481953 6.277837084267088 14
    endloop
  endfacet
  facet normal -0.9659258262890728 -0.25881904510250414 0
    outer loop
      vertex 220.50350819325746 6.54723222932107 13
      vertex 220.57569240481953 6.277837084267088 14
      vertex 220.50350819325746 6.54723222932107 14
    endloop
  endfacet
  facet normal 0 0 1
    outer loop
      vertex 220.50350819325746 6.54723222932107 14
      vertex 220.57569240481953 6.277837084267088 14
      vertex 223.71350526064634 4.478100873529911 14
    endloop
  endfacet
  facet normal 0 0 1
    outer loop
      vertex 220.50350819325746 6.54723222932107 14
      vertex 223.71350526064634 4.478100873529911 14
      vertex 223.72945711016655 4.608018264174461 14
    endloop
  endfacet
  facet normal -0.9659258262890785 0.25881904510248266 0
    outer loop
      vertex 220.50350819325746 163.45276777067892 13
      vertex 220.50350819325746 163.45276777067892 14
      vertex 220.57569240481953 163.72216291573292 13
    endloop
  endfacet
  facet normal 0 0 -1
    outer loop
      vertex 220.50350819325746 163.45276777067892 13
      vertex 220.57569240481953 163.72216291573292 13
      vertex 223.72945711016655 165.39198173582554 13
    endloop
  endfacet
  facet normal 0 0 -1
    outer loop
      vertex 220.50350819325746 163.45276777067892 13
      vertex 223.72945711016655 165.39198173582554 13
      vertex 223.74086518585682 165.2615867778659 13
    endloop
  endfacet
  facet normal 0 0 -1
    outer loop
      vertex 220.50350819325746 163.45276777067892 13
      vertex 223.74086518585682 165.2615867778659 13
      vertex 223.74771559983492 165.13087311387062 13
    endloop
  endfacet
  facet normal -0.9659258262890785 0.25881904510248266 0
    outer loop
      vertex 220.50350819325746 163.45276777067892 14
      vertex 220.57569240481953 163.72216291573292 14
      vertex 220.57569240481953 163.72216291573292 13
    endloop
  endfacet
  facet normal 0 0 1
    outer loop
      vertex 220.50350819325746 163.45276777067892 14
      vertex 223.6386089771986 165.90720710903406 14
      vertex 220.57569240481953 163.72216291573292 14
    endloop
  endfacet
  facet normal 0 0 1
    outer loop
      vertex 220.50350819325746 163.45276777067892 14
      vertex 223.6680535003543 165.77966883778572 14
      vertex 223.6386089771986 165.90720710903406 14
    endloop
  endfacet
  facet normal 0 0 1
    outer loop
      vertex 220.50350819325746 163.45276777067892 14
      vertex 223.69302907586098 165.65118066966534 14
      vertex 223.6680535003543 165.77966883778572 14
    endloop
  endfacet
  facet normal 0 0 1
    outer loop
      vertex 220.50350819325746 163.45276777067892 14
      vertex 223.71350526064634 165.5218991264701 14
      vertex 223.69302907586098 165.65118066966534 14
    endloop
  endfacet
  facet normal -0.9659258262890785 -0.25881904510248266 0
    outer loop
      vertex 220.50350819325746 164.54723222932108 13
      vertex 220.57569240481953 164.27783708426708 13
      vertex 220.57569240481953 164.27783708426708 14
    endloop
  endfacet
  facet normal -0.9659258262890785 -0.25881904510248266 0
    outer loop
      vertex 220.50350819325746 164.54723222932108 13
      vertex 220.57569240481953 164.27783708426708 14
      vertex 220.50350819325746 164.54723222932108 14
    endloop
  endfacet
  facet normal 0 0 -1
    outer loop
      vertex 220.50350819325746 164.54723222932108 13
      vertex 223.3110534697771 166.7605183571577 13
      vertex 223.3704776763916 166.64389180392027 13
    endloop
  endfacet
  facet normal 0 0 -1
    outer loop
      vertex 220.50350819325746 164.54723222932108 13
      vertex 223.3704776763916 166.64389180392027 13
      vertex 223.42579546570778 166.5252624079585 13
    endloop
  endfacet
  facet normal 0 0 -1
    outer loop
      vertex 220.50350819325746 164.54723222932108 13
      vertex 223.42579546570778 166.5252624079585 13
      vertex 223.47693945467472 166.40477472543716 13
    endloop
  endfacet
  facet normal 0 0 -1
    outer loop
      vertex 220.50350819325746 164.54723222932108 13
      vertex 223.47693945467472 166.40477472543716 13
      vertex 220.57569240481953 164.27783708426708 13
    endloop
  endfacet
  facet normal 0 0 1
    outer loop
      vertex 220.50350819325746 164.54723222932108 14
      vertex 220.57569240481953 164.27783708426708 14
      vertex 223.2475952655077 166.875 14
    endloop
  endfacet
  facet normal 0 0 1
    outer loop
      vertex 220.50350819325746 164.54723222932108 14
      vertex 223.10889089852571 167.09697338938713 14
      vertex 223.03381372988224 167.20419469475746 14
    endloop
  endfacet
  facet normal 0 0 1
    outer loop
      vertex 220.50350819325746 164.54723222932108 14
      vertex 223.18018036335707 166.9871972426772 14
      vertex 223.10889089852571 167.09697338938713 14
    endloop
  endfacet
  facet normal 0 0 1
    outer loop
      vertex 220.50350819325746 164.54723222932108 14
      vertex 223.2475952655077 166.875 14
      vertex 223.18018036335707 166.9871972426772 14
    endloop
  endfacet
  facet normal 0.1564344644596109 -0.9876883406870989 0
    outer loop
      vertex 220.5218991264701 1.2864947393536568 13
      vertex 220.65118066966534 1.3069709241390228 13
      vertex 220.5218991264701 1.2864947393536568 14
    endloop
  endfacet
  facet normal 0.1564344644596109 -0.9876883406870989 0
    outer loop
      vertex 220.5218991264701 1.2864947393536568 14
      vertex 220.65118066966534 1.3069709241390228 13
      vertex 220.65118066966534 1.3069709241390228 14
    endloop
  endfacet
  facet normal 0.1564344644596109 0.9876883406870989 0
    outer loop
      vertex 220.5218991264701 168.71350526064634 13
      vertex 220.5218991264701 168.71350526064634 14
      vertex 220.65118066966534 168.69302907586098 14
    endloop
  endfacet
  facet normal 0.1564344644596109 0.9876883406870989 0
    outer loop
      vertex 220.5218991264701 168.71350526064634 13
      vertex 220.65118066966534 168.69302907586098 14
      vertex 220.65118066966534 168.69302907586098 13
    endloop
  endfacet
  facet normal -0.9961946980917478 0.08715574274763256 0
    outer loop
      vertex 220.57569240481953 5.722162915732912 13
      vertex 220.57569240481953 5.722162915732912 14
      vertex 220.6 6 13
    endloop
  endfacet
  facet normal 0 0 -1
    outer loop
      vertex 220.57569240481953 5.722162915732912 13
      vertex 220.6 6 13
      vertex 222.69752424955368 2.3950311094522476 13
    endloop
  endfacet
  facet normal -0.9961946980917478 0.08715574274763256 0
    outer loop
      vertex 220.57569240481953 5.722162915732912 14
      vertex 220.6 6 14
      vertex 220.6 6 13
    endloop
  endfacet
  facet normal 0 0 1
    outer loop
      vertex 220.57569240481953 5.722162915732912 14
      vertex 223.42579546570778 3.4747375920414925 14
      vertex 223.47693945467472 3.5952252745628357 14
    endloop
  endfacet
  facet normal 0 0 1
    outer loop
      vertex 220.57569240481953 5.722162915732912 14
      vertex 223.47693945467472 3.5952252745628357 14
      vertex 223.52384732663631 3.7174244597554207 14
    endloop
  endfacet
  facet normal 0 0 1
    outer loop
      vertex 220.57569240481953 5.722162915732912 14
      vertex 223.52384732663631 3.7174244597554207 14
      vertex 223.56646193563938 3.8411862701177597 14
    endloop
  endfacet
  facet normal 0 0 1
    outer loop
      vertex 220.57569240481953 5.722162915732912 14
      vertex 223.56646193563938 3.8411862701177597 14
      vertex 220.6 6 14
    endloop
  endfacet
  facet normal -0.9961946980917478 -0.08715574274763256 0
    outer loop
      vertex 220.57569240481953 6.277837084267088 13
      vertex 220.6 6 13
      vertex 220.6 6 14
    endloop
  endfacet
  facet normal -0.9961946980917478 -0.08715574274763256 0
    outer loop
      vertex 220.57569240481953 6.277837084267088 13
      vertex 220.6 6 14
      vertex 220.57569240481953 6.277837084267088 14
    endloop
  endfacet
  facet normal 0 0 1
    outer loop
      vertex 220.57569240481953 6.277837084267088 14
      vertex 220.6 6 14
      vertex 223.6386089771986 4.092792890965939 14
    endloop
  endfacet
  facet normal 0 0 1
    outer loop
      vertex 220.57569240481953 6.277837084267088 14
      vertex 223.6386089771986 4.092792890965939 14
      vertex 223.6680535003543 4.220331162214279 14
    endloop
  endfacet
  facet normal 0 0 1
    outer loop
      vertex 220.57569240481953 6.277837084267088 14
      vertex 223.6680535003543 4.220331162214279 14
      vertex 223.69302907586098 4.348819330334663 14
    endloop
  endfacet
  facet normal 0 0 1
    outer loop
      vertex 220.57569240481953 6.277837084267088 14
      vertex 223.69302907586098 4.348819330334663 14
      vertex 223.71350526064634 4.478100873529911 14
    endloop
  endfacet
  facet normal -0.9961946980917475 0.08715574274763617 0
    outer loop
      vertex 220.57569240481953 163.72216291573292 13
      vertex 220.57569240481953 163.72216291573292 14
      vertex 220.6 164 13
    endloop
  endfacet
  facet normal 0 0 -1
    outer loop
      vertex 220.57569240481953 163.72216291573292 13
      vertex 220.6 164 13
      vertex 223.6680535003543 165.77966883778572 13
    endloop
  endfacet
  facet normal 0 0 -1
    outer loop
      vertex 220.57569240481953 163.72216291573292 13
      vertex 223.6680535003543 165.77966883778572 13
      vertex 223.69302907586098 165.65118066966534 13
    endloop
  endfacet
  facet normal 0 0 -1
    outer loop
      vertex 220.57569240481953 163.72216291573292 13
      vertex 223.69302907586098 165.65118066966534 13
      vertex 223.71350526064634 165.5218991264701 13
    endloop
  endfacet
  facet normal 0 0 -1
    outer loop
      vertex 220.57569240481953 163.72216291573292 13
      vertex 223.71350526064634 165.5218991264701 13
      vertex 223.72945711016655 165.39198173582554 13
    endloop
  endfacet
  facet normal -0.9961946980917475 0.08715574274763617 0
    outer loop
      vertex 220.57569240481953 163.72216291573292 14
      vertex 220.6 164 14
      vertex 220.6 164 13
    endloop
  endfacet
  facet normal 0 0 1
    outer loop
      vertex 220.57569240481953 163.72216291573292 14
      vertex 223.56646193563938 166.15881372988224 14
      vertex 220.6 164 14
    endloop
  endfacet
  facet normal 0 0 1
    outer loop
      vertex 220.57569240481953 163.72216291573292 14
      vertex 223.60473135858774 166.03364008665085 14
      vertex 223.56646193563938 166.15881372988224 14
    endloop
  endfacet
  facet normal 0 0 1
    outer loop
      vertex 220.57569240481953 163.72216291573292 14
      vertex 223.6386089771986 165.90720710903406 14
      vertex 223.60473135858774 166.03364008665085 14
    endloop
  endfacet
  facet normal -0.9961946980917475 -0.08715574274763617 0
    outer loop
      vertex 220.57569240481953 164.27783708426708 13
      vertex 220.6 164 13
      vertex 220.6 164 14
    endloop
  endfacet
  facet normal -0.9961946980917475 -0.08715574274763617 0
    outer loop
      vertex 220.57569240481953 164.27783708426708 13
      vertex 220.6 164 14
      vertex 220.57569240481953 164.27783708426708 14
    endloop
  endfacet
  facet normal 0 0 -1
    outer loop
      vertex 220.57569240481953 164.27783708426708 13
      vertex 223.47693945467472 166.40477472543716 13
      vertex 223.52384732663631 166.28257554024458 13
    endloop
  endfacet
  facet normal 0 0 -1
    outer loop
      vertex 220.57569240481953 164.27783708426708 13
      vertex 223.52384732663631 166.28257554024458 13
      vertex 223.56646193563938 166.15881372988224 13
    endloop
  endfacet
  facet normal 0 0 -1
    outer loop
      vertex 220.57569240481953 164.27783708426708 13
      vertex 223.56646193563938 166.15881372988224 13
      vertex 223.60473135858774 166.03364008665085 13
    endloop
  endfacet
  facet normal 0 0 -1
    outer loop
      vertex 220.57569240481953 164.27783708426708 13
      vertex 223.60473135858774 166.03364008665085 13
      vertex 220.6 164 13
    endloop
  endfacet
  facet normal 0 0 1
    outer loop
      vertex 220.57569240481953 164.27783708426708 14
      vertex 220.6 164 14
      vertex 223.42579546570778 166.5252624079585 14
    endloop
  endfacet
  facet normal 0 0 1
    outer loop
      vertex 220.57569240481953 164.27783708426708 14
      vertex 223.3110534697771 166.7605183571577 14
      vertex 223.2475952655077 166.875 14
    endloop
  endfacet
  facet normal 0 0 1
    outer loop
      vertex 220.57569240481953 164.27783708426708 14
      vertex 223.3704776763916 166.64389180392027 14
      vertex 223.3110534697771 166.7605183571577 14
    endloop
  endfacet
  facet normal 0 0 1
    outer loop
      vertex 220.57569240481953 164.27783708426708 14
      vertex 223.42579546570778 166.5252624079585 14
      vertex 223.3704776763916 166.64389180392027 14
    endloop
  endfacet
  facet normal 0 0 1
    outer loop
      vertex 220.6 6 14
      vertex 223.56646193563938 3.8411862701177597 14
      vertex 223.60473135858774 3.9663599133491516 14
    endloop
  endfacet
  facet normal 0 0 1
    outer loop
      vertex 220.6 6 14
      vertex 223.60473135858774 3.9663599133491516 14
      vertex 223.6386089771986 4.092792890965939 14
    endloop
  endfacet
  facet normal 0 0 -1
    outer loop
      vertex 220.6 164 13
      vertex 223.60473135858774 166.03364008665085 13
      vertex 223.6386089771986 165.90720710903406 13
    endloop
  endfacet
  facet normal 0 0 -1
    outer loop
      vertex 220.6 164 13
      vertex 223.6386089771986 165.90720710903406 13
      vertex 223.6680535003543 165.77966883778572 13
    endloop
  endfacet
  facet normal 0 0 1
    outer loop
      vertex 220.6 164 14
      vertex 223.47693945467472 166.40477472543716 14
      vertex 223.42579546570778 166.5252624079585 14
    endloop
  endfacet
  facet normal 0 0 1
    outer loop
      vertex 220.6 164 14
      vertex 223.52384732663631 166.28257554024458 14
      vertex 223.47693945467472 166.40477472543716 14
    endloop
  endfacet
  facet normal 0 0 1
    outer loop
      vertex 220.6 164 14
      vertex 223.56646193563938 166.15881372988224 14
      vertex 223.52384732663631 166.28257554024458 14
    endloop
  endfacet
  facet normal 0.19080903709447267 -0.9816271753385194 0
    outer loop
      vertex 220.65118066966534 1.3069709241390228 13
      vertex 220.77966883778572 1.33194649964571 13
      vertex 220.65118066966534 1.3069709241390228 14
    endloop
  endfacet
  facet normal 0.19080903709447267 -0.9816271753385194 0
    outer loop
      vertex 220.65118066966534 1.3069709241390228 14
      vertex 220.77966883778572 1.33194649964571 13
      vertex 220.77966883778572 1.33194649964571 14
    endloop
  endfacet
  facet normal 0.19080903709447267 0.9816271753385194 0
    outer loop
      vertex 220.65118066966534 168.69302907586098 13
      vertex 220.65118066966534 168.69302907586098 14
      vertex 220.77966883778572 168.6680535003543 14
    endloop
  endfacet
  facet normal 0.19080903709447267 0.9816271753385194 0
    outer loop
      vertex 220.65118066966534 168.69302907586098 13
      vertex 220.77966883778572 168.6680535003543 14
      vertex 220.77966883778572 168.6680535003543 13
    endloop
  endfacet
  facet normal 0.2249510048282839 -0.9743700762168065 0
    outer loop
      vertex 220.77966883778572 1.33194649964571 13
      vertex 220.90720710903406 1.3613910228013992 13
      vertex 220.77966883778572 1.33194649964571 14
    endloop
  endfacet
  facet normal 0.2249510048282839 -0.9743700762168065 0
    outer loop
      vertex 220.77966883778572 1.33194649964571 14
      vertex 220.90720710903406 1.3613910228013992 13
      vertex 220.90720710903406 1.3613910228013992 14
    endloop
  endfacet
  facet normal 0.2249510048282839 0.9743700762168065 0
    outer loop
      vertex 220.77966883778572 168.6680535003543 13
      vertex 220.77966883778572 168.6680535003543 14
      vertex 220.90720710903406 168.6386089771986 14
    endloop
  endfacet
  facet normal 0.2249510048282839 0.9743700762168065 0
    outer loop
      vertex 220.77966883778572 168.6680535003543 13
      vertex 220.90720710903406 168.6386089771986 14
      vertex 220.90720710903406 168.6386089771986 13
    endloop
  endfacet
  facet normal 0.25881907619351313 -0.9659258179582615 0
    outer loop
      vertex 220.90720710903406 1.3613910228013992 13
      vertex 221.03364008665085 1.3952686414122581 13
      vertex 220.90720710903406 1.3613910228013992 14
    endloop
  endfacet
  facet normal 0.25881907619351313 -0.9659258179582615 0
    outer loop
      vertex 220.90720710903406 1.3613910228013992 14
      vertex 221.03364008665085 1.3952686414122581 13
      vertex 221.03364008665085 1.3952686414122581 14
    endloop
  endfacet
  facet normal 0.25881907619351313 0.9659258179582615 0
    outer loop
      vertex 220.90720710903406 168.6386089771986 13
      vertex 220.90720710903406 168.6386089771986 14
      vertex 221.03364008665085 168.60473135858774 14
    endloop
  endfacet
  facet normal 0.25881907619351313 0.9659258179582615 0
    outer loop
      vertex 220.90720710903406 168.6386089771986 13
      vertex 221.03364008665085 168.60473135858774 14
      vertex 221.03364008665085 168.60473135858774 13
    endloop
  endfacet
  facet normal 0.2923717026446201 -0.9563047565983795 0
    outer loop
      vertex 221.03364008665085 1.3952686414122581 13
      vertex 221.15881372988224 1.4335380643606186 13
      vertex 221.03364008665085 1.3952686414122581 14
    endloop
  endfacet
  facet normal 0.2923717026446201 -0.9563047565983795 0
    outer loop
      vertex 221.03364008665085 1.3952686414122581 14
      vertex 221.15881372988224 1.4335380643606186 13
      vertex 221.15881372988224 1.4335380643606186 14
    endloop
  endfacet
  facet normal 0.2923717026446201 0.9563047565983795 0
    outer loop
      vertex 221.03364008665085 168.60473135858774 13
      vertex 221.03364008665085 168.60473135858774 14
      vertex 221.15881372988224 168.56646193563938 14
    endloop
  endfacet
  facet normal 0.2923717026446201 0.9563047565983795 0
    outer loop
      vertex 221.03364008665085 168.60473135858774 13
      vertex 221.15881372988224 168.56646193563938 14
      vertex 221.15881372988224 168.56646193563938 13
    endloop
  endfacet
  facet normal 0.32556815599114824 -0.9455185750711211 0
    outer loop
      vertex 221.15881372988224 1.4335380643606186 13
      vertex 221.28257554024458 1.4761526733636856 13
      vertex 221.15881372988224 1.4335380643606186 14
    endloop
  endfacet
  facet normal 0.32556815599114824 -0.9455185750711211 0
    outer loop
      vertex 221.15881372988224 1.4335380643606186 14
      vertex 221.28257554024458 1.4761526733636856 13
      vertex 221.28257554024458 1.4761526733636856 14
    endloop
  endfacet
  facet normal 0.32556815599114824 0.9455185750711211 0
    outer loop
      vertex 221.15881372988224 168.56646193563938 13
      vertex 221.15881372988224 168.56646193563938 14
      vertex 221.28257554024458 168.52384732663631 14
    endloop
  endfacet
  facet normal 0.32556815599114824 0.9455185750711211 0
    outer loop
      vertex 221.15881372988224 168.56646193563938 13
      vertex 221.28257554024458 168.52384732663631 14
      vertex 221.28257554024458 168.52384732663631 13
    endloop
  endfacet
  facet normal 0.3583679472515775 -0.9335804273776794 0
    outer loop
      vertex 221.28257554024458 1.4761526733636856 13
      vertex 221.40477472543716 1.5230605453252792 13
      vertex 221.28257554024458 1.4761526733636856 14
    endloop
  endfacet
  facet normal 0.3583679472515775 -0.9335804273776794 0
    outer loop
      vertex 221.28257554024458 1.4761526733636856 14
      vertex 221.40477472543716 1.5230605453252792 13
      vertex 221.40477472543716 1.5230605453252792 14
    endloop
  endfacet
  facet normal 0.3583679472515775 0.9335804273776794 0
    outer loop
      vertex 221.28257554024458 168.52384732663631 13
      vertex 221.28257554024458 168.52384732663631 14
      vertex 221.40477472543716 168.47693945467472 14
    endloop
  endfacet
  facet normal 0.3583679472515775 0.9335804273776794 0
    outer loop
      vertex 221.28257554024458 168.52384732663631 13
      vertex 221.40477472543716 168.47693945467472 14
      vertex 221.40477472543716 168.47693945467472 13
    endloop
  endfacet
  facet normal 0.39073114190985214 -0.9205048477557426 0
    outer loop
      vertex 221.40477472543716 1.5230605453252792 13
      vertex 221.5252624079585 1.574204534292221 13
      vertex 221.40477472543716 1.5230605453252792 14
    endloop
  endfacet
  facet normal 0.39073114190985214 -0.9205048477557426 0
    outer loop
      vertex 221.40477472543716 1.5230605453252792 14
      vertex 221.5252624079585 1.574204534292221 13
      vertex 221.5252624079585 1.574204534292221 14
    endloop
  endfacet
  facet normal 0.39073114190985214 0.9205048477557426 0
    outer loop
      vertex 221.40477472543716 168.47693945467472 13
      vertex 221.40477472543716 168.47693945467472 14
      vertex 221.5252624079585 168.42579546570778 14
    endloop
  endfacet
  facet normal 0.39073114190985214 0.9205048477557426 0
    outer loop
      vertex 221.40477472543716 168.47693945467472 13
      vertex 221.5252624079585 168.42579546570778 14
      vertex 221.5252624079585 168.42579546570778 13
    endloop
  endfacet
  facet normal 0.4226182209318042 -0.9063078060661494 0
    outer loop
      vertex 221.5252624079585 1.574204534292221 13
      vertex 221.64389180392027 1.6295223236083984 13
      vertex 221.5252624079585 1.574204534292221 14
    endloop
  endfacet
  facet normal 0.4226182209318042 -0.9063078060661494 0
    outer loop
      vertex 221.5252624079585 1.574204534292221 14
      vertex 221.64389180392027 1.6295223236083984 13
      vertex 221.64389180392027 1.6295223236083984 14
    endloop
  endfacet
  facet normal 0.4226182209318042 0.9063078060661494 0
    outer loop
      vertex 221.5252624079585 168.42579546570778 13
      vertex 221.5252624079585 168.42579546570778 14
      vertex 221.64389180392027 168.3704776763916 14
    endloop
  endfacet
  facet normal 0.4226182209318042 0.9063078060661494 0
    outer loop
      vertex 221.5252624079585 168.42579546570778 13
      vertex 221.64389180392027 168.3704776763916 14
      vertex 221.64389180392027 168.3704776763916 13
    endloop
  endfacet
  facet normal 0.4539905582881603 -0.8910064943563568 0
    outer loop
      vertex 221.64389180392027 1.6295223236083984 13
      vertex 221.7605183571577 1.6889465302228928 13
      vertex 221.64389180392027 1.6295223236083984 14
    endloop
  endfacet
  facet normal 0.4539905582881603 -0.8910064943563568 0
    outer loop
      vertex 221.64389180392027 1.6295223236083984 14
      vertex 221.7605183571577 1.6889465302228928 13
      vertex 221.7605183571577 1.6889465302228928 14
    endloop
  endfacet
  facet normal 0.4539905582881603 0.8910064943563568 0
    outer loop
      vertex 221.64389180392027 168.3704776763916 13
      vertex 221.64389180392027 168.3704776763916 14
      vertex 221.7605183571577 168.3110534697771 14
    endloop
  endfacet
  facet normal 0.4539905582881603 0.8910064943563568 0
    outer loop
      vertex 221.64389180392027 168.3704776763916 13
      vertex 221.7605183571577 168.3110534697771 14
      vertex 221.7605183571577 168.3110534697771 13
    endloop
  endfacet
  facet normal 0.4848095817727449 -0.8746197284656549 0
    outer loop
      vertex 221.7605183571577 1.6889465302228928 13
      vertex 221.875 1.752404734492302 13
      vertex 221.7605183571577 1.6889465302228928 14
    endloop
  endfacet
  facet normal 0.4848095817727449 -0.8746197284656549 0
    outer loop
      vertex 221.7605183571577 1.6889465302228928 14
      vertex 221.875 1.752404734492302 13
      vertex 221.875 1.752404734492302 14
    endloop
  endfacet
  facet normal 0.4848095817727449 0.8746197284656549 0
    outer loop
      vertex 221.7605183571577 168.3110534697771 13
      vertex 221.7605183571577 168.3110534697771 14
      vertex 221.875 168.2475952655077 14
    endloop
  endfacet
  facet normal 0.4848095817727449 0.8746197284656549 0
    outer loop
      vertex 221.7605183571577 168.3110534697771 13
      vertex 221.875 168.2475952655077 14
      vertex 221.875 168.2475952655077 13
    endloop
  endfacet
  facet normal 0.5150380606659539 -0.857167309260831 0
    outer loop
      vertex 221.875 1.752404734492302 13
      vertex 221.9871972426772 1.819819636642933 13
      vertex 221.875 1.752404734492302 14
    endloop
  endfacet
  facet normal 0.5150380606659539 -0.857167309260831 0
    outer loop
      vertex 221.875 1.752404734492302 14
      vertex 221.9871972426772 1.819819636642933 13
      vertex 221.9871972426772 1.819819636642933 14
    endloop
  endfacet
  facet normal 0.5150380606659539 0.857167309260831 0
    outer loop
      vertex 221.875 168.2475952655077 13
      vertex 221.875 168.2475952655077 14
      vertex 221.9871972426772 168.18018036335707 14
    endloop
  endfacet
  facet normal 0.5150380606659539 0.857167309260831 0
    outer loop
      vertex 221.875 168.2475952655077 13
      vertex 221.9871972426772 168.18018036335707 14
      vertex 221.9871972426772 168.18018036335707 13
    endloop
  endfacet
  facet normal 0.5446390436448686 -0.8386705623411393 0
    outer loop
      vertex 221.9871972426772 1.819819636642933 13
      vertex 222.09697338938713 1.8911091014742851 13
      vertex 221.9871972426772 1.819819636642933 14
    endloop
  endfacet
  facet normal 0.5446390436448686 -0.8386705623411393 0
    outer loop
      vertex 221.9871972426772 1.819819636642933 14
      vertex 222.09697338938713 1.8911091014742851 13
      vertex 222.09697338938713 1.8911091014742851 14
    endloop
  endfacet
  facet normal 0.5446390436448686 0.8386705623411393 0
    outer loop
      vertex 221.9871972426772 168.18018036335707 13
      vertex 221.9871972426772 168.18018036335707 14
      vertex 222.09697338938713 168.10889089852571 14
    endloop
  endfacet
  facet normal 0.5446390436448686 0.8386705623411393 0
    outer loop
      vertex 221.9871972426772 168.18018036335707 13
      vertex 222.09697338938713 168.10889089852571 14
      vertex 222.09697338938713 168.10889089852571 13
    endloop
  endfacet
  facet normal 0.5735764484825874 -0.819152035794395 0
    outer loop
      vertex 222.09697338938713 1.8911091014742851 13
      vertex 222.20419469475746 1.9661862701177597 13
      vertex 222.09697338938713 1.8911091014742851 14
    endloop
  endfacet
  facet normal 0.5735764484825874 -0.819152035794395 0
    outer loop
      vertex 222.09697338938713 1.8911091014742851 14
      vertex 222.20419469475746 1.9661862701177597 13
      vertex 222.20419469475746 1.9661862701177597 14
    endloop
  endfacet
  facet normal 0.5735764484825874 0.819152035794395 0
    outer loop
      vertex 222.09697338938713 168.10889089852571 13
      vertex 222.09697338938713 168.10889089852571 14
      vertex 222.20419469475746 168.03381372988224 14
    endloop
  endfacet
  facet normal 0.5735764484825874 0.819152035794395 0
    outer loop
      vertex 222.09697338938713 168.10889089852571 13
      vertex 222.20419469475746 168.03381372988224 14
      vertex 222.20419469475746 168.03381372988224 13
    endloop
  endfacet
  facet normal 0.601815002317403 -0.7986355257473237 0
    outer loop
      vertex 222.20419469475746 1.9661862701177597 13
      vertex 222.30873053520918 2.044959671795368 13
      vertex 222.20419469475746 1.9661862701177597 14
    endloop
  endfacet
  facet normal 0.601815002317403 -0.7986355257473237 0
    outer loop
      vertex 222.20419469475746 1.9661862701177597 14
      vertex 222.30873053520918 2.044959671795368 13
      vertex 222.30873053520918 2.044959671795368 14
    endloop
  endfacet
  facet normal 0.601815002317403 0.7986355257473237 0
    outer loop
      vertex 222.20419469475746 168.03381372988224 13
      vertex 222.20419469475746 168.03381372988224 14
      vertex 222.30873053520918 167.95504032820463 14
    endloop
  endfacet
  facet normal 0.601815002317403 0.7986355257473237 0
    outer loop
      vertex 222.20419469475746 168.03381372988224 13
      vertex 222.30873053520918 167.95504032820463 14
      vertex 222.30873053520918 167.95504032820463 13
    endloop
  endfacet
  facet normal 0.6293204014067693 -0.7771459530700927 0
    outer loop
      vertex 222.30873053520918 2.044959671795368 13
      vertex 222.4104535356164 2.1273333355784416 13
      vertex 222.30873053520918 2.044959671795368 14
    endloop
  endfacet
  facet normal 0.6293204014067693 -0.7771459530700927 0
    outer loop
      vertex 222.30873053520918 2.044959671795368 14
      vertex 222.4104535356164 2.1273333355784416 13
      vertex 222.4104535356164 2.1273333355784416 14
    endloop
  endfacet
  facet normal 0.6293204014067693 0.7771459530700927 0
    outer loop
      vertex 222.30873053520918 167.95504032820463 13
      vertex 222.30873053520918 167.95504032820463 14
      vertex 222.4104535356164 167.87266666442156 14
    endloop
  endfacet
  facet normal 0.6293204014067693 0.7771459530700927 0
    outer loop
      vertex 222.30873053520918 167.95504032820463 13
      vertex 222.4104535356164 167.87266666442156 14
      vertex 222.4104535356164 167.87266666442156 13
    endloop
  endfacet
  facet normal 0.656059040866215 -0.7547095698993764 0
    outer loop
      vertex 222.4104535356164 2.1273333355784416 13
      vertex 222.50923977047205 2.2132069021463394 13
      vertex 222.4104535356164 2.1273333355784416 14
    endloop
  endfacet
  facet normal 0.656059040866215 -0.7547095698993764 0
    outer loop
      vertex 222.4104535356164 2.1273333355784416 14
      vertex 222.50923977047205 2.2132069021463394 13
      vertex 222.50923977047205 2.2132069021463394 14
    endloop
  endfacet
  facet normal 0.656059040866215 0.7547095698993764 0
    outer loop
      vertex 222.4104535356164 167.87266666442156 13
      vertex 222.4104535356164 167.87266666442156 14
      vertex 222.50923977047205 167.78679309785366 14
    endloop
  endfacet
  facet normal 0.656059040866215 0.7547095698993764 0
    outer loop
      vertex 222.4104535356164 167.87266666442156 13
      vertex 222.50923977047205 167.78679309785366 14
      vertex 222.50923977047205 167.78679309785366 13
    endloop
  endfacet
  facet normal 0.6819983586187971 -0.7313537029654439 0
    outer loop
      vertex 222.50923977047205 2.2132069021463394 13
      vertex 222.60496889054775 2.3024757504463196 13
      vertex 222.50923977047205 2.2132069021463394 14
    endloop
  endfacet
  facet normal 0.6819983586187971 -0.7313537029654439 0
    outer loop
      vertex 222.50923977047205 2.2132069021463394 14
      vertex 222.60496889054775 2.3024757504463196 13
      vertex 222.60496889054775 2.3024757504463196 14
    endloop
  endfacet
  facet normal 0.6819983586187971 0.7313537029654439 0
    outer loop
      vertex 222.50923977047205 167.78679309785366 13
      vertex 222.50923977047205 167.78679309785366 14
      vertex 222.60496889054775 167.69752424955368 14
    endloop
  endfacet
  facet normal 0.6819983586187971 0.7313537029654439 0
    outer loop
      vertex 222.50923977047205 167.78679309785366 13
      vertex 222.60496889054775 167.69752424955368 14
      vertex 222.60496889054775 167.69752424955368 13
    endloop
  endfacet
  facet normal 0.7071067811865476 -0.7071067811865476 0
    outer loop
      vertex 222.60496889054775 2.3024757504463196 13
      vertex 222.69752424955368 2.3950311094522476 13
      vertex 222.60496889054775 2.3024757504463196 14
    endloop
  endfacet
  facet normal 0.7071067811865476 -0.7071067811865476 0
    outer loop
      vertex 222.60496889054775 2.3024757504463196 14
      vertex 222.69752424955368 2.3950311094522476 13
      vertex 222.69752424955368 2.3950311094522476 14
    endloop
  endfacet
  facet normal 0.7071067811865476 0.7071067811865476 0
    outer loop
      vertex 222.60496889054775 167.69752424955368 13
      vertex 222.60496889054775 167.69752424955368 14
      vertex 222.69752424955368 167.60496889054775 14
    endloop
  endfacet
  facet normal 0.7071067811865476 0.7071067811865476 0
    outer loop
      vertex 222.60496889054775 167.69752424955368 13
      vertex 222.69752424955368 167.60496889054775 14
      vertex 222.69752424955368 167.60496889054775 13
    endloop
  endfacet
  facet normal 0.7313537029654439 -0.6819983586187971 0
    outer loop
      vertex 222.69752424955368 2.3950311094522476 13
      vertex 222.78679309785366 2.4907602295279503 13
      vertex 222.69752424955368 2.3950311094522476 14
    endloop
  endfacet
  facet normal 0.7313537029654439 -0.6819983586187971 0
    outer loop
      vertex 222.69752424955368 2.3950311094522476 14
      vertex 222.78679309785366 2.4907602295279503 13
      vertex 222.78679309785366 2.4907602295279503 14
    endloop
  endfacet
  facet normal 0.7313537029654439 0.6819983586187971 0
    outer loop
      vertex 222.69752424955368 167.60496889054775 13
      vertex 222.69752424955368 167.60496889054775 14
      vertex 222.78679309785366 167.50923977047205 14
    endloop
  endfacet
  facet normal 0.7313537029654439 0.6819983586187971 0
    outer loop
      vertex 222.69752424955368 167.60496889054775 13
      vertex 222.78679309785366 167.50923977047205 14
      vertex 222.78679309785366 167.50923977047205 13
    endloop
  endfacet
  facet normal 0.7547095698993764 -0.656059040866215 0
    outer loop
      vertex 222.78679309785366 2.4907602295279503 13
      vertex 222.87266666442156 2.589546464383602 13
      vertex 222.78679309785366 2.4907602295279503 14
    endloop
  endfacet
  facet normal 0.7547095698993764 -0.656059040866215 0
    outer loop
      vertex 222.78679309785366 2.4907602295279503 14
      vertex 222.87266666442156 2.589546464383602 13
      vertex 222.87266666442156 2.589546464383602 14
    endloop
  endfacet
  facet normal 0.7547095698993764 0.656059040866215 0
    outer loop
      vertex 222.78679309785366 167.50923977047205 13
      vertex 222.78679309785366 167.50923977047205 14
      vertex 222.87266666442156 167.4104535356164 14
    endloop
  endfacet
  facet normal 0.7547095698993764 0.656059040866215 0
    outer loop
      vertex 222.78679309785366 167.50923977047205 13
      vertex 222.87266666442156 167.4104535356164 14
      vertex 222.87266666442156 167.4104535356164 13
    endloop
  endfacet
  facet normal 0.7771459530700927 -0.6293204014067693 0
    outer loop
      vertex 222.87266666442156 2.589546464383602 13
      vertex 222.95504032820463 2.691269464790821 13
      vertex 222.87266666442156 2.589546464383602 14
    endloop
  endfacet
  facet normal 0.7771459530700927 -0.6293204014067693 0
    outer loop
      vertex 222.87266666442156 2.589546464383602 14
      vertex 222.95504032820463 2.691269464790821 13
      vertex 222.95504032820463 2.691269464790821 14
    endloop
  endfacet
  facet normal 0.7771459530700927 0.6293204014067693 0
    outer loop
      vertex 222.87266666442156 167.4104535356164 13
      vertex 222.87266666442156 167.4104535356164 14
      vertex 222.95504032820463 167.30873053520918 14
    endloop
  endfacet
  facet normal 0.7771459530700927 0.6293204014067693 0
    outer loop
      vertex 222.87266666442156 167.4104535356164 13
      vertex 222.95504032820463 167.30873053520918 14
      vertex 222.95504032820463 167.30873053520918 13
    endloop
  endfacet
  facet normal 0.7986355257473237 -0.601815002317403 0
    outer loop
      vertex 222.95504032820463 2.691269464790821 13
      vertex 223.03381372988224 2.7958053052425385 13
      vertex 222.95504032820463 2.691269464790821 14
    endloop
  endfacet
  facet normal 0.7986355257473237 -0.601815002317403 0
    outer loop
      vertex 222.95504032820463 2.691269464790821 14
      vertex 223.03381372988224 2.7958053052425385 13
      vertex 223.03381372988224 2.7958053052425385 14
    endloop
  endfacet
  facet normal 0.7986355257473237 0.601815002317403 0
    outer loop
      vertex 222.95504032820463 167.30873053520918 13
      vertex 222.95504032820463 167.30873053520918 14
      vertex 223.03381372988224 167.20419469475746 14
    endloop
  endfacet
  facet normal 0.7986355257473237 0.601815002317403 0
    outer loop
      vertex 222.95504032820463 167.30873053520918 13
      vertex 223.03381372988224 167.20419469475746 14
      vertex 223.03381372988224 167.20419469475746 13
    endloop
  endfacet
  facet normal 0.819152035794395 -0.5735764484825874 0
    outer loop
      vertex 223.03381372988224 2.7958053052425385 13
      vertex 223.10889089852571 2.9030266106128693 13
      vertex 223.03381372988224 2.7958053052425385 14
    endloop
  endfacet
  facet normal 0.819152035794395 -0.5735764484825874 0
    outer loop
      vertex 223.03381372988224 2.7958053052425385 14
      vertex 223.10889089852571 2.9030266106128693 13
      vertex 223.10889089852571 2.9030266106128693 14
    endloop
  endfacet
  facet normal 0.819152035794395 0.5735764484825874 0
    outer loop
      vertex 223.03381372988224 167.20419469475746 13
      vertex 223.03381372988224 167.20419469475746 14
      vertex 223.10889089852571 167.09697338938713 14
    endloop
  endfacet
  facet normal 0.819152035794395 0.5735764484825874 0
    outer loop
      vertex 223.03381372988224 167.20419469475746 13
      vertex 223.10889089852571 167.09697338938713 14
      vertex 223.10889089852571 167.09697338938713 13
    endloop
  endfacet
  facet normal 0.8386705623411393 -0.5446390436448686 0
    outer loop
      vertex 223.10889089852571 2.9030266106128693 13
      vertex 223.18018036335707 3.0128027573227882 13
      vertex 223.10889089852571 2.9030266106128693 14
    endloop
  endfacet
  facet normal 0.8386705623411393 -0.5446390436448686 0
    outer loop
      vertex 223.10889089852571 2.9030266106128693 14
      vertex 223.18018036335707 3.0128027573227882 13
      vertex 223.18018036335707 3.0128027573227882 14
    endloop
  endfacet
  facet normal 0.8386705623411393 0.5446390436448686 0
    outer loop
      vertex 223.10889089852571 167.09697338938713 13
      vertex 223.10889089852571 167.09697338938713 14
      vertex 223.18018036335707 166.9871972426772 14
    endloop
  endfacet
  facet normal 0.8386705623411393 0.5446390436448686 0
    outer loop
      vertex 223.10889089852571 167.09697338938713 13
      vertex 223.18018036335707 166.9871972426772 14
      vertex 223.18018036335707 166.9871972426772 13
    endloop
  endfacet
  facet normal 0.857167309260831 -0.5150380606659539 0
    outer loop
      vertex 223.18018036335707 3.0128027573227882 13
      vertex 223.2475952655077 3.125 13
      vertex 223.18018036335707 3.0128027573227882 14
    endloop
  endfacet
  facet normal 0.857167309260831 -0.5150380606659539 0
    outer loop
      vertex 223.18018036335707 3.0128027573227882 14
      vertex 223.2475952655077 3.125 13
      vertex 223.2475952655077 3.125 14
    endloop
  endfacet
  facet normal 0.857167309260831 0.5150380606659539 0
    outer loop
      vertex 223.18018036335707 166.9871972426772 13
      vertex 223.18018036335707 166.9871972426772 14
      vertex 223.2475952655077 166.875 14
    endloop
  endfacet
  facet normal 0.857167309260831 0.5150380606659539 0
    outer loop
      vertex 223.18018036335707 166.9871972426772 13
      vertex 223.2475952655077 166.875 14
      vertex 223.2475952655077 166.875 13
    endloop
  endfacet
  facet normal 0.8746197284656549 -0.4848095817727449 0
    outer loop
      vertex 223.2475952655077 3.125 13
      vertex 223.3110534697771 3.239481642842293 13
      vertex 223.2475952655077 3.125 14
    endloop
  endfacet
  facet normal 0.8746197284656549 -0.4848095817727449 0
    outer loop
      vertex 223.2475952655077 3.125 14
      vertex 223.3110534697771 3.239481642842293 13
      vertex 223.3110534697771 3.239481642842293 14
    endloop
  endfacet
  facet normal 0.8746197284656549 0.4848095817727449 0
    outer loop
      vertex 223.2475952655077 166.875 13
      vertex 223.2475952655077 166.875 14
      vertex 223.3110534697771 166.7605183571577 14
    endloop
  endfacet
  facet normal 0.8746197284656549 0.4848095817727449 0
    outer loop
      vertex 223.2475952655077 166.875 13
      vertex 223.3110534697771 166.7605183571577 14
      vertex 223.3110534697771 166.7605183571577 13
    endloop
  endfacet
  facet normal 0.8910064943563568 -0.4539905582881603 0
    outer loop
      vertex 223.3110534697771 3.239481642842293 13
      vertex 223.3704776763916 3.356108196079731 13
      vertex 223.3110534697771 3.239481642842293 14
    endloop
  endfacet
  facet normal 0.8910064943563568 -0.4539905582881603 0
    outer loop
      vertex 223.3110534697771 3.239481642842293 14
      vertex 223.3704776763916 3.356108196079731 13
      vertex 223.3704776763916 3.356108196079731 14
    endloop
  endfacet
  facet normal 0.8910064943563568 0.4539905582881603 0
    outer loop
      vertex 223.3110534697771 166.7605183571577 13
      vertex 223.3110534697771 166.7605183571577 14
      vertex 223.3704776763916 166.64389180392027 14
    endloop
  endfacet
  facet normal 0.8910064943563568 0.4539905582881603 0
    outer loop
      vertex 223.3110534697771 166.7605183571577 13
      vertex 223.3704776763916 166.64389180392027 14
      vertex 223.3704776763916 166.64389180392027 13
    endloop
  endfacet
  facet normal 0.9063078060661494 -0.4226182209318042 0
    outer loop
      vertex 223.3704776763916 3.356108196079731 13
      vertex 223.42579546570778 3.4747375920414925 13
      vertex 223.3704776763916 3.356108196079731 14
    endloop
  endfacet
  facet normal 0.9063078060661494 -0.4226182209318042 0
    outer loop
      vertex 223.3704776763916 3.356108196079731 14
      vertex 223.42579546570778 3.4747375920414925 13
      vertex 223.42579546570778 3.4747375920414925 14
    endloop
  endfacet
  facet normal 0.9063078060661494 0.4226182209318042 0
    outer loop
      vertex 223.3704776763916 166.64389180392027 13
      vertex 223.3704776763916 166.64389180392027 14
      vertex 223.42579546570778 166.5252624079585 14
    endloop
  endfacet
  facet normal 0.9063078060661494 0.4226182209318042 0
    outer loop
      vertex 223.3704776763916 166.64389180392027 13
      vertex 223.42579546570778 166.5252624079585 14
      vertex 223.42579546570778 166.5252624079585 13
    endloop
  endfacet
  facet normal 0.9205048477557426 -0.39073114190985214 0
    outer loop
      vertex 223.42579546570778 3.4747375920414925 13
      vertex 223.47693945467472 3.5952252745628357 13
      vertex 223.42579546570778 3.4747375920414925 14
    endloop
  endfacet
  facet normal 0.9205048477557426 -0.39073114190985214 0
    outer loop
      vertex 223.42579546570778 3.4747375920414925 14
      vertex 223.47693945467472 3.5952252745628357 13
      vertex 223.47693945467472 3.5952252745628357 14
    endloop
  endfacet
  facet normal 0.9205048477557426 0.39073114190985214 0
    outer loop
      vertex 223.42579546570778 166.5252624079585 13
      vertex 223.42579546570778 166.5252624079585 14
      vertex 223.47693945467472 166.40477472543716 14
    endloop
  endfacet
  facet normal 0.9205048477557426 0.39073114190985214 0
    outer loop
      vertex 223.42579546570778 166.5252624079585 13
      vertex 223.47693945467472 166.40477472543716 14
      vertex 223.47693945467472 166.40477472543716 13
    endloop
  endfacet
  facet normal 0.9335804273776794 -0.3583679472515775 0
    outer loop
      vertex 223.47693945467472 3.5952252745628357 13
      vertex 223.52384732663631 3.7174244597554207 13
      vertex 223.47693945467472 3.5952252745628357 14
    endloop
  endfacet
  facet normal 0.9335804273776794 -0.3583679472515775 0
    outer loop
      vertex 223.47693945467472 3.5952252745628357 14
      vertex 223.52384732663631 3.7174244597554207 13
      vertex 223.52384732663631 3.7174244597554207 14
    endloop
  endfacet
  facet normal 0.9335804273776794 0.3583679472515775 0
    outer loop
      vertex 223.47693945467472 166.40477472543716 13
      vertex 223.47693945467472 166.40477472543716 14
      vertex 223.52384732663631 166.28257554024458 14
    endloop
  endfacet
  facet normal 0.9335804273776794 0.3583679472515775 0
    outer loop
      vertex 223.47693945467472 166.40477472543716 13
      vertex 223.52384732663631 166.28257554024458 14
      vertex 223.52384732663631 166.28257554024458 13
    endloop
  endfacet
  facet normal 0.9455185750711211 -0.32556815599114824 0
    outer loop
      vertex 223.52384732663631 3.7174244597554207 13
      vertex 223.56646193563938 3.8411862701177597 13
      vertex 223.52384732663631 3.7174244597554207 14
    endloop
  endfacet
  facet normal 0.9455185750711211 -0.32556815599114824 0
    outer loop
      vertex 223.52384732663631 3.7174244597554207 14
      vertex 223.56646193563938 3.8411862701177597 13
      vertex 223.56646193563938 3.8411862701177597 14
    endloop
  endfacet
  facet normal 0.9455185750711211 0.32556815599114824 0
    outer loop
      vertex 223.52384732663631 166.28257554024458 13
      vertex 223.52384732663631 166.28257554024458 14
      vertex 223.56646193563938 166.15881372988224 14
    endloop
  endfacet
  facet normal 0.9455185750711211 0.32556815599114824 0
    outer loop
      vertex 223.52384732663631 166.28257554024458 13
      vertex 223.56646193563938 166.15881372988224 14
      vertex 223.56646193563938 166.15881372988224 13
    endloop
  endfacet
  facet normal 0.9563047565983795 -0.2923717026446201 0
    outer loop
      vertex 223.56646193563938 3.8411862701177597 13
      vertex 223.60473135858774 3.9663599133491516 13
      vertex 223.56646193563938 3.8411862701177597 14
    endloop
  endfacet
  facet normal 0.9563047565983795 -0.2923717026446201 0
    outer loop
      vertex 223.56646193563938 3.8411862701177597 14
      vertex 223.60473135858774 3.9663599133491516 13
      vertex 223.60473135858774 3.9663599133491516 14
    endloop
  endfacet
  facet normal 0.9563047565983795 0.2923717026446201 0
    outer loop
      vertex 223.56646193563938 166.15881372988224 13
      vertex 223.56646193563938 166.15881372988224 14
      vertex 223.60473135858774 166.03364008665085 14
    endloop
  endfacet
  facet normal 0.9563047565983795 0.2923717026446201 0
    outer loop
      vertex 223.56646193563938 166.15881372988224 13
      vertex 223.60473135858774 166.03364008665085 14
      vertex 223.60473135858774 166.03364008665085 13
    endloop
  endfacet
  facet normal 0.9659258179582615 -0.25881907619351313 0
    outer loop
      vertex 223.60473135858774 3.9663599133491516 13
      vertex 223.6386089771986 4.092792890965939 13
      vertex 223.60473135858774 3.9663599133491516 14
    endloop
  endfacet
  facet normal 0.9659258179582615 -0.25881907619351313 0
    outer loop
      vertex 223.60473135858774 3.9663599133491516 14
      vertex 223.6386089771986 4.092792890965939 13
      vertex 223.6386089771986 4.092792890965939 14
    endloop
  endfacet
  facet normal 0.9659258179582615 0.25881907619351313 0
    outer loop
      vertex 223.60473135858774 166.03364008665085 13
      vertex 223.60473135858774 166.03364008665085 14
      vertex 223.6386089771986 165.90720710903406 14
    endloop
  endfacet
  facet normal 0.9659258179582615 0.25881907619351313 0
    outer loop
      vertex 223.60473135858774 166.03364008665085 13
      vertex 223.6386089771986 165.90720710903406 14
      vertex 223.6386089771986 165.90720710903406 13
    endloop
  endfacet
  facet normal 0.9743700762168065 -0.2249510048282839 0
    outer loop
      vertex 223.6386089771986 4.092792890965939 13
      vertex 223.6680535003543 4.220331162214279 13
      vertex 223.6386089771986 4.092792890965939 14
    endloop
  endfacet
  facet normal 0.9743700762168065 -0.2249510048282839 0
    outer loop
      vertex 223.6386089771986 4.092792890965939 14
      vertex 223.6680535003543 4.220331162214279 13
      vertex 223.6680535003543 4.220331162214279 14
    endloop
  endfacet
  facet normal 0.9743700762168065 0.2249510048282839 0
    outer loop
      vertex 223.6386089771986 165.90720710903406 13
      vertex 223.6386089771986 165.90720710903406 14
      vertex 223.6680535003543 165.77966883778572 14
    endloop
  endfacet
  facet normal 0.9743700762168065 0.2249510048282839 0
    outer loop
      vertex 223.6386089771986 165.90720710903406 13
      vertex 223.6680535003543 165.77966883778572 14
      vertex 223.6680535003543 165.77966883778572 13
    endloop
  endfacet
  facet normal 0.9816271753385194 -0.19080903709447267 0
    outer loop
      vertex 223.6680535003543 4.220331162214279 13
      vertex 223.69302907586098 4.348819330334663 13
      vertex 223.6680535003543 4.220331162214279 14
    endloop
  endfacet
  facet normal 0.9816271753385194 -0.19080903709447267 0
    outer loop
      vertex 223.6680535003543 4.220331162214279 14
      vertex 223.69302907586098 4.348819330334663 13
      vertex 223.69302907586098 4.348819330334663 14
    endloop
  endfacet
  facet normal 0.9816271753385194 0.19080903709447267 0
    outer loop
      vertex 223.6680535003543 165.77966883778572 13
      vertex 223.6680535003543 165.77966883778572 14
      vertex 223.69302907586098 165.65118066966534 14
    endloop
  endfacet
  facet normal 0.9816271753385194 0.19080903709447267 0
    outer loop
      vertex 223.6680535003543 165.77966883778572 13
      vertex 223.69302907586098 165.65118066966534 14
      vertex 223.69302907586098 165.65118066966534 13
    endloop
  endfacet
  facet normal 0.9876883406870989 -0.1564344644596109 0
    outer loop
      vertex 223.69302907586098 4.348819330334663 13
      vertex 223.71350526064634 4.478100873529911 13
      vertex 223.69302907586098 4.348819330334663 14
    endloop
  endfacet
  facet normal 0.9876883406870989 -0.1564344644596109 0
    outer loop
      vertex 223.69302907586098 4.348819330334663 14
      vertex 223.71350526064634 4.478100873529911 13
      vertex 223.71350526064634 4.478100873529911 14
    endloop
  endfacet
  facet normal 0.9876883406870989 0.1564344644596109 0
    outer loop
      vertex 223.69302907586098 165.65118066966534 13
      vertex 223.69302907586098 165.65118066966534 14
      vertex 223.71350526064634 165.5218991264701 14
    endloop
  endfacet
  facet normal 0.9876883406870989 0.1564344644596109 0
    outer loop
      vertex 223.69302907586098 165.65118066966534 13
      vertex 223.71350526064634 165.5218991264701 14
      vertex 223.71350526064634 165.5218991264701 13
    endloop
  endfacet
  facet normal 0.9925461518665634 -0.12186934157070485 0
    outer loop
      vertex 223.71350526064634 4.478100873529911 13
      vertex 223.72945711016655 4.608018264174461 13
      vertex 223.71350526064634 4.478100873529911 14
    endloop
  endfacet
  facet normal 0.9925461518665634 -0.12186934157070485 0
    outer loop
      vertex 223.71350526064634 4.478100873529911 14
      vertex 223.72945711016655 4.608018264174461 13
      vertex 223.72945711016655 4.608018264174461 14
    endloop
  endfacet
  facet normal 0.9925461518665634 0.12186934157070485 0
    outer loop
      vertex 223.71350526064634 165.5218991264701 13
      vertex 223.71350526064634 165.5218991264701 14
      vertex 223.72945711016655 165.39198173582554 14
    endloop
  endfacet
  facet normal 0.9925461518665634 0.12186934157070485 0
    outer loop
      vertex 223.71350526064634 165.5218991264701 13
      vertex 223.72945711016655 165.39198173582554 14
      vertex 223.72945711016655 165.39198173582554 13
    endloop
  endfacet
  facet normal 0.9961947013500696 -0.08715570550483667 0
    outer loop
      vertex 223.72945711016655 4.608018264174461 13
      vertex 223.74086518585682 4.738413222134113 13
      vertex 223.72945711016655 4.608018264174461 14
    endloop
  endfacet
  facet normal 0.9961947013500696 -0.08715570550483667 0
    outer loop
      vertex 223.72945711016655 4.608018264174461 14
      vertex 223.74086518585682 4.738413222134113 13
      vertex 223.74086518585682 4.738413222134113 14
    endloop
  endfacet
  facet normal 0.9961947013500696 0.08715570550483667 0
    outer loop
      vertex 223.72945711016655 165.39198173582554 13
      vertex 223.72945711016655 165.39198173582554 14
      vertex 223.74086518585682 165.2615867778659 14
    endloop
  endfacet
  facet normal 0.9961947013500696 0.08715570550483667 0
    outer loop
      vertex 223.72945711016655 165.39198173582554 13
      vertex 223.74086518585682 165.2615867778659 14
      vertex 223.74086518585682 165.2615867778659 13
    endloop
  endfacet
  facet normal 0.9986295343049105 -0.05233596482303056 0
    outer loop
      vertex 223.74086518585682 4.738413222134113 13
      vertex 223.74771559983492 4.869126886129379 13
      vertex 223.74086518585682 4.738413222134113 14
    endloop
  endfacet
  facet normal 0.9986295343049105 -0.05233596482303056 0
    outer loop
      vertex 223.74086518585682 4.738413222134113 14
      vertex 223.74771559983492 4.869126886129379 13
      vertex 223.74771559983492 4.869126886129379 14
    endloop
  endfacet
  facet normal 0.9986295343049105 0.05233596482303056 0
    outer loop
      vertex 223.74086518585682 165.2615867778659 13
      vertex 223.74086518585682 165.2615867778659 14
      vertex 223.74771559983492 165.13087311387062 14
    endloop
  endfacet
  facet normal 0.9986295343049105 0.05233596482303056 0
    outer loop
      vertex 223.74086518585682 165.2615867778659 13
      vertex 223.74771559983492 165.13087311387062 14
      vertex 223.74771559983492 165.13087311387062 13
    endloop
  endfacet
  facet normal 0.9998476949610727 -0.017452417627068437 0
    outer loop
      vertex 223.74771559983492 4.869126886129379 13
      vertex 223.75 5 13
      vertex 223.74771559983492 4.869126886129379 14
    endloop
  endfacet
  facet normal 0.9998476949610727 -0.017452417627068437 0
    outer loop
      vertex 223.74771559983492 4.869126886129379 14
      vertex 223.75 5 13
      vertex 223.75 5 14
    endloop
  endfacet
  facet normal 0.9998476949610727 0.017452417627068437 0
    outer loop
      vertex 223.74771559983492 165.13087311387062 13
      vertex 223.74771559983492 165.13087311387062 14
      vertex 223.75 165 14
    endloop
  endfacet
  facet normal 0.9998476949610727 0.017452417627068437 0
    outer loop
      vertex 223.74771559983492 165.13087311387062 13
      vertex 223.75 165 14
      vertex 223.75 165 13
    endloop
  endfacet
  facet normal 1 0 0
    outer loop
      vertex 223.75 5 13
      vertex 223.75 165 13
      vertex 223.75 5 14
    endloop
  endfacet
  facet normal 1 0 0
    outer loop
      vertex 223.75 5 14
      vertex 223.75 165 13
      vertex 223.75 165 14
    endloop
  endfacet
endsolid OpenSCAD_Model
